transaction_id,timestamp,date,day_of_week,hour,is_weekend,lane_type,lane_number,cashier_id,payment_method,n_items,n_fresh_items,has_fresh_products,basket_value_tnd,queue_wait_time_sec,scan_time_sec,weighing_time_sec,payment_time_sec,bagging_time_sec,other_delay_sec,delay_reason,total_transaction_time_sec,customer_satisfaction
TXN-CRT-001-000001,2026-07-01 08:18:07,2026-07-01,Wednesday,8,False,Traditional,3,CASH-104,Cash,12,3,True,47.99,24.9,56.9,42.9,45.1,16.9,0.0,,161.7,4
TXN-CRT-001-000002,2026-07-01 08:52:48,2026-07-01,Wednesday,8,False,Express (<10 items),12,CASH-141,Cash,11,4,True,59.83,76.3,49.5,17.8,57.1,31.2,0.0,,155.6,3
TXN-CRT-001-000003,2026-07-01 09:08:22,2026-07-01,Wednesday,9,False,Traditional,8,CASH-111,Flous (Mobile),7,2,True,50.26,150.0,40.9,23.4,29.2,29.6,0.0,,123.2,3
TXN-CRT-001-000004,2026-07-01 09:12:46,2026-07-01,Wednesday,9,False,Traditional,6,CASH-131,Cash,19,2,True,121.11,45.2,109.3,38.5,44.2,37.1,0.0,,229.1,4
TXN-CRT-001-000005,2026-07-01 09:19:24,2026-07-01,Wednesday,9,False,Traditional,5,CASH-115,Flous (Mobile),15,2,True,50.46,20.9,38.7,26.2,22.7,25.1,0.0,,112.6,4
TXN-CRT-001-000006,2026-07-01 09:30:39,2026-07-01,Wednesday,9,False,Traditional,8,CASH-108,Cash,35,7,True,270.16,85.5,190.1,15.5,57.1,16.7,0.0,,279.4,4
TXN-CRT-001-000007,2026-07-01 10:00:48,2026-07-01,Wednesday,10,False,Traditional,2,CASH-106,Card (International),2,0,False,14.36,35.9,12.0,0.0,42.3,15.1,0.0,,69.4,4
TXN-CRT-001-000008,2026-07-01 10:01:35,2026-07-01,Wednesday,10,False,Self-Service,11,,Flous (Mobile),20,5,True,60.38,24.6,204.5,80.2,26.3,45.1,0.0,,356.2,4
TXN-CRT-001-000009,2026-07-01 10:48:00,2026-07-01,Wednesday,10,False,Traditional,3,CASH-129,Cash,26,6,True,250.45,12.4,146.0,27.7,70.7,16.7,40.1,Price check required,301.2,2
TXN-CRT-001-000010,2026-07-01 10:49:14,2026-07-01,Wednesday,10,False,Traditional,7,CASH-126,Cash,26,5,True,155.98,74.5,134.2,26.3,40.4,22.7,0.0,,223.5,3
TXN-CRT-001-000011,2026-07-01 10:54:28,2026-07-01,Wednesday,10,False,Traditional,2,CASH-123,Cash,37,5,True,300.38,111.9,131.9,32.7,29.5,26.3,0.0,,220.5,3
TXN-CRT-001-000012,2026-07-01 10:57:09,2026-07-01,Wednesday,10,False,Express (<10 items),12,CASH-142,Card (Local),24,4,True,206.18,16.5,88.5,24.0,23.1,18.2,0.0,,153.8,4
TXN-CRT-001-000013,2026-07-01 11:02:18,2026-07-01,Wednesday,11,False,Traditional,4,CASH-132,Card (Local),42,17,True,358.51,39.1,232.2,23.5,18.3,37.4,0.0,,311.4,3
TXN-CRT-001-000014,2026-07-01 11:03:08,2026-07-01,Wednesday,11,False,Traditional,4,CASH-112,Card (Local),11,3,True,59.92,42.0,36.7,36.7,31.3,27.0,0.0,,131.7,4
TXN-CRT-001-000015,2026-07-01 11:06:18,2026-07-01,Wednesday,11,False,Traditional,3,CASH-112,Cash,15,6,True,119.29,26.1,64.3,17.5,70.8,32.0,0.0,,184.6,4
TXN-CRT-001-000016,2026-07-01 11:09:05,2026-07-01,Wednesday,11,False,Traditional,5,CASH-118,Cash,1,1,True,4.14,131.7,4.5,24.3,68.4,27.4,0.0,,124.6,3
TXN-CRT-001-000017,2026-07-01 11:13:49,2026-07-01,Wednesday,11,False,Traditional,3,CASH-107,Cash,1,0,False,2.55,11.8,3.5,0.0,73.5,38.0,131.1,Price check required,246.1,3
TXN-CRT-001-000018,2026-07-01 11:17:44,2026-07-01,Wednesday,11,False,Traditional,7,CASH-111,Cash,8,3,True,53.6,69.3,25.7,30.4,34.8,37.5,0.0,,128.4,4
TXN-CRT-001-000019,2026-07-01 11:22:04,2026-07-01,Wednesday,11,False,Traditional,1,CASH-133,Card (Local),5,0,False,15.52,79.2,31.8,0.0,27.1,17.0,0.0,,75.9,4
TXN-CRT-001-000020,2026-07-01 11:22:32,2026-07-01,Wednesday,11,False,Traditional,6,CASH-125,Flous (Mobile),9,3,True,38.67,26.0,50.5,30.8,30.8,30.9,0.0,,143.0,4
TXN-CRT-001-000021,2026-07-01 11:22:33,2026-07-01,Wednesday,11,False,Traditional,1,CASH-122,Card (Local),7,1,True,38.92,20.6,34.6,33.1,23.8,30.6,0.0,,122.1,4
TXN-CRT-001-000022,2026-07-01 11:23:33,2026-07-01,Wednesday,11,False,Traditional,1,CASH-102,Cash,2,1,True,5.64,30.0,13.1,30.7,60.3,31.9,0.0,,136.0,4
TXN-CRT-001-000023,2026-07-01 11:23:53,2026-07-01,Wednesday,11,False,Traditional,2,CASH-116,Check,40,6,True,206.38,7.7,283.3,44.1,67.7,24.4,0.0,,419.5,4
TXN-CRT-001-000024,2026-07-01 11:23:59,2026-07-01,Wednesday,11,False,Traditional,5,CASH-134,Card (Local),1,1,True,3.23,32.2,5.1,41.6,32.7,24.4,0.0,,103.8,4
TXN-CRT-001-000025,2026-07-01 11:29:59,2026-07-01,Wednesday,11,False,Traditional,1,CASH-120,Flous (Mobile),25,4,True,197.62,36.0,140.1,21.5,24.1,36.3,0.0,,222.0,4
TXN-CRT-001-000026,2026-07-01 11:30:29,2026-07-01,Wednesday,11,False,Traditional,5,CASH-108,Card (Local),6,3,True,41.22,170.9,24.3,37.9,27.7,28.7,0.0,,118.6,3
TXN-CRT-001-000027,2026-07-01 11:41:26,2026-07-01,Wednesday,11,False,Traditional,3,CASH-104,Cash,40,9,True,214.77,9.3,108.2,16.7,34.8,28.3,0.0,,188.0,4
TXN-CRT-001-000028,2026-07-01 11:45:58,2026-07-01,Wednesday,11,False,Traditional,6,CASH-107,Cash,38,10,True,336.22,44.9,259.6,20.7,31.4,30.2,0.0,,341.8,4
TXN-CRT-001-000029,2026-07-01 11:47:16,2026-07-01,Wednesday,11,False,Traditional,4,CASH-123,Card (Local),21,5,True,175.05,87.1,85.2,19.7,29.7,36.9,0.0,,171.6,4
TXN-CRT-001-000030,2026-07-01 11:49:04,2026-07-01,Wednesday,11,False,Traditional,8,CASH-112,Cash,22,5,True,206.91,153.0,136.9,22.3,63.2,16.3,0.0,,238.6,3
TXN-CRT-001-000031,2026-07-01 11:49:45,2026-07-01,Wednesday,11,False,Traditional,4,CASH-111,Cash,1,0,False,6.77,10.7,7.1,0.0,33.7,27.9,0.0,,68.7,4
TXN-CRT-001-000032,2026-07-01 11:52:01,2026-07-01,Wednesday,11,False,Traditional,4,CASH-112,Card (Local),49,17,True,439.42,167.7,344.1,23.9,34.8,22.4,0.0,,425.2,3
TXN-CRT-001-000033,2026-07-01 11:55:58,2026-07-01,Wednesday,11,False,Traditional,8,CASH-117,Card (Local),36,5,True,218.0,39.0,125.4,17.5,33.0,23.9,0.0,,199.8,4
TXN-CRT-001-000034,2026-07-01 11:56:31,2026-07-01,Wednesday,11,False,Express (<10 items),13,CASH-145,Card (Local),38,13,True,318.03,39.2,86.2,21.7,21.2,35.2,0.0,,164.3,4
TXN-CRT-001-000035,2026-07-01 11:59:34,2026-07-01,Wednesday,11,False,Express (<10 items),13,CASH-138,Cash,21,6,True,112.34,16.8,95.7,35.2,30.0,16.2,0.0,,177.1,4
TXN-CRT-001-000036,2026-07-01 12:13:09,2026-07-01,Wednesday,12,False,Traditional,4,CASH-118,Cash,11,4,True,35.32,52.8,68.2,25.8,52.5,31.6,0.0,,178.1,4
TXN-CRT-001-000037,2026-07-01 12:14:13,2026-07-01,Wednesday,12,False,Traditional,2,CASH-117,Card (Local),38,9,True,187.72,168.2,181.8,37.2,30.0,20.9,0.0,,270.0,3
TXN-CRT-001-000038,2026-07-01 12:19:32,2026-07-01,Wednesday,12,False,Traditional,3,CASH-117,Check,10,2,True,58.58,52.0,41.3,41.6,46.0,29.0,0.0,,157.8,4
TXN-CRT-001-000039,2026-07-01 12:22:19,2026-07-01,Wednesday,12,False,Traditional,7,CASH-102,Card (Local),18,7,True,115.77,23.7,98.8,17.9,24.9,30.3,0.0,,172.0,4
TXN-CRT-001-000040,2026-07-01 12:22:40,2026-07-01,Wednesday,12,False,Traditional,2,CASH-126,Flous (Mobile),4,1,True,19.59,28.3,15.3,19.6,28.3,32.1,0.0,,95.4,4
TXN-CRT-001-000041,2026-07-01 12:29:29,2026-07-01,Wednesday,12,False,Traditional,3,CASH-128,Card (International),41,10,True,159.67,29.5,290.6,39.1,25.6,39.3,0.0,,394.5,3
TXN-CRT-001-000042,2026-07-01 12:30:57,2026-07-01,Wednesday,12,False,Traditional,3,CASH-106,Card (Local),6,0,False,21.04,138.8,37.4,0.0,34.7,24.5,0.0,,96.7,3
TXN-CRT-001-000043,2026-07-01 12:35:17,2026-07-01,Wednesday,12,False,Traditional,3,CASH-123,Cash,8,1,True,33.45,159.9,20.7,41.9,69.4,36.2,0.0,,168.2,3
TXN-CRT-001-000044,2026-07-01 12:37:24,2026-07-01,Wednesday,12,False,Self-Service,9,,Card (Local),17,5,True,48.48,11.8,144.5,41.9,20.1,36.1,0.0,,242.5,4
TXN-CRT-001-000045,2026-07-01 12:42:06,2026-07-01,Wednesday,12,False,Traditional,8,CASH-112,Card (Local),26,8,True,162.36,18.2,130.4,18.8,29.7,30.8,0.0,,209.7,4
TXN-CRT-001-000046,2026-07-01 12:43:34,2026-07-01,Wednesday,12,False,Traditional,2,CASH-109,Card (Local),20,5,True,108.51,20.3,142.8,27.1,29.1,24.5,0.0,,223.4,4
TXN-CRT-001-000047,2026-07-01 12:52:00,2026-07-01,Wednesday,12,False,Traditional,3,CASH-109,Cash,8,1,True,55.02,31.1,51.2,43.6,26.5,19.8,0.0,,141.2,4
TXN-CRT-001-000048,2026-07-01 13:00:45,2026-07-01,Wednesday,13,False,Traditional,4,CASH-104,Card (Local),1,0,False,3.12,180.9,5.4,0.0,33.9,17.2,81.8,Supervisor approval needed,138.2,3
TXN-CRT-001-000049,2026-07-01 13:25:32,2026-07-01,Wednesday,13,False,Traditional,7,CASH-132,Cash,26,6,True,246.04,166.0,83.1,39.0,56.7,38.4,0.0,,217.2,3
TXN-CRT-001-000050,2026-07-01 13:26:24,2026-07-01,Wednesday,13,False,Traditional,6,CASH-125,Cash,49,12,True,423.74,49.8,243.1,37.8,52.6,26.4,0.0,,359.9,4
TXN-CRT-001-000051,2026-07-01 13:26:36,2026-07-01,Wednesday,13,False,Express (<10 items),12,CASH-140,Cash,29,10,True,281.92,34.5,77.2,43.8,58.1,37.8,0.0,,216.9,4
TXN-CRT-001-000052,2026-07-01 13:29:14,2026-07-01,Wednesday,13,False,Traditional,5,CASH-135,Card (International),14,5,True,41.93,5.6,58.8,29.8,28.2,35.1,0.0,,151.9,4
TXN-CRT-001-000053,2026-07-01 13:31:48,2026-07-01,Wednesday,13,False,Express (<10 items),13,CASH-142,Cash,39,6,True,329.34,58.4,236.7,25.5,39.8,19.7,0.0,,321.6,4
TXN-CRT-001-000054,2026-07-01 13:36:03,2026-07-01,Wednesday,13,False,Self-Service,9,,Cash,13,5,True,91.51,53.5,63.9,59.1,57.1,41.2,0.0,,221.4,4
TXN-CRT-001-000055,2026-07-01 13:50:23,2026-07-01,Wednesday,13,False,Traditional,7,CASH-105,Cash,16,4,True,75.75,16.2,90.5,30.5,25.8,24.5,0.0,,171.3,4
TXN-CRT-001-000056,2026-07-01 13:53:40,2026-07-01,Wednesday,13,False,Self-Service,9,,Card (Local),15,5,True,87.78,67.7,74.3,59.3,25.1,30.8,0.0,,189.5,3
TXN-CRT-001-000057,2026-07-01 14:23:50,2026-07-01,Wednesday,14,False,Traditional,6,CASH-113,Cash,14,2,True,110.21,97.0,68.4,28.5,65.2,32.3,0.0,,194.5,4
TXN-CRT-001-000058,2026-07-01 14:29:02,2026-07-01,Wednesday,14,False,Traditional,7,CASH-111,Cash,27,8,True,170.18,16.0,113.5,36.5,26.2,36.8,0.0,,213.0,4
TXN-CRT-001-000059,2026-07-01 14:40:49,2026-07-01,Wednesday,14,False,Traditional,1,CASH-123,Card (Local),16,3,True,48.5,32.6,117.8,32.5,23.6,24.8,0.0,,198.7,4
TXN-CRT-001-000060,2026-07-01 14:41:42,2026-07-01,Wednesday,14,False,Traditional,4,CASH-122,Cash,10,2,True,33.85,93.6,35.2,17.8,44.4,30.7,0.0,,128.1,4
TXN-CRT-001-000061,2026-07-01 14:42:53,2026-07-01,Wednesday,14,False,Traditional,6,CASH-108,Flous (Mobile),9,0,False,57.07,27.0,58.7,0.0,24.4,29.0,0.0,,112.1,4
TXN-CRT-001-000062,2026-07-01 14:43:14,2026-07-01,Wednesday,14,False,Traditional,7,CASH-119,Flous (Mobile),2,0,False,6.22,31.4,14.3,0.0,28.9,37.0,0.0,,80.1,4
TXN-CRT-001-000063,2026-07-01 14:48:55,2026-07-01,Wednesday,14,False,Traditional,8,CASH-115,Cash,18,2,True,99.41,33.2,107.8,42.3,55.7,35.7,88.4,Price check required,329.9,3
TXN-CRT-001-000064,2026-07-01 14:50:07,2026-07-01,Wednesday,14,False,Traditional,4,CASH-112,Cash,8,1,True,22.51,70.0,36.7,18.8,71.4,36.1,43.2,Price check required,206.2,3
TXN-CRT-001-000065,2026-07-01 14:52:46,2026-07-01,Wednesday,14,False,Traditional,3,CASH-105,Card (Local),6,0,False,43.88,106.6,39.0,0.0,32.8,28.9,71.9,Promo code issue,172.6,2
TXN-CRT-001-000066,2026-07-01 15:08:28,2026-07-01,Wednesday,15,False,Traditional,8,CASH-108,Cash,21,6,True,122.53,146.7,81.6,37.6,70.1,17.0,0.0,,206.3,3
TXN-CRT-001-000067,2026-07-01 15:19:44,2026-07-01,Wednesday,15,False,Traditional,7,CASH-131,Cash,22,2,True,168.36,101.3,56.7,30.3,35.4,18.0,0.0,,140.4,3
TXN-CRT-001-000068,2026-07-01 15:20:11,2026-07-01,Wednesday,15,False,Traditional,3,CASH-111,Cash,25,7,True,83.12,49.4,94.5,44.8,54.3,39.8,0.0,,233.5,4
TXN-CRT-001-000069,2026-07-01 15:49:31,2026-07-01,Wednesday,15,False,Traditional,4,CASH-118,Flous (Mobile),15,2,True,114.74,79.2,55.9,20.1,34.4,22.2,136.7,Price check required,269.3,3
TXN-CRT-001-000070,2026-07-01 15:56:19,2026-07-01,Wednesday,15,False,Express (<10 items),13,CASH-141,Cash,38,14,True,303.69,14.9,150.5,36.9,72.9,20.8,0.0,,281.1,4
TXN-CRT-001-000071,2026-07-01 16:03:24,2026-07-01,Wednesday,16,False,Traditional,8,CASH-125,Card (Local),43,15,True,197.0,196.7,228.1,32.7,33.0,38.9,0.0,,332.7,2
TXN-CRT-001-000072,2026-07-01 16:03:35,2026-07-01,Wednesday,16,False,Traditional,2,CASH-104,Card (International),29,5,True,231.97,24.7,103.7,16.7,39.1,33.2,0.0,,192.7,4
TXN-CRT-001-000073,2026-07-01 16:12:07,2026-07-01,Wednesday,16,False,Traditional,7,CASH-123,Cash,20,5,True,119.5,75.0,123.0,29.8,65.4,21.4,0.0,,239.6,3
TXN-CRT-001-000074,2026-07-01 16:17:34,2026-07-01,Wednesday,16,False,Traditional,1,CASH-105,Cash,10,0,False,42.97,55.7,50.9,0.0,65.7,28.2,0.0,,144.8,4
TXN-CRT-001-000075,2026-07-01 16:18:53,2026-07-01,Wednesday,16,False,Traditional,7,CASH-133,Check,49,17,True,205.52,13.3,327.0,25.0,74.4,18.7,0.0,,445.1,4
TXN-CRT-001-000076,2026-07-01 16:25:34,2026-07-01,Wednesday,16,False,Traditional,2,CASH-112,Cash,9,2,True,48.71,24.8,39.0,34.9,58.1,31.6,0.0,,163.7,4
TXN-CRT-001-000077,2026-07-01 16:26:00,2026-07-01,Wednesday,16,False,Traditional,2,CASH-104,Card (Local),7,0,False,26.55,111.5,23.1,0.0,33.4,32.9,0.0,,89.4,3
TXN-CRT-001-000078,2026-07-01 16:29:20,2026-07-01,Wednesday,16,False,Traditional,3,CASH-134,Cash,14,3,True,89.65,44.4,88.2,18.3,35.9,21.1,0.0,,163.6,4
TXN-CRT-001-000079,2026-07-01 16:45:12,2026-07-01,Wednesday,16,False,Traditional,1,CASH-103,Cash,3,0,False,22.93,21.1,14.1,0.0,50.5,23.6,0.0,,88.1,4
TXN-CRT-001-000080,2026-07-01 16:55:49,2026-07-01,Wednesday,16,False,Traditional,6,CASH-127,Cash,48,11,True,295.74,39.2,191.5,43.3,46.1,37.7,0.0,,318.6,4
TXN-CRT-001-000081,2026-07-01 17:00:16,2026-07-01,Wednesday,17,False,Self-Service,10,,Cash,18,5,True,86.38,21.1,159.4,41.2,52.6,34.4,0.0,,287.5,4
TXN-CRT-001-000082,2026-07-01 17:03:38,2026-07-01,Wednesday,17,False,Traditional,7,CASH-108,Cash,17,4,True,118.26,31.1,66.4,24.8,53.7,23.4,83.6,Supervisor approval needed,251.8,3
TXN-CRT-001-000083,2026-07-01 17:10:28,2026-07-01,Wednesday,17,False,Traditional,5,CASH-129,Flous (Mobile),21,5,True,138.94,10.2,61.0,29.3,37.9,32.1,0.0,,160.4,4
TXN-CRT-001-000084,2026-07-01 17:10:32,2026-07-01,Wednesday,17,False,Traditional,8,CASH-133,Cash,15,2,True,100.8,49.3,82.5,19.8,50.1,30.6,0.0,,183.0,4
TXN-CRT-001-000085,2026-07-01 17:14:37,2026-07-01,Wednesday,17,False,Traditional,6,CASH-101,Cash,2,0,False,5.69,55.3,12.1,0.0,73.3,17.2,0.0,,102.5,4
TXN-CRT-001-000086,2026-07-01 17:24:24,2026-07-01,Wednesday,17,False,Traditional,5,CASH-134,Cash,19,2,True,94.64,31.6,114.5,23.7,51.3,32.1,0.0,,221.7,4
TXN-CRT-001-000087,2026-07-01 17:31:15,2026-07-01,Wednesday,17,False,Traditional,6,CASH-132,Card (International),24,8,True,176.42,111.2,78.8,28.3,44.0,36.0,0.0,,187.1,4
TXN-CRT-001-000088,2026-07-01 17:32:25,2026-07-01,Wednesday,17,False,Traditional,5,CASH-108,Cash,13,2,True,91.32,33.2,83.8,33.6,46.2,23.4,0.0,,187.0,4
TXN-CRT-001-000089,2026-07-01 17:37:26,2026-07-01,Wednesday,17,False,Self-Service,10,,Card (Local),26,7,True,249.16,44.4,220.6,26.6,28.9,29.3,0.0,,305.4,3
TXN-CRT-001-000090,2026-07-01 17:42:06,2026-07-01,Wednesday,17,False,Traditional,8,CASH-113,Cash,8,1,True,57.74,29.9,36.1,30.9,46.3,38.4,151.3,Promo code issue,303.1,2
TXN-CRT-001-000091,2026-07-01 17:52:23,2026-07-01,Wednesday,17,False,Traditional,7,CASH-122,Cash,8,1,True,27.8,35.9,58.2,25.5,50.2,19.6,0.0,,153.6,4
TXN-CRT-001-000092,2026-07-01 17:55:02,2026-07-01,Wednesday,17,False,Traditional,3,CASH-115,Cash,6,2,True,33.34,81.7,26.9,20.8,26.9,34.0,0.0,,108.5,3
TXN-CRT-001-000093,2026-07-01 18:01:19,2026-07-01,Wednesday,18,False,Traditional,8,CASH-134,Flous (Mobile),12,3,True,88.71,15.4,58.5,34.2,23.5,22.0,0.0,,138.2,4
TXN-CRT-001-000094,2026-07-01 18:04:58,2026-07-01,Wednesday,18,False,Traditional,6,CASH-120,Cash,33,8,True,292.68,67.2,128.8,31.2,62.3,22.6,0.0,,245.0,3
TXN-CRT-001-000095,2026-07-01 18:08:17,2026-07-01,Wednesday,18,False,Traditional,2,CASH-129,Cash,31,8,True,290.14,26.8,103.4,26.4,52.7,29.2,0.0,,211.8,4
TXN-CRT-001-000096,2026-07-01 18:09:28,2026-07-01,Wednesday,18,False,Traditional,8,CASH-113,Cash,12,3,True,88.26,16.1,45.2,34.6,27.5,17.1,0.0,,124.4,4
TXN-CRT-001-000097,2026-07-01 18:16:15,2026-07-01,Wednesday,18,False,Traditional,6,CASH-110,Flous (Mobile),18,3,True,65.18,36.9,90.6,16.0,20.2,20.1,0.0,,146.8,4
TXN-CRT-001-000098,2026-07-01 18:18:38,2026-07-01,Wednesday,18,False,Traditional,2,CASH-117,Cash,24,6,True,211.97,74.4,126.4,17.2,67.7,36.8,0.0,,248.1,4
TXN-CRT-001-000099,2026-07-01 18:19:21,2026-07-01,Wednesday,18,False,Traditional,5,CASH-110,Cash,8,2,True,52.87,36.2,29.7,38.8,51.3,25.0,0.0,,144.9,4
TXN-CRT-001-000100,2026-07-01 18:24:37,2026-07-01,Wednesday,18,False,Traditional,5,CASH-104,Cash,7,0,False,36.97,21.9,21.2,0.0,42.3,21.5,0.0,,85.0,4
TXN-CRT-001-000101,2026-07-01 18:30:04,2026-07-01,Wednesday,18,False,Traditional,5,CASH-123,Cash,47,11,True,354.64,162.1,121.2,22.4,32.7,24.8,0.0,,201.1,3
TXN-CRT-001-000102,2026-07-01 18:31:27,2026-07-01,Wednesday,18,False,Traditional,5,CASH-130,Card (Local),19,2,True,148.18,60.7,89.1,40.7,33.8,35.6,0.0,,199.2,3
TXN-CRT-001-000103,2026-07-01 18:31:46,2026-07-01,Wednesday,18,False,Traditional,4,CASH-104,Card (Local),48,9,True,426.05,50.7,288.1,29.9,18.8,23.3,0.0,,360.1,3
TXN-CRT-001-000104,2026-07-01 18:36:25,2026-07-01,Wednesday,18,False,Traditional,6,CASH-115,Cash,11,3,True,73.96,72.8,78.4,40.6,39.9,29.3,0.0,,188.2,4
TXN-CRT-001-000105,2026-07-01 18:37:01,2026-07-01,Wednesday,18,False,Self-Service,10,,Cash,23,8,True,127.19,78.5,250.1,61.2,47.2,38.8,0.0,,397.3,3
TXN-CRT-001-000106,2026-07-01 18:44:34,2026-07-01,Wednesday,18,False,Traditional,4,CASH-128,Cash,8,3,True,30.9,32.8,52.1,25.9,27.1,39.5,0.0,,144.7,4
TXN-CRT-001-000107,2026-07-01 18:45:09,2026-07-01,Wednesday,18,False,Traditional,4,CASH-124,Cash,9,0,False,49.83,89.8,65.2,0.0,73.5,33.1,0.0,,171.8,3
TXN-CRT-001-000108,2026-07-01 18:47:51,2026-07-01,Wednesday,18,False,Traditional,6,CASH-124,Cash,16,4,True,124.93,12.8,91.9,34.7,52.9,36.5,0.0,,216.0,4
TXN-CRT-001-000109,2026-07-01 18:49:55,2026-07-01,Wednesday,18,False,Traditional,5,CASH-112,Card (International),10,3,True,30.98,76.1,47.7,41.2,38.7,17.2,0.0,,144.9,3
TXN-CRT-001-000110,2026-07-01 18:52:07,2026-07-01,Wednesday,18,False,Traditional,4,CASH-121,Check,7,1,True,54.97,34.6,23.9,22.8,87.1,24.3,0.0,,158.1,4
TXN-CRT-001-000111,2026-07-01 18:54:51,2026-07-01,Wednesday,18,False,Traditional,6,CASH-131,Check,9,3,True,31.9,113.6,45.5,23.7,59.8,26.1,0.0,,155.1,3
TXN-CRT-001-000112,2026-07-01 18:56:50,2026-07-01,Wednesday,18,False,Traditional,7,CASH-102,Flous (Mobile),2,1,True,12.3,32.6,13.3,39.9,36.6,17.1,0.0,,106.9,4
TXN-CRT-001-000113,2026-07-01 18:58:07,2026-07-01,Wednesday,18,False,Self-Service,10,,Card (Local),23,8,True,189.64,99.6,212.8,29.8,25.8,31.2,115.9,Item return/exchange,415.5,2
TXN-CRT-001-000114,2026-07-01 19:09:16,2026-07-01,Wednesday,19,False,Traditional,5,CASH-132,Card (Local),15,0,False,56.11,62.2,58.3,0.0,19.6,22.7,0.0,,100.6,3
TXN-CRT-001-000115,2026-07-01 19:09:49,2026-07-01,Wednesday,19,False,Traditional,7,CASH-112,Cash,4,0,False,23.39,87.2,16.8,0.0,58.6,25.7,0.0,,101.1,3
TXN-CRT-001-000116,2026-07-01 19:10:24,2026-07-01,Wednesday,19,False,Self-Service,11,,Card (Local),7,3,True,21.32,51.6,62.4,51.8,31.3,30.1,0.0,,175.5,4
TXN-CRT-001-000117,2026-07-01 19:13:05,2026-07-01,Wednesday,19,False,Traditional,4,CASH-131,Cash,5,2,True,27.37,8.7,19.3,28.3,42.5,34.5,0.0,,124.7,4
TXN-CRT-001-000118,2026-07-01 19:15:03,2026-07-01,Wednesday,19,False,Traditional,3,CASH-111,Cash,19,7,True,100.6,107.9,51.0,15.6,41.3,33.1,0.0,,141.0,4
TXN-CRT-001-000119,2026-07-01 19:19:29,2026-07-01,Wednesday,19,False,Self-Service,11,,Card (International),4,0,False,31.36,112.9,39.5,0.0,45.9,26.7,0.0,,112.1,4
TXN-CRT-001-000120,2026-07-01 19:19:45,2026-07-01,Wednesday,19,False,Traditional,5,CASH-101,Cash,25,7,True,141.74,37.4,129.6,34.7,30.1,36.5,0.0,,230.9,4
TXN-CRT-001-000121,2026-07-01 19:24:28,2026-07-01,Wednesday,19,False,Traditional,4,CASH-117,Cash,1,0,False,6.55,27.7,3.4,0.0,32.0,15.1,0.0,,50.5,4
TXN-CRT-001-000122,2026-07-01 19:24:54,2026-07-01,Wednesday,19,False,Self-Service,11,,Flous (Mobile),9,0,False,58.55,92.4,109.3,0.0,21.1,32.1,0.0,,162.5,3
TXN-CRT-001-000123,2026-07-01 19:27:08,2026-07-01,Wednesday,19,False,Traditional,6,CASH-128,Cash,38,10,True,156.84,61.4,140.8,41.0,42.3,24.0,0.0,,248.0,3
TXN-CRT-001-000124,2026-07-01 19:33:06,2026-07-01,Wednesday,19,False,Traditional,6,CASH-135,Cash,24,7,True,219.34,43.2,75.0,16.5,27.4,18.1,0.0,,137.0,4
TXN-CRT-001-000125,2026-07-01 19:37:15,2026-07-01,Wednesday,19,False,Traditional,4,CASH-105,Flous (Mobile),3,0,False,23.03,70.2,11.3,0.0,29.1,20.7,0.0,,61.1,3
TXN-CRT-001-000126,2026-07-01 19:42:56,2026-07-01,Wednesday,19,False,Traditional,8,CASH-105,Card (Local),30,6,True,155.42,37.3,219.1,22.2,19.2,37.4,0.0,,297.9,4
TXN-CRT-001-000127,2026-07-01 19:43:58,2026-07-01,Wednesday,19,False,Traditional,3,CASH-129,Card (Local),15,4,True,77.29,111.7,77.7,19.0,24.0,24.1,0.0,,144.9,3
TXN-CRT-001-000128,2026-07-01 19:46:46,2026-07-01,Wednesday,19,False,Self-Service,9,,Cash,33,8,True,211.53,39.8,214.4,32.3,73.3,39.0,0.0,,359.0,3
TXN-CRT-001-000129,2026-07-01 19:48:27,2026-07-01,Wednesday,19,False,Traditional,5,CASH-110,Cash,19,7,True,91.65,92.4,84.9,24.9,57.4,26.7,0.0,,193.9,3
TXN-CRT-001-000130,2026-07-01 19:50:38,2026-07-01,Wednesday,19,False,Traditional,4,CASH-106,Flous (Mobile),22,5,True,173.34,51.5,89.5,22.1,22.9,24.2,0.0,,158.7,4
TXN-CRT-001-000131,2026-07-01 19:56:53,2026-07-01,Wednesday,19,False,Traditional,4,CASH-115,Card (Local),50,11,True,305.43,64.5,263.2,40.0,29.5,29.6,0.0,,362.2,3
TXN-CRT-001-000132,2026-07-01 20:01:14,2026-07-01,Wednesday,20,False,Traditional,6,CASH-131,Cash,8,5,True,59.55,158.7,33.8,37.4,40.1,27.2,0.0,,138.4,3
TXN-CRT-001-000133,2026-07-01 20:01:16,2026-07-01,Wednesday,20,False,Traditional,3,CASH-104,Cash,20,8,True,109.2,33.5,59.8,27.3,27.2,34.7,0.0,,148.9,4
TXN-CRT-001-000134,2026-07-01 20:01:49,2026-07-01,Wednesday,20,False,Traditional,8,CASH-112,Cash,14,1,True,42.73,88.1,89.1,22.9,57.0,34.4,0.0,,203.4,3
TXN-CRT-001-000135,2026-07-01 20:02:27,2026-07-01,Wednesday,20,False,Express (<10 items),13,CASH-142,Check,2,1,True,12.2,80.8,7.5,34.7,88.1,22.5,32.7,Price check required,185.6,3
TXN-CRT-001-000136,2026-07-01 20:02:47,2026-07-01,Wednesday,20,False,Traditional,4,CASH-105,Cash,1,0,False,3.97,85.8,3.8,0.0,65.3,39.9,0.0,,109.0,4
TXN-CRT-001-000137,2026-07-01 20:04:53,2026-07-01,Wednesday,20,False,Traditional,7,CASH-125,Card (Local),5,0,False,33.68,116.1,30.4,0.0,22.3,39.5,0.0,,92.2,4
TXN-CRT-001-000138,2026-07-01 20:08:41,2026-07-01,Wednesday,20,False,Traditional,8,CASH-132,Cash,21,4,True,172.27,55.7,103.9,39.3,66.0,21.1,0.0,,230.3,4
TXN-CRT-001-000139,2026-07-01 20:17:14,2026-07-01,Wednesday,20,False,Traditional,5,CASH-106,Card (Local),18,3,True,89.01,82.5,95.0,36.4,27.7,39.9,0.0,,199.0,4
TXN-CRT-001-000140,2026-07-01 20:26:14,2026-07-01,Wednesday,20,False,Express (<10 items),13,CASH-142,Flous (Mobile),17,6,True,80.81,99.2,65.9,26.2,35.3,15.9,0.0,,143.3,4
TXN-CRT-001-000141,2026-07-01 20:28:04,2026-07-01,Wednesday,20,False,Express (<10 items),13,CASH-143,Card (Local),2,1,True,10.07,30.4,7.2,18.0,19.3,23.7,0.0,,68.3,4
TXN-CRT-001-000142,2026-07-01 20:28:23,2026-07-01,Wednesday,20,False,Traditional,3,CASH-112,Cash,15,7,True,79.01,24.6,86.9,16.2,30.2,33.7,0.0,,167.1,4
TXN-CRT-001-000143,2026-07-01 20:37:36,2026-07-01,Wednesday,20,False,Traditional,5,CASH-132,Card (Local),42,12,True,208.76,20.9,201.6,38.7,22.6,15.8,0.0,,278.7,4
TXN-CRT-001-000144,2026-07-01 20:50:14,2026-07-01,Wednesday,20,False,Traditional,2,CASH-104,Card (International),13,3,True,62.46,146.9,78.0,20.3,38.2,22.8,0.0,,159.5,3
TXN-CRT-001-000145,2026-07-01 20:52:42,2026-07-01,Wednesday,20,False,Traditional,5,CASH-110,Cash,20,6,True,143.86,131.0,140.4,19.7,62.5,24.1,0.0,,246.7,3
TXN-CRT-001-000146,2026-07-01 20:59:35,2026-07-01,Wednesday,20,False,Traditional,2,CASH-110,Flous (Mobile),27,15,True,215.48,28.2,99.4,31.5,35.8,29.6,0.0,,196.4,4
TXN-CRT-001-000147,2026-07-01 21:27:12,2026-07-01,Wednesday,21,False,Traditional,7,CASH-119,Card (Local),27,8,True,171.53,116.1,158.9,25.6,21.4,25.7,0.0,,231.5,3
TXN-CRT-001-000148,2026-07-01 21:27:43,2026-07-01,Wednesday,21,False,Traditional,7,CASH-106,Flous (Mobile),16,5,True,55.68,70.7,69.4,35.2,27.1,28.2,0.0,,160.0,4
TXN-CRT-001-000149,2026-07-01 21:29:49,2026-07-01,Wednesday,21,False,Traditional,1,CASH-103,Card (Local),34,12,True,290.77,52.0,168.1,28.6,20.3,28.5,0.0,,245.5,4
TXN-CRT-001-000150,2026-07-01 21:35:32,2026-07-01,Wednesday,21,False,Traditional,2,CASH-111,Cash,12,1,True,84.25,27.4,35.1,21.4,65.0,35.5,0.0,,157.1,4
TXN-CRT-001-000151,2026-07-01 21:59:10,2026-07-01,Wednesday,21,False,Self-Service,9,,Cash,38,11,True,169.94,46.4,305.3,35.6,70.5,29.3,0.0,,440.7,4
TXN-CRT-001-000152,2026-07-01 21:59:20,2026-07-01,Wednesday,21,False,Traditional,5,CASH-127,Cash,8,3,True,36.22,22.9,32.4,33.4,46.6,36.3,0.0,,148.7,4
TXN-CRT-001-000153,2026-07-01 21:59:48,2026-07-01,Wednesday,21,False,Traditional,8,CASH-111,Flous (Mobile),9,5,True,69.69,40.5,36.6,36.4,34.5,25.4,0.0,,132.9,4
TXN-CRT-001-000154,2026-07-02 08:08:42,2026-07-02,Thursday,8,False,Traditional,8,CASH-107,Card (International),3,0,False,14.09,22.4,20.8,0.0,48.8,21.7,0.0,,91.2,4
TXN-CRT-001-000155,2026-07-02 08:17:13,2026-07-02,Thursday,8,False,Express (<10 items),13,CASH-136,Card (Local),28,7,True,159.46,14.4,100.4,44.2,29.3,31.6,0.0,,205.5,4
TXN-CRT-001-000156,2026-07-02 08:36:38,2026-07-02,Thursday,8,False,Traditional,7,CASH-135,Cash,13,4,True,94.7,118.1,76.3,21.8,43.2,30.7,0.0,,172.1,4
TXN-CRT-001-000157,2026-07-02 09:30:32,2026-07-02,Thursday,9,False,Traditional,4,CASH-114,Cash,8,1,True,45.29,44.2,42.4,19.6,66.2,27.8,0.0,,156.1,4
TXN-CRT-001-000158,2026-07-02 09:35:42,2026-07-02,Thursday,9,False,Traditional,5,CASH-101,Card (International),8,2,True,24.14,66.2,33.7,43.5,41.7,20.9,0.0,,139.8,4
TXN-CRT-001-000159,2026-07-02 09:41:20,2026-07-02,Thursday,9,False,Traditional,1,CASH-114,Cash,39,8,True,199.18,32.1,255.4,43.4,60.4,35.0,0.0,,394.2,4
TXN-CRT-001-000160,2026-07-02 09:45:21,2026-07-02,Thursday,9,False,Traditional,7,CASH-112,Cash,31,7,True,238.25,42.6,156.0,37.9,44.5,38.5,0.0,,276.9,4
TXN-CRT-001-000161,2026-07-02 09:46:10,2026-07-02,Thursday,9,False,Traditional,8,CASH-102,Card (Local),17,4,True,125.82,21.8,111.4,35.2,34.3,34.9,0.0,,215.7,4
TXN-CRT-001-000162,2026-07-02 10:03:59,2026-07-02,Thursday,10,False,Traditional,2,CASH-106,Cash,19,5,True,64.48,147.8,72.6,34.7,41.1,19.0,0.0,,167.4,3
TXN-CRT-001-000163,2026-07-02 10:13:12,2026-07-02,Thursday,10,False,Traditional,8,CASH-120,Cash,15,3,True,64.41,95.0,106.7,32.6,64.5,28.7,0.0,,232.5,3
TXN-CRT-001-000164,2026-07-02 10:14:38,2026-07-02,Thursday,10,False,Traditional,7,CASH-115,Cash,12,3,True,69.75,31.6,38.8,25.0,55.9,22.7,0.0,,142.4,4
TXN-CRT-001-000165,2026-07-02 10:18:06,2026-07-02,Thursday,10,False,Traditional,7,CASH-108,Cash,41,9,True,311.54,21.7,258.0,28.5,38.2,30.7,0.0,,355.5,4
TXN-CRT-001-000166,2026-07-02 10:21:45,2026-07-02,Thursday,10,False,Traditional,6,CASH-116,Check,5,0,False,12.75,13.2,21.8,0.0,50.7,24.4,0.0,,96.9,4
TXN-CRT-001-000167,2026-07-02 10:24:24,2026-07-02,Thursday,10,False,Traditional,2,CASH-135,Cash,13,1,True,64.27,55.6,50.7,42.7,30.5,17.4,0.0,,141.4,4
TXN-CRT-001-000168,2026-07-02 10:25:11,2026-07-02,Thursday,10,False,Traditional,3,CASH-117,Cash,11,1,True,45.52,86.8,56.8,40.5,70.3,23.6,0.0,,191.1,4
TXN-CRT-001-000169,2026-07-02 10:27:53,2026-07-02,Thursday,10,False,Traditional,3,CASH-105,Cash,15,4,True,48.76,80.6,106.6,20.6,73.3,32.2,0.0,,232.7,4
TXN-CRT-001-000170,2026-07-02 10:31:07,2026-07-02,Thursday,10,False,Traditional,2,CASH-122,Card (International),14,5,True,101.35,35.4,49.4,39.8,41.1,17.5,0.0,,147.8,4
TXN-CRT-001-000171,2026-07-02 10:31:32,2026-07-02,Thursday,10,False,Traditional,6,CASH-116,Cash,16,2,True,41.98,42.3,75.6,43.5,46.4,22.5,0.0,,188.1,4
TXN-CRT-001-000172,2026-07-02 10:41:09,2026-07-02,Thursday,10,False,Traditional,1,CASH-106,Card (Local),6,0,False,23.85,21.1,38.4,0.0,22.8,27.4,0.0,,88.5,4
TXN-CRT-001-000173,2026-07-02 10:49:42,2026-07-02,Thursday,10,False,Traditional,1,CASH-105,Cash,16,5,True,81.82,24.6,70.6,19.0,26.4,16.9,0.0,,132.9,4
TXN-CRT-001-000174,2026-07-02 10:57:27,2026-07-02,Thursday,10,False,Traditional,2,CASH-134,Cash,8,1,True,53.65,117.9,29.8,22.3,38.3,16.5,0.0,,106.9,3
TXN-CRT-001-000175,2026-07-02 11:00:24,2026-07-02,Thursday,11,False,Traditional,5,CASH-111,Cash,7,4,True,33.36,8.8,24.0,20.1,35.4,24.7,0.0,,104.1,4
TXN-CRT-001-000176,2026-07-02 11:02:13,2026-07-02,Thursday,11,False,Traditional,2,CASH-115,Card (International),3,1,True,17.24,7.6,15.1,41.4,34.9,22.3,0.0,,113.6,4
TXN-CRT-001-000177,2026-07-02 11:02:50,2026-07-02,Thursday,11,False,Traditional,5,CASH-104,Flous (Mobile),26,5,True,231.35,28.2,71.0,32.2,39.8,31.5,0.0,,174.6,4
TXN-CRT-001-000178,2026-07-02 11:03:14,2026-07-02,Thursday,11,False,Traditional,3,CASH-131,Cash,13,2,True,63.81,146.6,39.5,31.3,63.8,24.4,0.0,,159.1,3
TXN-CRT-001-000179,2026-07-02 11:12:30,2026-07-02,Thursday,11,False,Express (<10 items),12,CASH-139,Card (Local),20,5,True,118.06,51.2,82.5,34.6,29.7,16.6,0.0,,163.5,4
TXN-CRT-001-000180,2026-07-02 11:19:38,2026-07-02,Thursday,11,False,Traditional,7,CASH-106,Flous (Mobile),24,3,True,177.69,220.4,175.0,30.0,20.8,28.6,0.0,,254.5,3
TXN-CRT-001-000181,2026-07-02 11:26:35,2026-07-02,Thursday,11,False,Traditional,4,CASH-115,Cash,22,3,True,177.66,38.5,98.4,16.5,40.0,27.5,0.0,,182.4,4
TXN-CRT-001-000182,2026-07-02 11:32:55,2026-07-02,Thursday,11,False,Traditional,1,CASH-130,Flous (Mobile),15,2,True,62.83,82.7,54.2,21.8,36.5,19.0,0.0,,131.6,3
TXN-CRT-001-000183,2026-07-02 11:37:43,2026-07-02,Thursday,11,False,Self-Service,11,,Cash,12,4,True,74.86,107.1,130.0,36.3,39.9,37.7,0.0,,244.0,3
TXN-CRT-001-000184,2026-07-02 11:44:42,2026-07-02,Thursday,11,False,Self-Service,11,,Flous (Mobile),12,3,True,46.82,194.8,59.0,51.9,33.6,31.6,0.0,,176.2,3
TXN-CRT-001-000185,2026-07-02 11:50:05,2026-07-02,Thursday,11,False,Traditional,1,CASH-110,Card (International),20,1,True,88.71,30.4,129.6,32.1,49.1,33.0,0.0,,243.8,4
TXN-CRT-001-000186,2026-07-02 11:59:39,2026-07-02,Thursday,11,False,Traditional,1,CASH-135,Check,15,4,True,88.47,50.7,85.9,21.9,46.5,35.4,0.0,,189.7,4
TXN-CRT-001-000187,2026-07-02 12:01:48,2026-07-02,Thursday,12,False,Traditional,2,CASH-134,Card (Local),33,8,True,230.47,43.5,198.9,32.9,29.6,18.1,159.5,Promo code issue,438.9,3
TXN-CRT-001-000188,2026-07-02 12:02:25,2026-07-02,Thursday,12,False,Traditional,6,CASH-131,Cash,36,9,True,155.45,87.7,193.3,20.6,74.7,18.6,0.0,,307.2,3
TXN-CRT-001-000189,2026-07-02 12:04:51,2026-07-02,Thursday,12,False,Traditional,5,CASH-112,Flous (Mobile),7,1,True,48.41,136.0,50.9,28.9,23.5,39.0,0.0,,142.3,3
TXN-CRT-001-000190,2026-07-02 12:05:38,2026-07-02,Thursday,12,False,Traditional,5,CASH-134,Cash,6,2,True,41.47,135.8,17.0,22.5,70.1,33.2,0.0,,142.8,3
TXN-CRT-001-000191,2026-07-02 12:07:54,2026-07-02,Thursday,12,False,Traditional,7,CASH-129,Cash,20,9,True,143.17,29.9,84.1,20.2,64.8,18.5,0.0,,187.6,4
TXN-CRT-001-000192,2026-07-02 12:11:49,2026-07-02,Thursday,12,False,Self-Service,9,,Card (Local),10,1,True,31.19,24.7,104.9,28.3,25.7,43.8,0.0,,202.7,4
TXN-CRT-001-000193,2026-07-02 12:16:47,2026-07-02,Thursday,12,False,Self-Service,9,,Card (International),1,0,False,5.04,81.1,6.1,0.0,40.1,26.0,0.0,,72.2,4
TXN-CRT-001-000194,2026-07-02 12:19:00,2026-07-02,Thursday,12,False,Traditional,4,CASH-130,Flous (Mobile),38,8,True,202.9,18.7,198.6,37.7,36.6,19.8,0.0,,292.6,4
TXN-CRT-001-000195,2026-07-02 12:21:27,2026-07-02,Thursday,12,False,Traditional,5,CASH-105,Cash,8,1,True,61.52,89.2,45.6,15.1,43.1,21.0,0.0,,124.8,3
TXN-CRT-001-000196,2026-07-02 12:24:11,2026-07-02,Thursday,12,False,Traditional,6,CASH-114,Card (International),42,10,True,228.24,50.7,283.8,29.4,33.5,21.3,0.0,,368.0,3
TXN-CRT-001-000197,2026-07-02 12:25:04,2026-07-02,Thursday,12,False,Traditional,4,CASH-103,Card (Local),24,8,True,205.27,121.5,152.6,36.2,20.1,36.9,0.0,,245.7,3
TXN-CRT-001-000198,2026-07-02 12:25:53,2026-07-02,Thursday,12,False,Self-Service,9,,Cash,26,10,True,123.12,108.5,203.3,53.3,52.2,25.7,0.0,,334.5,3
TXN-CRT-001-000199,2026-07-02 12:26:11,2026-07-02,Thursday,12,False,Self-Service,9,,Cash,7,1,True,47.39,55.8,59.9,53.2,53.9,48.0,0.0,,214.9,4
TXN-CRT-001-000200,2026-07-02 12:33:40,2026-07-02,Thursday,12,False,Traditional,6,CASH-120,Cash,8,2,True,43.48,17.2,50.3,33.1,30.0,38.2,0.0,,151.6,4
TXN-CRT-001-000201,2026-07-02 12:38:03,2026-07-02,Thursday,12,False,Traditional,4,CASH-110,Cash,16,5,True,63.34,18.7,78.9,15.8,26.6,25.3,0.0,,146.6,4
TXN-CRT-001-000202,2026-07-02 12:41:06,2026-07-02,Thursday,12,False,Traditional,3,CASH-115,Check,7,2,True,29.67,52.7,19.5,32.2,43.7,21.3,0.0,,116.7,4
TXN-CRT-001-000203,2026-07-02 12:41:12,2026-07-02,Thursday,12,False,Traditional,7,CASH-133,Card (Local),10,2,True,68.58,71.6,44.1,24.9,34.4,21.3,0.0,,124.7,3
TXN-CRT-001-000204,2026-07-02 12:48:42,2026-07-02,Thursday,12,False,Self-Service,9,,Card (Local),10,1,True,34.17,39.1,112.1,47.3,25.6,36.8,0.0,,221.8,4
TXN-CRT-001-000205,2026-07-02 12:54:20,2026-07-02,Thursday,12,False,Traditional,1,CASH-131,Check,6,1,True,36.12,22.7,31.7,37.9,60.2,26.6,0.0,,156.4,4
TXN-CRT-001-000206,2026-07-02 12:57:02,2026-07-02,Thursday,12,False,Traditional,3,CASH-126,Cash,8,2,True,55.47,40.2,54.3,15.3,39.0,22.8,0.0,,131.3,4
TXN-CRT-001-000207,2026-07-02 12:57:45,2026-07-02,Thursday,12,False,Traditional,2,CASH-133,Card (International),28,9,True,244.48,122.1,161.8,36.4,39.7,32.9,0.0,,270.9,3
TXN-CRT-001-000208,2026-07-02 13:01:04,2026-07-02,Thursday,13,False,Traditional,5,CASH-102,Cash,7,3,True,24.08,40.2,40.9,22.0,29.0,34.1,0.0,,126.0,4
TXN-CRT-001-000209,2026-07-02 13:02:42,2026-07-02,Thursday,13,False,Traditional,8,CASH-101,Flous (Mobile),2,0,False,14.19,30.8,5.4,0.0,24.5,21.6,0.0,,51.6,4
TXN-CRT-001-000210,2026-07-02 13:03:18,2026-07-02,Thursday,13,False,Traditional,2,CASH-101,Cash,20,2,True,158.52,18.1,124.8,36.7,47.6,37.8,0.0,,246.9,4
TXN-CRT-001-000211,2026-07-02 13:04:19,2026-07-02,Thursday,13,False,Traditional,2,CASH-131,Check,48,16,True,191.68,48.0,335.1,22.9,83.4,17.9,111.4,Promo code issue,570.7,3
TXN-CRT-001-000212,2026-07-02 13:06:04,2026-07-02,Thursday,13,False,Traditional,4,CASH-130,Cash,11,3,True,55.25,109.3,74.7,32.6,60.0,39.6,0.0,,207.0,4
TXN-CRT-001-000213,2026-07-02 13:06:40,2026-07-02,Thursday,13,False,Traditional,7,CASH-128,Cash,5,2,True,23.41,112.9,17.9,18.5,29.6,23.6,81.1,Barcode not scanning,170.8,3
TXN-CRT-001-000214,2026-07-02 13:09:18,2026-07-02,Thursday,13,False,Traditional,4,CASH-119,Card (International),18,2,True,73.7,25.6,59.6,16.5,39.9,36.2,0.0,,152.2,4
TXN-CRT-001-000215,2026-07-02 13:16:12,2026-07-02,Thursday,13,False,Traditional,4,CASH-111,Cash,40,10,True,256.07,56.1,172.0,32.4,69.5,35.1,0.0,,308.9,3
TXN-CRT-001-000216,2026-07-02 13:18:11,2026-07-02,Thursday,13,False,Traditional,8,CASH-130,Card (Local),27,7,True,222.97,27.9,83.3,18.2,26.2,39.8,0.0,,167.6,4
TXN-CRT-001-000217,2026-07-02 13:21:03,2026-07-02,Thursday,13,False,Traditional,3,CASH-130,Cash,20,7,True,108.81,37.6,80.7,28.5,39.5,33.6,0.0,,182.2,4
TXN-CRT-001-000218,2026-07-02 13:27:05,2026-07-02,Thursday,13,False,Traditional,3,CASH-103,Card (International),10,1,True,38.9,47.3,48.1,30.4,44.8,18.8,0.0,,142.0,4
TXN-CRT-001-000219,2026-07-02 13:38:45,2026-07-02,Thursday,13,False,Traditional,4,CASH-130,Cash,17,3,True,91.13,33.7,91.5,23.9,41.9,38.6,0.0,,195.9,4
TXN-CRT-001-000220,2026-07-02 13:39:57,2026-07-02,Thursday,13,False,Traditional,5,CASH-134,Cash,4,1,True,26.94,148.1,25.2,32.4,55.4,21.4,0.0,,134.5,3
TXN-CRT-001-000221,2026-07-02 13:41:12,2026-07-02,Thursday,13,False,Traditional,2,CASH-124,Cash,22,8,True,127.7,30.6,113.1,25.5,45.8,36.1,0.0,,220.5,4
TXN-CRT-001-000222,2026-07-02 13:44:40,2026-07-02,Thursday,13,False,Traditional,1,CASH-110,Cash,24,9,True,167.05,28.5,130.8,32.9,71.1,38.8,0.0,,273.7,4
TXN-CRT-001-000223,2026-07-02 13:46:02,2026-07-02,Thursday,13,False,Traditional,4,CASH-124,Cash,46,19,True,305.9,25.5,208.8,21.6,31.6,25.2,0.0,,287.2,4
TXN-CRT-001-000224,2026-07-02 14:06:07,2026-07-02,Thursday,14,False,Traditional,5,CASH-116,Cash,9,5,True,46.38,12.1,24.0,38.0,47.1,26.0,0.0,,135.2,4
TXN-CRT-001-000225,2026-07-02 14:08:15,2026-07-02,Thursday,14,False,Traditional,7,CASH-105,Cash,1,0,False,6.17,151.1,5.5,0.0,48.4,33.9,0.0,,87.8,3
TXN-CRT-001-000226,2026-07-02 14:20:16,2026-07-02,Thursday,14,False,Traditional,7,CASH-113,Cash,17,1,True,93.07,49.9,90.5,39.8,32.2,20.6,0.0,,183.1,4
TXN-CRT-001-000227,2026-07-02 14:25:12,2026-07-02,Thursday,14,False,Express (<10 items),13,CASH-144,Card (Local),23,4,True,143.18,72.3,80.5,37.8,25.5,31.8,0.0,,175.6,4
TXN-CRT-001-000228,2026-07-02 14:33:15,2026-07-02,Thursday,14,False,Traditional,4,CASH-121,Flous (Mobile),28,6,True,212.96,65.6,202.5,37.8,39.8,18.1,0.0,,298.1,4
TXN-CRT-001-000229,2026-07-02 14:39:21,2026-07-02,Thursday,14,False,Self-Service,9,,Cash,7,3,True,46.13,32.8,48.7,61.5,73.3,39.6,0.0,,223.1,4
TXN-CRT-001-000230,2026-07-02 14:55:27,2026-07-02,Thursday,14,False,Traditional,2,CASH-120,Card (Local),9,4,True,27.75,49.7,31.6,22.0,29.6,34.4,51.5,Promo code issue,169.0,4
TXN-CRT-001-000231,2026-07-02 14:58:23,2026-07-02,Thursday,14,False,Traditional,2,CASH-105,Card (Local),16,2,True,70.59,84.2,87.2,21.9,22.8,15.6,0.0,,147.4,4
TXN-CRT-001-000232,2026-07-02 15:22:01,2026-07-02,Thursday,15,False,Traditional,7,CASH-115,Cash,11,3,True,87.05,13.7,66.5,15.8,67.4,38.7,0.0,,188.4,4
TXN-CRT-001-000233,2026-07-02 15:59:01,2026-07-02,Thursday,15,False,Traditional,8,CASH-108,Card (Local),34,12,True,158.2,37.0,250.6,36.2,29.6,15.1,0.0,,331.5,4
TXN-CRT-001-000234,2026-07-02 16:02:12,2026-07-02,Thursday,16,False,Traditional,8,CASH-130,Cash,15,4,True,116.71,42.4,86.6,20.7,46.9,37.0,0.0,,191.2,4
TXN-CRT-001-000235,2026-07-02 16:09:21,2026-07-02,Thursday,16,False,Traditional,3,CASH-117,Cash,29,4,True,273.15,32.0,92.9,24.2,31.8,23.6,0.0,,172.5,4
TXN-CRT-001-000236,2026-07-02 16:16:05,2026-07-02,Thursday,16,False,Traditional,7,CASH-117,Cash,18,4,True,49.68,31.5,120.1,16.0,44.1,38.5,0.0,,218.7,4
TXN-CRT-001-000237,2026-07-02 16:18:54,2026-07-02,Thursday,16,False,Traditional,7,CASH-135,Card (Local),27,6,True,159.89,57.2,187.1,31.7,22.9,27.0,0.0,,268.6,4
TXN-CRT-001-000238,2026-07-02 16:26:35,2026-07-02,Thursday,16,False,Traditional,1,CASH-122,Card (Local),11,3,True,71.07,126.2,41.0,18.5,27.8,33.8,0.0,,121.2,3
TXN-CRT-001-000239,2026-07-02 16:27:36,2026-07-02,Thursday,16,False,Traditional,5,CASH-108,Cash,31,7,True,251.24,69.8,198.9,22.7,43.1,39.1,0.0,,303.8,3
TXN-CRT-001-000240,2026-07-02 16:33:48,2026-07-02,Thursday,16,False,Traditional,4,CASH-123,Cash,9,0,False,51.81,24.9,46.3,0.0,25.3,21.2,0.0,,92.8,4
TXN-CRT-001-000241,2026-07-02 16:43:51,2026-07-02,Thursday,16,False,Express (<10 items),13,CASH-140,Check,17,9,True,123.79,250.4,95.4,19.0,56.7,15.7,0.0,,186.8,3
TXN-CRT-001-000242,2026-07-02 16:58:02,2026-07-02,Thursday,16,False,Express (<10 items),13,CASH-140,Cash,8,2,True,46.24,127.1,54.6,30.9,73.0,28.6,57.1,Supervisor approval needed,244.2,2
TXN-CRT-001-000243,2026-07-02 17:03:42,2026-07-02,Thursday,17,False,Self-Service,11,,Cash,15,4,True,90.72,33.9,180.6,29.6,28.8,34.4,0.0,,273.4,4
TXN-CRT-001-000244,2026-07-02 17:07:02,2026-07-02,Thursday,17,False,Traditional,6,CASH-111,Flous (Mobile),10,5,True,25.95,128.4,29.7,44.1,38.1,29.0,0.0,,140.8,3
TXN-CRT-001-000245,2026-07-02 17:09:13,2026-07-02,Thursday,17,False,Traditional,6,CASH-115,Card (Local),9,1,True,70.43,58.2,64.0,43.5,31.2,31.5,0.0,,170.3,4
TXN-CRT-001-000246,2026-07-02 17:11:27,2026-07-02,Thursday,17,False,Self-Service,9,,Card (Local),47,9,True,247.46,17.7,391.7,57.4,26.8,26.1,0.0,,502.0,3
TXN-CRT-001-000247,2026-07-02 17:11:40,2026-07-02,Thursday,17,False,Traditional,8,CASH-114,Card (International),6,2,True,33.41,117.5,17.3,39.0,45.1,29.2,0.0,,130.7,4
TXN-CRT-001-000248,2026-07-02 17:21:01,2026-07-02,Thursday,17,False,Express (<10 items),13,CASH-140,Flous (Mobile),28,5,True,219.65,24.9,98.6,29.2,33.3,24.8,0.0,,185.9,4
TXN-CRT-001-000249,2026-07-02 17:35:01,2026-07-02,Thursday,17,False,Express (<10 items),13,CASH-140,Cash,49,15,True,293.1,72.2,197.7,37.8,52.1,27.7,0.0,,315.3,3
TXN-CRT-001-000250,2026-07-02 17:42:33,2026-07-02,Thursday,17,False,Self-Service,11,,Cash,1,0,False,7.15,55.9,3.8,0.0,27.1,35.8,0.0,,66.6,4
TXN-CRT-001-000251,2026-07-02 17:44:14,2026-07-02,Thursday,17,False,Traditional,4,CASH-103,Cash,23,2,True,228.72,76.6,136.2,19.5,26.1,32.0,0.0,,213.8,4
TXN-CRT-001-000252,2026-07-02 17:44:21,2026-07-02,Thursday,17,False,Traditional,6,CASH-112,Check,9,2,True,50.69,158.8,52.0,15.1,76.2,27.2,0.0,,170.5,3
TXN-CRT-001-000253,2026-07-02 17:46:08,2026-07-02,Thursday,17,False,Self-Service,9,,Card (Local),2,0,False,10.53,49.2,20.8,0.0,22.7,34.9,0.0,,78.5,4
TXN-CRT-001-000254,2026-07-02 17:52:27,2026-07-02,Thursday,17,False,Traditional,2,CASH-124,Cash,13,4,True,66.81,17.5,88.7,17.0,68.4,21.7,0.0,,195.9,4
TXN-CRT-001-000255,2026-07-02 18:00:33,2026-07-02,Thursday,18,False,Traditional,7,CASH-133,Flous (Mobile),43,12,True,299.19,28.1,295.5,24.6,34.8,34.5,0.0,,389.4,3
TXN-CRT-001-000256,2026-07-02 18:04:22,2026-07-02,Thursday,18,False,Traditional,3,CASH-124,Cash,1,1,True,3.15,16.3,4.5,35.4,47.4,21.9,0.0,,109.2,4
TXN-CRT-001-000257,2026-07-02 18:07:44,2026-07-02,Thursday,18,False,Express (<10 items),13,CASH-141,Cash,18,6,True,91.74,11.6,66.8,16.7,51.7,34.2,0.0,,169.3,4
TXN-CRT-001-000258,2026-07-02 18:12:33,2026-07-02,Thursday,18,False,Traditional,4,CASH-105,Card (Local),15,2,True,71.69,107.7,78.2,43.2,21.2,15.3,0.0,,157.9,3
TXN-CRT-001-000259,2026-07-02 18:14:36,2026-07-02,Thursday,18,False,Traditional,4,CASH-101,Cash,36,11,True,239.36,54.4,181.4,29.8,70.1,32.2,0.0,,313.5,4
TXN-CRT-001-000260,2026-07-02 18:15:15,2026-07-02,Thursday,18,False,Traditional,6,CASH-134,Flous (Mobile),4,1,True,12.49,44.8,20.7,34.3,28.5,34.9,0.0,,118.4,4
TXN-CRT-001-000261,2026-07-02 18:17:09,2026-07-02,Thursday,18,False,Traditional,6,CASH-134,Cash,22,6,True,191.43,34.6,91.9,44.3,32.7,18.4,0.0,,187.3,4
TXN-CRT-001-000262,2026-07-02 18:18:13,2026-07-02,Thursday,18,False,Express (<10 items),13,CASH-145,Flous (Mobile),22,7,True,189.89,90.8,84.4,25.3,34.1,30.5,0.0,,174.3,3
TXN-CRT-001-000263,2026-07-02 18:18:41,2026-07-02,Thursday,18,False,Traditional,5,CASH-110,Card (Local),22,6,True,158.08,138.3,65.5,16.3,19.8,25.8,0.0,,127.5,3
TXN-CRT-001-000264,2026-07-02 18:26:29,2026-07-02,Thursday,18,False,Traditional,4,CASH-107,Cash,44,11,True,261.47,24.2,296.3,29.5,31.6,30.4,0.0,,387.9,4
TXN-CRT-001-000265,2026-07-02 18:32:49,2026-07-02,Thursday,18,False,Self-Service,11,,Check,30,8,True,152.42,70.1,229.5,57.0,76.2,30.6,0.0,,393.2,3
TXN-CRT-001-000266,2026-07-02 18:34:07,2026-07-02,Thursday,18,False,Traditional,5,CASH-129,Cash,2,0,False,5.48,102.5,12.1,0.0,73.5,26.2,70.3,Item return/exchange,182.1,2
TXN-CRT-001-000267,2026-07-02 18:35:23,2026-07-02,Thursday,18,False,Traditional,4,CASH-107,Cash,15,2,True,77.43,60.2,101.3,37.6,54.3,27.6,0.0,,220.9,3
TXN-CRT-001-000268,2026-07-02 18:35:33,2026-07-02,Thursday,18,False,Traditional,7,CASH-101,Cash,13,4,True,80.07,85.7,39.2,31.1,71.9,37.7,0.0,,179.9,4
TXN-CRT-001-000269,2026-07-02 18:41:30,2026-07-02,Thursday,18,False,Traditional,8,CASH-134,Flous (Mobile),10,1,True,77.51,17.3,65.5,17.3,36.8,35.1,0.0,,154.7,4
TXN-CRT-001-000270,2026-07-02 18:49:18,2026-07-02,Thursday,18,False,Traditional,1,CASH-129,Cash,14,1,True,78.01,140.9,40.8,33.0,73.7,37.6,0.0,,185.2,3
TXN-CRT-001-000271,2026-07-02 18:49:56,2026-07-02,Thursday,18,False,Traditional,4,CASH-118,Cash,12,0,False,91.32,91.1,79.8,0.0,48.0,32.4,0.0,,160.2,4
TXN-CRT-001-000272,2026-07-02 18:53:38,2026-07-02,Thursday,18,False,Traditional,2,CASH-135,Cash,14,4,True,98.02,75.3,90.4,24.3,34.2,29.0,0.0,,177.9,4
TXN-CRT-001-000273,2026-07-02 18:59:25,2026-07-02,Thursday,18,False,Self-Service,10,,Cash,48,11,True,256.85,97.6,291.8,41.0,29.0,47.8,0.0,,409.6,3
TXN-CRT-001-000274,2026-07-02 19:03:58,2026-07-02,Thursday,19,False,Self-Service,11,,Card (International),4,2,True,10.85,39.4,18.0,64.0,44.8,34.1,0.0,,160.9,4
TXN-CRT-001-000275,2026-07-02 19:05:20,2026-07-02,Thursday,19,False,Traditional,1,CASH-121,Cash,41,9,True,201.15,20.5,258.2,34.4,60.4,26.5,0.0,,379.6,3
TXN-CRT-001-000276,2026-07-02 19:07:28,2026-07-02,Thursday,19,False,Traditional,7,CASH-116,Cash,15,4,True,47.14,16.4,93.9,23.9,56.8,19.9,0.0,,194.5,4
TXN-CRT-001-000277,2026-07-02 19:20:27,2026-07-02,Thursday,19,False,Traditional,6,CASH-106,Cash,20,4,True,150.12,14.0,136.0,33.7,48.1,27.4,0.0,,245.2,4
TXN-CRT-001-000278,2026-07-02 19:21:17,2026-07-02,Thursday,19,False,Traditional,6,CASH-122,Cash,31,9,True,227.89,69.4,211.9,25.9,30.5,37.6,0.0,,305.9,3
TXN-CRT-001-000279,2026-07-02 19:23:34,2026-07-02,Thursday,19,False,Traditional,7,CASH-128,Flous (Mobile),12,2,True,61.53,35.9,81.1,21.7,30.4,31.9,53.5,Promo code issue,218.6,4
TXN-CRT-001-000280,2026-07-02 19:44:12,2026-07-02,Thursday,19,False,Traditional,1,CASH-119,Cash,13,6,True,55.05,135.0,35.5,39.2,38.5,28.3,74.5,Barcode not scanning,216.1,2
TXN-CRT-001-000281,2026-07-02 19:50:15,2026-07-02,Thursday,19,False,Self-Service,10,,Check,13,6,True,62.92,116.5,121.1,76.2,76.0,37.0,39.9,Item return/exchange,350.2,3
TXN-CRT-001-000282,2026-07-02 19:54:29,2026-07-02,Thursday,19,False,Traditional,7,CASH-126,Cash,12,5,True,41.77,90.7,51.3,21.8,45.8,22.2,0.0,,141.1,3
TXN-CRT-001-000283,2026-07-02 19:59:35,2026-07-02,Thursday,19,False,Traditional,8,CASH-101,Cash,42,15,True,352.74,77.1,185.2,38.4,59.7,18.5,0.0,,301.7,3
TXN-CRT-001-000284,2026-07-02 20:02:38,2026-07-02,Thursday,20,False,Traditional,7,CASH-129,Flous (Mobile),31,7,True,221.24,28.0,169.6,42.7,24.4,34.5,0.0,,271.2,4
TXN-CRT-001-000285,2026-07-02 20:03:46,2026-07-02,Thursday,20,False,Traditional,2,CASH-109,Cash,5,1,True,18.43,32.5,27.4,17.5,72.9,38.1,0.0,,155.9,4
TXN-CRT-001-000286,2026-07-02 20:05:41,2026-07-02,Thursday,20,False,Traditional,7,CASH-122,Card (Local),5,2,True,29.97,27.8,14.0,18.0,23.6,26.7,0.0,,82.3,4
TXN-CRT-001-000287,2026-07-02 20:09:13,2026-07-02,Thursday,20,False,Traditional,5,CASH-117,Check,13,4,True,79.68,19.9,78.7,37.6,49.2,19.6,0.0,,185.0,4
TXN-CRT-001-000288,2026-07-02 20:14:12,2026-07-02,Thursday,20,False,Traditional,6,CASH-132,Cash,4,2,True,19.67,45.9,11.3,29.7,68.3,25.5,0.0,,134.9,4
TXN-CRT-001-000289,2026-07-02 20:23:40,2026-07-02,Thursday,20,False,Traditional,4,CASH-132,Cash,20,6,True,53.23,101.5,51.3,15.3,28.3,21.6,0.0,,116.6,4
TXN-CRT-001-000290,2026-07-02 20:33:57,2026-07-02,Thursday,20,False,Traditional,5,CASH-132,Card (Local),6,5,True,31.46,43.6,38.9,21.5,23.6,28.2,0.0,,112.2,4
TXN-CRT-001-000291,2026-07-02 20:35:30,2026-07-02,Thursday,20,False,Traditional,6,CASH-122,Cash,16,3,True,82.28,26.6,75.9,24.2,32.9,28.5,0.0,,161.4,4
TXN-CRT-001-000292,2026-07-02 20:43:23,2026-07-02,Thursday,20,False,Traditional,5,CASH-116,Cash,1,1,True,4.64,43.7,6.5,37.8,63.1,30.4,0.0,,137.8,4
TXN-CRT-001-000293,2026-07-02 20:47:20,2026-07-02,Thursday,20,False,Traditional,8,CASH-133,Cash,10,3,True,54.77,56.9,70.6,29.4,48.8,38.4,0.0,,187.2,4
TXN-CRT-001-000294,2026-07-02 20:53:54,2026-07-02,Thursday,20,False,Traditional,3,CASH-108,Cash,22,6,True,177.39,33.4,82.4,32.9,64.5,19.2,0.0,,198.9,4
TXN-CRT-001-000295,2026-07-02 20:57:39,2026-07-02,Thursday,20,False,Traditional,3,CASH-129,Card (International),15,3,True,86.78,46.2,49.8,24.0,43.2,20.9,0.0,,137.9,4
TXN-CRT-001-000296,2026-07-02 20:58:33,2026-07-02,Thursday,20,False,Traditional,4,CASH-128,Cash,48,14,True,318.18,247.6,130.2,21.1,55.3,15.4,175.7,Price check required,397.7,2
TXN-CRT-001-000297,2026-07-02 21:01:11,2026-07-02,Thursday,21,False,Traditional,4,CASH-135,Cash,36,12,True,178.53,13.6,167.8,40.3,45.3,36.6,0.0,,290.0,4
TXN-CRT-001-000298,2026-07-02 21:12:12,2026-07-02,Thursday,21,False,Traditional,1,CASH-115,Card (Local),11,2,True,41.52,5.7,44.1,28.5,26.3,36.1,0.0,,135.0,4
TXN-CRT-001-000299,2026-07-02 21:16:37,2026-07-02,Thursday,21,False,Traditional,7,CASH-124,Cash,2,1,True,7.48,53.9,8.2,34.8,27.6,38.0,0.0,,108.6,4
TXN-CRT-001-000300,2026-07-02 21:17:35,2026-07-02,Thursday,21,False,Traditional,6,CASH-113,Cash,33,7,True,153.43,67.1,123.5,27.0,49.6,18.6,0.0,,218.8,4
TXN-CRT-001-000301,2026-07-02 21:22:41,2026-07-02,Thursday,21,False,Traditional,1,CASH-109,Card (International),40,17,True,350.53,44.4,112.2,28.0,48.8,35.3,0.0,,224.3,4
TXN-CRT-001-000302,2026-07-02 21:34:34,2026-07-02,Thursday,21,False,Traditional,4,CASH-118,Cash,30,7,True,228.32,21.5,160.6,33.7,40.3,20.8,0.0,,255.4,4
TXN-CRT-001-000303,2026-07-02 21:35:18,2026-07-02,Thursday,21,False,Traditional,2,CASH-131,Card (International),6,1,True,20.49,133.4,32.6,23.3,46.3,33.5,0.0,,135.8,3
TXN-CRT-001-000304,2026-07-02 21:36:30,2026-07-02,Thursday,21,False,Traditional,3,CASH-134,Flous (Mobile),50,12,True,426.92,51.5,341.3,38.7,33.8,19.4,0.0,,433.2,3
TXN-CRT-001-000305,2026-07-02 21:42:12,2026-07-02,Thursday,21,False,Traditional,2,CASH-106,Cash,9,3,True,25.29,55.8,53.7,25.0,34.9,35.7,0.0,,149.3,4
TXN-CRT-001-000306,2026-07-02 21:45:51,2026-07-02,Thursday,21,False,Express (<10 items),12,CASH-137,Card (Local),24,3,True,201.48,89.6,62.2,15.6,26.2,21.9,0.0,,125.9,4
TXN-CRT-001-000307,2026-07-02 21:46:49,2026-07-02,Thursday,21,False,Traditional,5,CASH-101,Cash,40,11,True,321.64,43.0,279.6,35.4,27.5,39.6,0.0,,382.2,4
TXN-CRT-001-000308,2026-07-02 21:55:51,2026-07-02,Thursday,21,False,Traditional,2,CASH-108,Cash,8,4,True,60.94,39.9,24.1,20.4,39.7,26.9,0.0,,111.0,4
TXN-CRT-001-000309,2026-07-03 08:01:00,2026-07-03,Friday,8,True,Traditional,5,CASH-128,Flous (Mobile),40,13,True,177.99,133.4,226.7,31.2,23.8,35.5,0.0,,317.2,3
TXN-CRT-001-000310,2026-07-03 08:04:12,2026-07-03,Friday,8,True,Traditional,8,CASH-110,Flous (Mobile),10,1,True,50.98,9.7,37.1,25.4,26.5,16.8,67.3,Supervisor approval needed,173.1,3
TXN-CRT-001-000311,2026-07-03 08:06:33,2026-07-03,Friday,8,True,Traditional,3,CASH-108,Cash,48,20,True,422.11,64.5,198.4,39.6,49.4,17.2,0.0,,304.6,3
TXN-CRT-001-000312,2026-07-03 08:39:36,2026-07-03,Friday,8,True,Traditional,5,CASH-134,Card (Local),9,3,True,53.85,60.4,37.1,40.8,18.9,29.7,0.0,,126.5,4
TXN-CRT-001-000313,2026-07-03 08:58:13,2026-07-03,Friday,8,True,Traditional,3,CASH-131,Flous (Mobile),45,8,True,256.59,35.5,255.2,35.9,25.5,18.8,0.0,,335.4,4
TXN-CRT-001-000314,2026-07-03 09:22:44,2026-07-03,Friday,9,True,Express (<10 items),13,CASH-140,Check,3,0,False,20.24,26.7,15.8,0.0,57.0,22.6,123.1,Barcode not scanning,218.6,3
TXN-CRT-001-000315,2026-07-03 09:28:11,2026-07-03,Friday,9,True,Traditional,5,CASH-119,Cash,23,4,True,178.05,125.6,151.0,40.7,31.6,20.8,0.0,,244.1,3
TXN-CRT-001-000316,2026-07-03 09:41:49,2026-07-03,Friday,9,True,Traditional,3,CASH-127,Cash,16,6,True,61.68,24.8,42.8,29.6,50.8,29.7,0.0,,152.9,4
TXN-CRT-001-000317,2026-07-03 10:00:58,2026-07-03,Friday,10,True,Traditional,4,CASH-113,Cash,15,1,True,66.09,85.5,99.2,37.0,69.3,37.6,0.0,,243.0,3
TXN-CRT-001-000318,2026-07-03 10:05:05,2026-07-03,Friday,10,True,Traditional,7,CASH-106,Check,8,1,True,34.12,50.3,49.7,36.9,55.5,39.0,0.0,,181.1,4
TXN-CRT-001-000319,2026-07-03 10:06:34,2026-07-03,Friday,10,True,Traditional,5,CASH-127,Cash,23,7,True,196.15,79.2,169.5,33.5,68.7,17.8,0.0,,289.5,4
TXN-CRT-001-000320,2026-07-03 10:08:59,2026-07-03,Friday,10,True,Traditional,3,CASH-106,Card (Local),7,2,True,24.08,68.0,47.5,24.4,26.4,18.0,0.0,,116.4,4
TXN-CRT-001-000321,2026-07-03 10:09:24,2026-07-03,Friday,10,True,Traditional,2,CASH-123,Cash,17,6,True,97.15,5.3,79.2,21.9,72.9,30.8,0.0,,204.9,4
TXN-CRT-001-000322,2026-07-03 10:26:27,2026-07-03,Friday,10,True,Traditional,4,CASH-105,Cash,9,3,True,37.61,24.3,35.0,22.4,67.0,25.8,0.0,,150.1,4
TXN-CRT-001-000323,2026-07-03 10:27:56,2026-07-03,Friday,10,True,Traditional,2,CASH-125,Cash,45,7,True,321.89,27.7,142.7,40.6,58.6,36.8,0.0,,278.6,4
TXN-CRT-001-000324,2026-07-03 10:28:07,2026-07-03,Friday,10,True,Traditional,1,CASH-119,Check,2,1,True,12.84,21.3,13.9,36.5,51.9,18.3,0.0,,120.6,4
TXN-CRT-001-000325,2026-07-03 10:30:29,2026-07-03,Friday,10,True,Express (<10 items),12,CASH-145,Cash,7,1,True,29.54,30.9,16.3,17.2,27.1,18.8,0.0,,79.4,4
TXN-CRT-001-000326,2026-07-03 10:37:48,2026-07-03,Friday,10,True,Traditional,5,CASH-108,Card (Local),8,2,True,37.87,55.7,42.5,26.6,31.7,31.7,0.0,,132.5,4
TXN-CRT-001-000327,2026-07-03 10:45:01,2026-07-03,Friday,10,True,Traditional,8,CASH-102,Cash,13,4,True,102.39,95.6,61.5,41.3,40.3,32.1,0.0,,175.2,4
TXN-CRT-001-000328,2026-07-03 10:46:16,2026-07-03,Friday,10,True,Traditional,7,CASH-132,Cash,8,1,True,34.42,15.5,36.9,42.4,50.3,33.6,0.0,,163.2,4
TXN-CRT-001-000329,2026-07-03 10:46:45,2026-07-03,Friday,10,True,Traditional,3,CASH-104,Cash,15,7,True,67.88,50.8,45.7,17.4,39.2,33.9,0.0,,136.1,4
TXN-CRT-001-000330,2026-07-03 10:46:53,2026-07-03,Friday,10,True,Traditional,4,CASH-118,Cash,36,9,True,130.63,62.1,242.9,37.0,55.0,27.1,0.0,,362.0,3
TXN-CRT-001-000331,2026-07-03 10:56:42,2026-07-03,Friday,10,True,Traditional,1,CASH-118,Cash,23,3,True,123.14,108.5,115.1,17.9,54.7,16.0,0.0,,203.7,4
TXN-CRT-001-000332,2026-07-03 11:00:37,2026-07-03,Friday,11,True,Traditional,4,CASH-122,Cash,18,7,True,129.32,143.8,125.6,34.7,44.3,21.1,0.0,,225.7,3
TXN-CRT-001-000333,2026-07-03 11:05:11,2026-07-03,Friday,11,True,Traditional,2,CASH-108,Cash,4,1,True,11.04,42.8,18.2,30.2,60.4,33.3,0.0,,142.1,4
TXN-CRT-001-000334,2026-07-03 11:05:18,2026-07-03,Friday,11,True,Traditional,2,CASH-125,Cash,23,7,True,122.09,21.8,151.5,25.6,46.0,29.9,0.0,,253.0,4
TXN-CRT-001-000335,2026-07-03 11:07:28,2026-07-03,Friday,11,True,Traditional,2,CASH-119,Check,7,2,True,34.76,65.1,39.5,34.8,59.1,39.8,0.0,,173.2,3
TXN-CRT-001-000336,2026-07-03 11:21:57,2026-07-03,Friday,11,True,Traditional,5,CASH-112,Check,28,9,True,165.61,22.7,145.1,19.8,63.9,28.1,172.4,Item return/exchange,429.3,3
TXN-CRT-001-000337,2026-07-03 11:21:59,2026-07-03,Friday,11,True,Self-Service,9,,Cash,9,0,False,60.35,61.2,84.3,0.0,61.2,49.5,0.0,,195.0,4
TXN-CRT-001-000338,2026-07-03 11:27:40,2026-07-03,Friday,11,True,Traditional,2,CASH-116,Card (Local),13,2,True,78.16,26.6,76.0,40.9,25.6,30.8,0.0,,173.3,4
TXN-CRT-001-000339,2026-07-03 11:40:01,2026-07-03,Friday,11,True,Traditional,8,CASH-102,Flous (Mobile),11,3,True,49.08,72.9,46.8,23.5,29.3,20.6,0.0,,120.2,3
TXN-CRT-001-000340,2026-07-03 11:43:35,2026-07-03,Friday,11,True,Traditional,6,CASH-125,Cash,34,5,True,157.7,28.2,217.8,43.8,36.1,34.2,0.0,,331.9,4
TXN-CRT-001-000341,2026-07-03 11:45:05,2026-07-03,Friday,11,True,Traditional,3,CASH-128,Card (International),6,2,True,32.45,134.9,43.6,30.6,40.0,30.7,0.0,,144.9,3
TXN-CRT-001-000342,2026-07-03 11:57:51,2026-07-03,Friday,11,True,Traditional,3,CASH-105,Check,18,4,True,118.59,50.4,54.3,22.7,88.8,30.2,0.0,,196.0,4
TXN-CRT-001-000343,2026-07-03 12:00:48,2026-07-03,Friday,12,True,Traditional,3,CASH-101,Cash,6,1,True,39.16,10.9,28.8,17.4,44.4,21.6,95.2,Promo code issue,207.4,3
TXN-CRT-001-000344,2026-07-03 12:02:30,2026-07-03,Friday,12,True,Traditional,4,CASH-108,Cash,23,1,True,139.05,97.6,116.7,27.5,43.6,36.7,0.0,,224.6,3
TXN-CRT-001-000345,2026-07-03 12:05:46,2026-07-03,Friday,12,True,Traditional,1,CASH-131,Check,40,12,True,242.86,43.3,198.3,18.0,61.2,23.9,130.3,Barcode not scanning,431.7,2
TXN-CRT-001-000346,2026-07-03 12:07:49,2026-07-03,Friday,12,True,Traditional,6,CASH-118,Card (Local),14,5,True,58.12,76.9,92.5,21.2,23.2,38.2,0.0,,175.0,3
TXN-CRT-001-000347,2026-07-03 12:08:26,2026-07-03,Friday,12,True,Traditional,3,CASH-134,Cash,15,3,True,103.98,98.9,41.2,33.8,46.9,29.7,0.0,,151.6,3
TXN-CRT-001-000348,2026-07-03 12:14:47,2026-07-03,Friday,12,True,Traditional,5,CASH-119,Cash,42,11,True,268.88,52.5,256.1,19.0,51.5,39.0,0.0,,365.7,4
TXN-CRT-001-000349,2026-07-03 12:17:08,2026-07-03,Friday,12,True,Traditional,1,CASH-111,Cash,16,3,True,65.47,14.5,100.7,21.4,63.5,32.6,0.0,,218.2,4
TXN-CRT-001-000350,2026-07-03 12:20:46,2026-07-03,Friday,12,True,Traditional,1,CASH-121,Card (Local),15,4,True,111.86,56.3,55.6,35.3,19.7,27.4,0.0,,138.0,4
TXN-CRT-001-000351,2026-07-03 12:27:05,2026-07-03,Friday,12,True,Traditional,7,CASH-111,Card (Local),18,1,True,65.11,122.9,54.7,38.5,32.3,17.7,0.0,,143.2,3
TXN-CRT-001-000352,2026-07-03 12:32:25,2026-07-03,Friday,12,True,Self-Service,9,,Check,22,5,True,144.64,46.4,160.9,56.8,73.2,24.2,0.0,,315.1,4
TXN-CRT-001-000353,2026-07-03 12:32:32,2026-07-03,Friday,12,True,Traditional,3,CASH-118,Cash,5,2,True,27.19,68.1,33.0,25.1,26.2,16.4,0.0,,100.7,3
TXN-CRT-001-000354,2026-07-03 12:34:07,2026-07-03,Friday,12,True,Traditional,1,CASH-127,Card (Local),30,11,True,139.16,25.0,163.5,15.9,34.9,33.0,0.0,,247.3,4
TXN-CRT-001-000355,2026-07-03 12:34:54,2026-07-03,Friday,12,True,Traditional,8,CASH-130,Card (Local),14,3,True,51.77,12.1,76.0,31.5,21.5,36.2,0.0,,165.3,4
TXN-CRT-001-000356,2026-07-03 12:38:38,2026-07-03,Friday,12,True,Traditional,3,CASH-108,Cash,3,1,True,8.87,44.0,14.4,30.6,48.9,22.7,0.0,,116.6,4
TXN-CRT-001-000357,2026-07-03 12:41:23,2026-07-03,Friday,12,True,Traditional,3,CASH-114,Cash,28,7,True,252.58,51.4,100.0,21.1,64.7,22.1,0.0,,207.8,4
TXN-CRT-001-000358,2026-07-03 12:42:27,2026-07-03,Friday,12,True,Traditional,4,CASH-104,Check,12,5,True,45.82,107.0,76.3,16.8,41.5,17.0,0.0,,151.6,3
TXN-CRT-001-000359,2026-07-03 12:45:48,2026-07-03,Friday,12,True,Express (<10 items),13,CASH-142,Flous (Mobile),4,1,True,24.17,32.3,11.7,43.1,39.7,27.3,0.0,,121.8,4
TXN-CRT-001-000360,2026-07-03 12:50:06,2026-07-03,Friday,12,True,Traditional,5,CASH-119,Cash,20,4,True,151.03,101.4,77.8,28.1,53.4,39.0,0.0,,198.4,3
TXN-CRT-001-000361,2026-07-03 12:55:29,2026-07-03,Friday,12,True,Traditional,8,CASH-132,Card (Local),37,12,True,337.64,35.1,275.7,27.4,24.6,27.8,0.0,,355.5,4
TXN-CRT-001-000362,2026-07-03 12:56:06,2026-07-03,Friday,12,True,Traditional,4,CASH-113,Cash,37,5,True,148.58,14.1,128.5,18.0,55.3,24.4,0.0,,226.2,4
TXN-CRT-001-000363,2026-07-03 12:57:22,2026-07-03,Friday,12,True,Traditional,8,CASH-102,Card (Local),46,8,True,280.85,70.9,150.7,38.3,28.7,16.4,0.0,,234.2,3
TXN-CRT-001-000364,2026-07-03 13:02:58,2026-07-03,Friday,13,True,Traditional,3,CASH-134,Card (Local),35,5,True,287.47,131.8,131.2,18.9,33.2,22.2,0.0,,205.5,3
TXN-CRT-001-000365,2026-07-03 13:04:36,2026-07-03,Friday,13,True,Express (<10 items),12,CASH-143,Cash,1,1,True,6.87,18.7,5.8,40.4,72.7,19.6,85.3,Promo code issue,223.9,3
TXN-CRT-001-000366,2026-07-03 13:08:32,2026-07-03,Friday,13,True,Traditional,4,CASH-123,Check,12,0,False,61.67,78.5,74.2,0.0,81.3,17.6,0.0,,173.1,3
TXN-CRT-001-000367,2026-07-03 13:11:15,2026-07-03,Friday,13,True,Express (<10 items),12,CASH-139,Card (Local),30,10,True,173.99,80.6,174.7,30.2,33.4,23.4,0.0,,261.8,4
TXN-CRT-001-000368,2026-07-03 13:11:18,2026-07-03,Friday,13,True,Self-Service,11,,Cash,12,3,True,84.6,42.5,102.0,74.0,35.9,23.8,0.0,,235.7,4
TXN-CRT-001-000369,2026-07-03 13:15:46,2026-07-03,Friday,13,True,Traditional,1,CASH-122,Card (International),19,0,False,92.94,83.2,75.4,0.0,31.9,30.9,113.5,Supervisor approval needed,251.7,2
TXN-CRT-001-000370,2026-07-03 13:25:29,2026-07-03,Friday,13,True,Traditional,2,CASH-135,Cash,19,4,True,80.52,65.0,87.0,24.8,48.7,30.3,0.0,,190.8,3
TXN-CRT-001-000371,2026-07-03 13:37:15,2026-07-03,Friday,13,True,Traditional,7,CASH-114,Cash,12,2,True,34.13,83.2,78.6,40.7,39.1,22.6,54.0,Barcode not scanning,235.0,3
TXN-CRT-001-000372,2026-07-03 13:42:30,2026-07-03,Friday,13,True,Traditional,3,CASH-111,Cash,39,11,True,183.15,73.7,232.8,19.5,51.8,35.9,0.0,,340.1,3
TXN-CRT-001-000373,2026-07-03 13:44:21,2026-07-03,Friday,13,True,Traditional,1,CASH-118,Cash,15,4,True,62.72,46.9,42.8,41.0,36.7,16.9,0.0,,137.5,4
TXN-CRT-001-000374,2026-07-03 13:45:30,2026-07-03,Friday,13,True,Traditional,5,CASH-114,Card (International),14,3,True,60.16,51.3,50.8,17.2,45.9,17.7,0.0,,131.7,4
TXN-CRT-001-000375,2026-07-03 13:46:42,2026-07-03,Friday,13,True,Traditional,8,CASH-122,Cash,50,7,True,382.34,105.1,298.9,26.4,44.0,29.7,0.0,,399.0,3
TXN-CRT-001-000376,2026-07-03 13:48:04,2026-07-03,Friday,13,True,Traditional,8,CASH-124,Card (International),15,4,True,97.64,56.2,57.3,18.6,44.1,31.7,0.0,,151.7,4
TXN-CRT-001-000377,2026-07-03 13:49:58,2026-07-03,Friday,13,True,Traditional,7,CASH-108,Card (Local),7,3,True,36.08,27.7,30.9,15.7,25.7,34.6,0.0,,106.9,4
TXN-CRT-001-000378,2026-07-03 13:50:14,2026-07-03,Friday,13,True,Traditional,7,CASH-116,Cash,16,5,True,110.91,43.1,80.1,40.0,31.2,17.5,0.0,,168.9,4
TXN-CRT-001-000379,2026-07-03 13:52:44,2026-07-03,Friday,13,True,Traditional,8,CASH-113,Card (International),30,10,True,185.55,67.9,194.9,18.8,32.9,38.7,0.0,,285.3,3
TXN-CRT-001-000380,2026-07-03 13:54:21,2026-07-03,Friday,13,True,Traditional,6,CASH-115,Cash,27,5,True,177.77,100.6,158.8,19.3,40.2,27.2,0.0,,245.5,4
TXN-CRT-001-000381,2026-07-03 13:57:41,2026-07-03,Friday,13,True,Traditional,7,CASH-105,Cash,28,10,True,184.13,12.0,163.7,21.3,28.2,16.1,0.0,,229.3,4
TXN-CRT-001-000382,2026-07-03 14:06:15,2026-07-03,Friday,14,True,Traditional,5,CASH-127,Cash,23,5,True,166.67,41.3,89.8,20.9,28.5,17.6,0.0,,156.8,4
TXN-CRT-001-000383,2026-07-03 14:06:34,2026-07-03,Friday,14,True,Traditional,7,CASH-124,Cash,9,0,False,47.08,95.4,67.5,0.0,53.1,17.6,177.5,Price check required,315.7,3
TXN-CRT-001-000384,2026-07-03 14:12:32,2026-07-03,Friday,14,True,Self-Service,9,,Cash,35,11,True,275.59,24.7,322.5,33.8,68.7,40.1,0.0,,465.0,4
TXN-CRT-001-000385,2026-07-03 14:22:30,2026-07-03,Friday,14,True,Traditional,8,CASH-118,Card (Local),38,14,True,203.95,24.8,180.6,30.1,25.0,29.3,0.0,,265.0,4
TXN-CRT-001-000386,2026-07-03 14:22:37,2026-07-03,Friday,14,True,Traditional,3,CASH-113,Cash,7,2,True,48.65,50.8,19.2,45.0,44.3,17.5,0.0,,126.0,4
TXN-CRT-001-000387,2026-07-03 14:29:58,2026-07-03,Friday,14,True,Traditional,1,CASH-109,Cash,6,1,True,34.43,11.0,30.1,30.8,28.5,19.9,0.0,,109.3,4
TXN-CRT-001-000388,2026-07-03 14:37:36,2026-07-03,Friday,14,True,Traditional,4,CASH-116,Check,48,10,True,175.86,155.9,313.7,37.9,59.5,22.9,0.0,,434.0,2
TXN-CRT-001-000389,2026-07-03 14:40:03,2026-07-03,Friday,14,True,Traditional,2,CASH-112,Card (Local),35,8,True,171.67,67.3,221.3,28.7,29.2,26.8,0.0,,306.1,3
TXN-CRT-001-000390,2026-07-03 14:49:23,2026-07-03,Friday,14,True,Traditional,6,CASH-118,Flous (Mobile),38,13,True,272.36,78.3,105.4,36.8,20.5,20.4,0.0,,183.1,3
TXN-CRT-001-000391,2026-07-03 14:52:11,2026-07-03,Friday,14,True,Express (<10 items),13,CASH-142,Cash,37,7,True,331.09,110.0,154.2,33.8,55.7,39.2,0.0,,282.9,3
TXN-CRT-001-000392,2026-07-03 14:54:41,2026-07-03,Friday,14,True,Traditional,2,CASH-115,Card (Local),17,6,True,82.71,215.0,93.9,21.9,28.3,32.7,0.0,,176.8,3
TXN-CRT-001-000393,2026-07-03 15:08:47,2026-07-03,Friday,15,True,Traditional,7,CASH-123,Flous (Mobile),20,4,True,156.88,47.0,147.0,33.4,21.8,35.4,0.0,,237.6,4
TXN-CRT-001-000394,2026-07-03 15:13:51,2026-07-03,Friday,15,True,Traditional,7,CASH-123,Card (Local),17,6,True,74.43,11.8,68.0,15.1,24.6,20.6,0.0,,128.3,4
TXN-CRT-001-000395,2026-07-03 15:40:04,2026-07-03,Friday,15,True,Traditional,7,CASH-108,Card (Local),3,2,True,17.56,63.0,19.6,25.5,34.0,32.6,0.0,,111.7,3
TXN-CRT-001-000396,2026-07-03 15:57:46,2026-07-03,Friday,15,True,Express (<10 items),13,CASH-142,Cash,25,6,True,209.0,26.1,114.2,26.9,29.4,35.9,0.0,,206.4,4
TXN-CRT-001-000397,2026-07-03 16:03:59,2026-07-03,Friday,16,True,Self-Service,10,,Cash,16,3,True,100.68,18.0,210.9,51.7,64.3,25.0,0.0,,351.9,4
TXN-CRT-001-000398,2026-07-03 16:07:32,2026-07-03,Friday,16,True,Traditional,1,CASH-132,Cash,21,7,True,117.39,33.7,56.4,42.9,26.1,22.0,0.0,,147.5,4
TXN-CRT-001-000399,2026-07-03 16:08:46,2026-07-03,Friday,16,True,Traditional,6,CASH-134,Cash,15,4,True,83.21,46.3,76.6,28.9,40.0,29.0,0.0,,174.5,4
TXN-CRT-001-000400,2026-07-03 16:15:54,2026-07-03,Friday,16,True,Traditional,8,CASH-113,Flous (Mobile),15,4,True,77.07,111.4,85.2,39.5,31.8,27.7,0.0,,184.2,4
TXN-CRT-001-000401,2026-07-03 16:24:46,2026-07-03,Friday,16,True,Traditional,4,CASH-132,Cash,7,2,True,39.73,158.6,33.9,41.9,37.3,35.2,38.0,Payment terminal error,186.4,2
TXN-CRT-001-000402,2026-07-03 16:35:49,2026-07-03,Friday,16,True,Self-Service,9,,Check,9,1,True,48.8,20.3,81.9,28.1,87.8,45.8,0.0,,243.7,4
TXN-CRT-001-000403,2026-07-03 16:46:53,2026-07-03,Friday,16,True,Traditional,4,CASH-131,Check,6,3,True,22.72,35.8,24.4,42.2,69.8,35.2,0.0,,171.6,4
TXN-CRT-001-000404,2026-07-03 16:49:13,2026-07-03,Friday,16,True,Traditional,7,CASH-131,Cash,7,1,True,53.35,75.9,50.2,28.3,30.2,38.3,46.0,Item return/exchange,193.0,3
TXN-CRT-001-000405,2026-07-03 17:06:01,2026-07-03,Friday,17,True,Traditional,3,CASH-111,Cash,47,16,True,330.57,83.4,295.8,40.0,74.6,22.0,168.3,Barcode not scanning,600.7,2
TXN-CRT-001-000406,2026-07-03 17:06:46,2026-07-03,Friday,17,True,Self-Service,10,,Flous (Mobile),6,1,True,38.24,22.5,34.3,68.4,37.0,32.7,0.0,,172.3,4
TXN-CRT-001-000407,2026-07-03 17:07:23,2026-07-03,Friday,17,True,Traditional,3,CASH-104,Check,9,3,True,49.24,95.5,33.0,35.0,65.9,31.6,0.0,,165.5,3
TXN-CRT-001-000408,2026-07-03 17:21:47,2026-07-03,Friday,17,True,Traditional,5,CASH-120,Cash,19,4,True,90.3,27.6,141.1,42.8,43.7,19.0,0.0,,246.6,4
TXN-CRT-001-000409,2026-07-03 17:24:11,2026-07-03,Friday,17,True,Self-Service,10,,Cash,19,4,True,102.06,21.7,107.9,22.9,36.7,27.3,170.5,Price check required,365.3,3
TXN-CRT-001-000410,2026-07-03 17:29:58,2026-07-03,Friday,17,True,Traditional,4,CASH-115,Card (Local),6,1,True,44.85,73.6,24.3,35.8,28.0,19.5,0.0,,107.6,4
TXN-CRT-001-000411,2026-07-03 17:43:47,2026-07-03,Friday,17,True,Traditional,3,CASH-132,Card (Local),28,8,True,133.9,113.4,207.2,21.4,24.6,17.8,0.0,,271.0,4
TXN-CRT-001-000412,2026-07-03 17:43:55,2026-07-03,Friday,17,True,Express (<10 items),12,CASH-137,Cash,28,7,True,188.92,63.0,143.6,22.1,74.7,20.4,0.0,,260.8,3
TXN-CRT-001-000413,2026-07-03 17:47:04,2026-07-03,Friday,17,True,Express (<10 items),12,CASH-144,Card (Local),8,3,True,54.17,55.5,29.8,42.4,22.6,27.4,0.0,,122.2,4
TXN-CRT-001-000414,2026-07-03 18:04:46,2026-07-03,Friday,18,True,Traditional,8,CASH-133,Cash,10,2,True,41.36,47.0,71.5,20.9,62.3,29.0,0.0,,183.7,4
TXN-CRT-001-000415,2026-07-03 18:05:10,2026-07-03,Friday,18,True,Traditional,5,CASH-118,Cash,43,12,True,359.19,53.2,220.6,40.7,73.5,21.1,0.0,,355.9,3
TXN-CRT-001-000416,2026-07-03 18:13:24,2026-07-03,Friday,18,True,Traditional,8,CASH-110,Cash,30,9,True,249.0,42.1,204.9,34.8,44.4,26.3,0.0,,310.4,3
TXN-CRT-001-000417,2026-07-03 18:17:41,2026-07-03,Friday,18,True,Traditional,7,CASH-130,Cash,23,4,True,177.51,75.1,138.1,44.7,72.9,21.8,0.0,,277.7,4
TXN-CRT-001-000418,2026-07-03 18:20:07,2026-07-03,Friday,18,True,Traditional,8,CASH-108,Cash,4,1,True,22.34,53.2,12.5,38.0,70.9,24.8,0.0,,146.1,4
TXN-CRT-001-000419,2026-07-03 18:25:23,2026-07-03,Friday,18,True,Traditional,8,CASH-125,Cash,13,3,True,95.19,206.5,60.5,26.0,53.0,17.5,0.0,,156.9,3
TXN-CRT-001-000420,2026-07-03 18:29:02,2026-07-03,Friday,18,True,Traditional,6,CASH-128,Cash,17,4,True,119.53,64.9,112.6,28.9,31.3,37.0,0.0,,209.8,3
TXN-CRT-001-000421,2026-07-03 18:32:28,2026-07-03,Friday,18,True,Traditional,4,CASH-121,Cash,7,1,True,51.76,42.2,22.3,15.7,59.9,29.7,0.0,,127.6,4
TXN-CRT-001-000422,2026-07-03 18:34:51,2026-07-03,Friday,18,True,Traditional,8,CASH-127,Cash,14,4,True,60.3,20.6,100.4,26.1,38.1,22.6,0.0,,187.2,4
TXN-CRT-001-000423,2026-07-03 18:37:39,2026-07-03,Friday,18,True,Traditional,3,CASH-119,Check,19,3,True,121.69,23.1,103.8,35.8,62.4,17.5,0.0,,219.5,4
TXN-CRT-001-000424,2026-07-03 18:42:31,2026-07-03,Friday,18,True,Traditional,7,CASH-123,Cash,11,3,True,48.59,66.9,81.2,34.4,43.0,15.1,0.0,,173.8,3
TXN-CRT-001-000425,2026-07-03 18:46:57,2026-07-03,Friday,18,True,Traditional,1,CASH-124,Cash,27,10,True,221.43,32.3,148.4,22.1,58.1,26.9,0.0,,255.5,4
TXN-CRT-001-000426,2026-07-03 18:57:01,2026-07-03,Friday,18,True,Traditional,4,CASH-114,Card (Local),32,8,True,281.13,57.6,95.8,31.2,24.7,38.8,0.0,,190.6,4
TXN-CRT-001-000427,2026-07-03 18:57:45,2026-07-03,Friday,18,True,Traditional,3,CASH-111,Check,10,3,True,27.82,117.9,32.5,24.7,70.2,36.3,33.6,Supervisor approval needed,197.3,2
TXN-CRT-001-000428,2026-07-03 19:01:07,2026-07-03,Friday,19,True,Self-Service,11,,Cash,32,4,True,151.72,16.9,203.8,22.3,72.9,44.6,0.0,,343.6,3
TXN-CRT-001-000429,2026-07-03 19:03:58,2026-07-03,Friday,19,True,Traditional,2,CASH-134,Card (Local),5,2,True,28.55,44.4,31.2,17.5,23.6,16.8,117.8,Supervisor approval needed,207.0,3
TXN-CRT-001-000430,2026-07-03 19:10:26,2026-07-03,Friday,19,True,Traditional,5,CASH-117,Card (Local),32,7,True,265.23,12.3,169.9,38.6,34.5,33.7,0.0,,276.7,4
TXN-CRT-001-000431,2026-07-03 19:21:58,2026-07-03,Friday,19,True,Traditional,6,CASH-102,Card (Local),6,2,True,44.61,59.3,17.5,43.4,32.5,15.0,0.0,,108.5,4
TXN-CRT-001-000432,2026-07-03 19:22:21,2026-07-03,Friday,19,True,Traditional,1,CASH-114,Cash,4,3,True,28.61,13.8,21.1,19.2,63.2,28.3,0.0,,131.8,4
TXN-CRT-001-000433,2026-07-03 19:25:13,2026-07-03,Friday,19,True,Traditional,6,CASH-118,Card (Local),20,5,True,142.25,16.5,147.2,40.0,28.6,34.1,0.0,,249.8,4
TXN-CRT-001-000434,2026-07-03 19:27:52,2026-07-03,Friday,19,True,Traditional,8,CASH-132,Cash,15,5,True,105.15,146.8,104.2,36.3,53.0,25.1,0.0,,218.6,3
TXN-CRT-001-000435,2026-07-03 19:34:13,2026-07-03,Friday,19,True,Traditional,7,CASH-128,Card (Local),40,10,True,218.26,29.6,234.8,21.5,19.0,31.6,0.0,,307.0,4
TXN-CRT-001-000436,2026-07-03 19:38:51,2026-07-03,Friday,19,True,Traditional,7,CASH-126,Card (Local),12,1,True,72.19,21.6,59.6,41.7,34.6,38.7,0.0,,174.7,4
TXN-CRT-001-000437,2026-07-03 19:39:58,2026-07-03,Friday,19,True,Traditional,2,CASH-120,Cash,10,4,True,74.9,117.4,74.6,40.7,71.9,39.2,0.0,,226.4,3
TXN-CRT-001-000438,2026-07-03 19:45:01,2026-07-03,Friday,19,True,Traditional,5,CASH-124,Flous (Mobile),15,1,True,74.78,21.5,42.8,19.2,39.8,34.3,0.0,,136.0,4
TXN-CRT-001-000439,2026-07-03 19:48:49,2026-07-03,Friday,19,True,Traditional,6,CASH-118,Cash,14,4,True,41.31,64.1,44.5,19.2,45.5,33.8,0.0,,143.0,4
TXN-CRT-001-000440,2026-07-03 19:51:04,2026-07-03,Friday,19,True,Traditional,8,CASH-120,Flous (Mobile),11,0,False,28.37,65.5,81.6,0.0,36.4,18.0,0.0,,136.1,4
TXN-CRT-001-000441,2026-07-03 19:55:06,2026-07-03,Friday,19,True,Traditional,1,CASH-101,Cash,23,8,True,153.85,91.2,130.9,33.8,60.9,35.7,0.0,,261.3,3
TXN-CRT-001-000442,2026-07-03 20:03:08,2026-07-03,Friday,20,True,Express (<10 items),13,CASH-142,Cash,26,4,True,185.72,18.4,122.2,35.7,46.8,21.0,0.0,,225.7,4
TXN-CRT-001-000443,2026-07-03 20:04:12,2026-07-03,Friday,20,True,Traditional,2,CASH-126,Cash,33,8,True,319.12,24.6,134.8,33.8,54.6,25.3,0.0,,248.5,4
TXN-CRT-001-000444,2026-07-03 20:05:45,2026-07-03,Friday,20,True,Traditional,6,CASH-134,Check,47,12,True,389.38,29.9,181.9,40.1,47.4,34.5,0.0,,303.9,4
TXN-CRT-001-000445,2026-07-03 20:08:49,2026-07-03,Friday,20,True,Traditional,6,CASH-120,Cash,9,2,True,32.7,25.6,54.6,37.0,57.9,39.4,0.0,,189.0,4
TXN-CRT-001-000446,2026-07-03 20:10:18,2026-07-03,Friday,20,True,Express (<10 items),12,CASH-138,Cash,24,5,True,197.95,87.1,141.9,41.6,65.3,35.1,0.0,,283.9,4
TXN-CRT-001-000447,2026-07-03 20:12:40,2026-07-03,Friday,20,True,Express (<10 items),13,CASH-141,Cash,12,3,True,64.52,65.6,43.2,22.2,54.2,30.1,0.0,,149.7,4
TXN-CRT-001-000448,2026-07-03 20:20:38,2026-07-03,Friday,20,True,Traditional,3,CASH-114,Card (Local),22,4,True,153.74,73.0,90.3,40.8,33.9,22.8,0.0,,187.8,3
TXN-CRT-001-000449,2026-07-03 20:20:47,2026-07-03,Friday,20,True,Traditional,1,CASH-111,Card (Local),15,3,True,44.35,11.7,68.6,22.7,23.1,28.0,0.0,,142.4,4
TXN-CRT-001-000450,2026-07-03 20:23:18,2026-07-03,Friday,20,True,Traditional,2,CASH-133,Cash,50,11,True,382.97,58.2,187.1,42.7,56.5,34.2,0.0,,320.4,4
TXN-CRT-001-000451,2026-07-03 20:26:49,2026-07-03,Friday,20,True,Traditional,3,CASH-113,Cash,24,6,True,137.88,130.2,112.2,18.4,73.6,17.9,0.0,,222.1,3
TXN-CRT-001-000452,2026-07-03 20:37:48,2026-07-03,Friday,20,True,Traditional,5,CASH-126,Cash,45,9,True,369.55,189.4,331.0,21.6,46.3,15.6,0.0,,414.5,3
TXN-CRT-001-000453,2026-07-03 20:38:47,2026-07-03,Friday,20,True,Traditional,1,CASH-115,Cash,31,14,True,121.87,34.2,81.3,31.9,48.9,36.0,0.0,,198.1,4
TXN-CRT-001-000454,2026-07-03 20:40:01,2026-07-03,Friday,20,True,Self-Service,9,,Cash,39,10,True,229.38,92.6,298.4,51.5,57.0,31.7,0.0,,438.5,3
TXN-CRT-001-000455,2026-07-03 20:53:13,2026-07-03,Friday,20,True,Traditional,4,CASH-101,Card (Local),30,5,True,208.45,25.2,192.0,30.9,33.8,16.3,0.0,,273.0,4
TXN-CRT-001-000456,2026-07-03 20:53:51,2026-07-03,Friday,20,True,Traditional,6,CASH-102,Cash,14,3,True,56.18,12.2,75.4,35.6,25.8,33.2,0.0,,170.1,4
TXN-CRT-001-000457,2026-07-03 20:55:18,2026-07-03,Friday,20,True,Traditional,1,CASH-105,Cash,9,4,True,67.86,13.0,65.4,29.0,30.8,19.5,0.0,,144.7,4
TXN-CRT-001-000458,2026-07-03 20:56:35,2026-07-03,Friday,20,True,Traditional,8,CASH-107,Cash,12,0,False,68.04,118.6,53.8,0.0,61.2,20.4,0.0,,135.5,4
TXN-CRT-001-000459,2026-07-03 20:59:14,2026-07-03,Friday,20,True,Traditional,7,CASH-135,Check,1,0,False,7.38,36.4,5.0,0.0,43.6,34.9,0.0,,83.6,4
TXN-CRT-001-000460,2026-07-03 21:10:36,2026-07-03,Friday,21,True,Traditional,6,CASH-132,Check,16,4,True,41.99,30.7,65.6,34.7,69.5,38.8,0.0,,208.6,4
TXN-CRT-001-000461,2026-07-03 21:12:16,2026-07-03,Friday,21,True,Traditional,8,CASH-112,Card (International),16,2,True,109.95,84.9,58.2,28.7,47.9,29.3,0.0,,164.1,3
TXN-CRT-001-000462,2026-07-03 21:17:22,2026-07-03,Friday,21,True,Traditional,6,CASH-108,Cash,16,6,True,97.79,15.9,68.7,29.7,53.9,34.1,174.3,Supervisor approval needed,360.7,3
TXN-CRT-001-000463,2026-07-03 21:32:19,2026-07-03,Friday,21,True,Traditional,6,CASH-113,Cash,47,11,True,412.1,70.7,177.4,28.5,59.1,16.8,0.0,,281.9,3
TXN-CRT-001-000464,2026-07-03 21:36:02,2026-07-03,Friday,21,True,Traditional,5,CASH-135,Cash,40,8,True,296.78,42.1,143.3,26.7,71.1,15.3,0.0,,256.5,4
TXN-CRT-001-000465,2026-07-03 21:36:40,2026-07-03,Friday,21,True,Express (<10 items),13,CASH-139,Cash,6,2,True,42.5,177.6,30.2,26.8,57.6,36.6,0.0,,151.2,3
TXN-CRT-001-000466,2026-07-03 21:38:38,2026-07-03,Friday,21,True,Traditional,1,CASH-102,Cash,12,3,True,59.39,35.5,39.6,43.4,39.6,36.3,0.0,,158.9,4
TXN-CRT-001-000467,2026-07-03 21:48:48,2026-07-03,Friday,21,True,Traditional,2,CASH-111,Card (International),13,5,True,73.76,44.6,34.5,15.4,26.1,24.9,0.0,,100.9,4
TXN-CRT-001-000468,2026-07-03 21:58:02,2026-07-03,Friday,21,True,Self-Service,10,,Flous (Mobile),12,3,True,54.45,12.8,127.2,38.3,32.6,49.8,0.0,,247.8,4
TXN-CRT-001-000469,2026-07-04 08:08:44,2026-07-04,Saturday,8,True,Traditional,8,CASH-103,Flous (Mobile),28,8,True,164.45,195.8,141.6,21.7,38.2,36.6,0.0,,238.1,3
TXN-CRT-001-000470,2026-07-04 08:30:09,2026-07-04,Saturday,8,True,Express (<10 items),13,CASH-136,Cash,16,6,True,121.37,37.6,40.6,36.5,51.2,17.1,0.0,,145.4,4
TXN-CRT-001-000471,2026-07-04 08:33:27,2026-07-04,Saturday,8,True,Traditional,1,CASH-123,Card (Local),18,2,True,102.93,151.4,65.7,27.8,24.0,38.0,0.0,,155.5,3
TXN-CRT-001-000472,2026-07-04 08:42:53,2026-07-04,Saturday,8,True,Express (<10 items),12,CASH-142,Cash,33,10,True,189.97,9.1,85.8,19.0,28.2,26.2,74.2,Promo code issue,233.5,3
TXN-CRT-001-000473,2026-07-04 08:47:27,2026-07-04,Saturday,8,True,Traditional,3,CASH-122,Cash,29,8,True,156.51,61.5,140.6,39.9,28.5,32.0,0.0,,241.0,4
TXN-CRT-001-000474,2026-07-04 08:56:46,2026-07-04,Saturday,8,True,Self-Service,10,,Card (Local),6,0,False,25.33,182.2,55.4,0.0,33.1,38.9,0.0,,127.3,3
TXN-CRT-001-000475,2026-07-04 09:02:36,2026-07-04,Saturday,9,True,Traditional,6,CASH-129,Cash,24,6,True,191.66,29.7,78.8,36.9,41.4,23.3,0.0,,180.4,4
TXN-CRT-001-000476,2026-07-04 09:05:36,2026-07-04,Saturday,9,True,Express (<10 items),13,CASH-138,Cash,14,1,True,93.1,58.4,39.5,41.6,26.6,17.9,0.0,,125.6,4
TXN-CRT-001-000477,2026-07-04 09:08:51,2026-07-04,Saturday,9,True,Traditional,5,CASH-113,Cash,10,3,True,50.56,121.3,51.9,22.7,31.4,25.7,0.0,,131.7,3
TXN-CRT-001-000478,2026-07-04 09:24:55,2026-07-04,Saturday,9,True,Traditional,3,CASH-135,Card (Local),2,0,False,13.24,38.0,11.9,0.0,18.2,25.5,0.0,,55.6,4
TXN-CRT-001-000479,2026-07-04 09:34:53,2026-07-04,Saturday,9,True,Express (<10 items),12,CASH-142,Card (International),15,7,True,100.93,12.3,41.5,16.1,43.6,28.2,165.7,Item return/exchange,295.2,3
TXN-CRT-001-000480,2026-07-04 09:40:38,2026-07-04,Saturday,9,True,Traditional,4,CASH-108,Cash,11,1,True,67.97,33.5,42.4,19.3,66.0,21.9,0.0,,149.5,4
TXN-CRT-001-000481,2026-07-04 09:51:06,2026-07-04,Saturday,9,True,Traditional,2,CASH-127,Card (International),9,3,True,32.16,62.1,37.4,21.1,27.9,25.9,0.0,,112.3,3
TXN-CRT-001-000482,2026-07-04 09:58:56,2026-07-04,Saturday,9,True,Traditional,7,CASH-104,Cash,23,4,True,163.88,61.6,155.2,31.8,68.2,17.8,0.0,,273.0,3
TXN-CRT-001-000483,2026-07-04 10:06:22,2026-07-04,Saturday,10,True,Traditional,5,CASH-105,Cash,26,7,True,198.76,81.7,116.5,18.7,67.0,34.6,0.0,,236.9,4
TXN-CRT-001-000484,2026-07-04 10:08:08,2026-07-04,Saturday,10,True,Traditional,7,CASH-135,Card (Local),9,3,True,34.44,24.2,60.1,29.1,29.5,15.2,0.0,,134.0,4
TXN-CRT-001-000485,2026-07-04 10:09:38,2026-07-04,Saturday,10,True,Traditional,4,CASH-128,Card (Local),2,1,True,11.43,172.9,5.0,26.2,33.5,16.6,44.9,Payment terminal error,126.2,2
TXN-CRT-001-000486,2026-07-04 10:11:32,2026-07-04,Saturday,10,True,Self-Service,9,,Check,33,10,True,161.91,25.0,211.6,26.8,54.5,42.0,0.0,,334.9,3
TXN-CRT-001-000487,2026-07-04 10:13:13,2026-07-04,Saturday,10,True,Traditional,1,CASH-105,Cash,1,1,True,5.43,53.2,3.0,36.9,29.7,25.2,0.0,,94.8,4
TXN-CRT-001-000488,2026-07-04 10:13:32,2026-07-04,Saturday,10,True,Traditional,5,CASH-107,Card (Local),43,7,True,388.28,63.8,310.8,39.9,20.9,15.1,0.0,,386.6,3
TXN-CRT-001-000489,2026-07-04 10:22:23,2026-07-04,Saturday,10,True,Express (<10 items),12,CASH-139,Card (Local),20,4,True,83.81,59.3,54.1,24.5,18.3,30.2,0.0,,127.2,4
TXN-CRT-001-000490,2026-07-04 10:22:51,2026-07-04,Saturday,10,True,Self-Service,9,,Flous (Mobile),10,3,True,60.55,18.5,110.8,49.8,35.5,23.7,0.0,,219.7,4
TXN-CRT-001-000491,2026-07-04 10:31:41,2026-07-04,Saturday,10,True,Traditional,4,CASH-128,Cash,9,2,True,38.1,123.3,54.4,26.2,59.9,32.4,0.0,,172.9,3
TXN-CRT-001-000492,2026-07-04 10:38:51,2026-07-04,Saturday,10,True,Traditional,7,CASH-118,Card (International),1,0,False,3.17,32.2,6.5,0.0,38.8,16.2,0.0,,61.5,4
TXN-CRT-001-000493,2026-07-04 10:46:06,2026-07-04,Saturday,10,True,Traditional,4,CASH-104,Card (Local),8,2,True,51.83,67.9,41.9,44.5,29.0,30.9,0.0,,146.4,4
TXN-CRT-001-000494,2026-07-04 10:48:56,2026-07-04,Saturday,10,True,Traditional,7,CASH-127,Cash,6,1,True,16.39,58.0,42.6,37.2,72.7,36.3,0.0,,188.8,4
TXN-CRT-001-000495,2026-07-04 10:51:43,2026-07-04,Saturday,10,True,Traditional,3,CASH-122,Cash,19,4,True,53.67,57.9,142.0,20.2,42.0,36.8,0.0,,241.0,4
TXN-CRT-001-000496,2026-07-04 11:02:08,2026-07-04,Saturday,11,True,Traditional,7,CASH-135,Cash,7,3,True,37.95,11.2,30.2,38.1,29.3,37.9,0.0,,135.6,4
TXN-CRT-001-000497,2026-07-04 11:02:53,2026-07-04,Saturday,11,True,Traditional,5,CASH-103,Card (Local),16,4,True,112.72,29.9,105.4,24.6,29.7,35.9,0.0,,195.5,4
TXN-CRT-001-000498,2026-07-04 11:04:28,2026-07-04,Saturday,11,True,Traditional,4,CASH-124,Flous (Mobile),19,1,True,130.85,67.5,114.4,31.6,23.5,16.0,0.0,,185.5,4
TXN-CRT-001-000499,2026-07-04 11:07:37,2026-07-04,Saturday,11,True,Express (<10 items),12,CASH-137,Card (Local),10,1,True,72.06,11.9,45.3,15.6,22.0,21.4,0.0,,104.3,4
TXN-CRT-001-000500,2026-07-04 11:10:50,2026-07-04,Saturday,11,True,Express (<10 items),12,CASH-144,Card (Local),2,1,True,12.89,25.2,12.5,38.9,18.1,34.0,0.0,,103.5,4
TXN-CRT-001-000501,2026-07-04 11:11:35,2026-07-04,Saturday,11,True,Traditional,3,CASH-120,Cash,2,2,True,5.47,54.2,13.4,28.0,65.0,36.2,0.0,,142.5,4
TXN-CRT-001-000502,2026-07-04 11:16:48,2026-07-04,Saturday,11,True,Traditional,1,CASH-103,Cash,2,1,True,8.61,78.8,14.0,20.3,74.6,20.5,0.0,,129.4,3
TXN-CRT-001-000503,2026-07-04 11:16:57,2026-07-04,Saturday,11,True,Traditional,5,CASH-119,Cash,25,5,True,221.37,53.4,103.6,35.8,39.8,33.3,0.0,,212.3,4
TXN-CRT-001-000504,2026-07-04 11:17:28,2026-07-04,Saturday,11,True,Traditional,8,CASH-132,Cash,10,5,True,64.3,43.0,34.1,24.8,64.7,29.1,0.0,,152.6,4
TXN-CRT-001-000505,2026-07-04 11:20:42,2026-07-04,Saturday,11,True,Traditional,2,CASH-132,Cash,28,8,True,125.99,60.1,132.3,33.0,74.1,17.2,0.0,,256.6,4
TXN-CRT-001-000506,2026-07-04 11:28:12,2026-07-04,Saturday,11,True,Traditional,4,CASH-116,Cash,14,5,True,61.43,41.0,90.0,44.7,64.9,20.6,0.0,,220.1,4
TXN-CRT-001-000507,2026-07-04 11:31:31,2026-07-04,Saturday,11,True,Self-Service,10,,Cash,14,5,True,88.68,23.5,148.1,71.1,37.5,43.0,0.0,,299.6,4
TXN-CRT-001-000508,2026-07-04 11:33:37,2026-07-04,Saturday,11,True,Traditional,3,CASH-123,Cash,16,3,True,109.26,33.2,47.0,26.7,52.5,39.5,0.0,,165.6,4
TXN-CRT-001-000509,2026-07-04 11:34:25,2026-07-04,Saturday,11,True,Express (<10 items),13,CASH-136,Cash,24,6,True,168.24,66.8,171.1,42.3,26.9,33.9,0.0,,274.3,3
TXN-CRT-001-000510,2026-07-04 11:37:57,2026-07-04,Saturday,11,True,Traditional,2,CASH-116,Cash,9,1,True,42.4,43.3,52.2,43.9,34.1,34.4,0.0,,164.6,4
TXN-CRT-001-000511,2026-07-04 11:45:18,2026-07-04,Saturday,11,True,Traditional,2,CASH-108,Cash,5,1,True,37.66,233.1,30.2,32.9,43.8,15.2,0.0,,122.1,3
TXN-CRT-001-000512,2026-07-04 11:47:38,2026-07-04,Saturday,11,True,Traditional,8,CASH-133,Flous (Mobile),17,6,True,49.87,17.8,65.6,28.0,35.0,18.2,0.0,,146.8,4
TXN-CRT-001-000513,2026-07-04 11:49:27,2026-07-04,Saturday,11,True,Express (<10 items),13,CASH-144,Flous (Mobile),11,5,True,69.26,65.3,56.6,33.5,24.5,32.2,0.0,,146.8,4
TXN-CRT-001-000514,2026-07-04 12:04:21,2026-07-04,Saturday,12,True,Self-Service,11,,Card (Local),14,4,True,74.24,73.0,106.1,67.9,30.4,37.2,0.0,,241.6,3
TXN-CRT-001-000515,2026-07-04 12:08:31,2026-07-04,Saturday,12,True,Traditional,6,CASH-120,Cash,20,5,True,115.95,52.4,97.9,41.5,67.3,18.2,0.0,,224.9,4
TXN-CRT-001-000516,2026-07-04 12:08:45,2026-07-04,Saturday,12,True,Traditional,8,CASH-130,Card (International),15,2,True,84.39,38.9,105.5,24.9,34.8,16.2,0.0,,181.4,4
TXN-CRT-001-000517,2026-07-04 12:09:05,2026-07-04,Saturday,12,True,Traditional,5,CASH-119,Card (International),20,2,True,72.99,49.1,134.9,21.3,41.9,33.7,0.0,,231.9,4
TXN-CRT-001-000518,2026-07-04 12:12:34,2026-07-04,Saturday,12,True,Traditional,6,CASH-105,Card (International),17,4,True,65.13,49.4,100.0,41.5,28.6,24.1,0.0,,194.3,4
TXN-CRT-001-000519,2026-07-04 12:15:09,2026-07-04,Saturday,12,True,Express (<10 items),13,CASH-142,Cash,25,6,True,209.83,139.9,190.9,30.4,50.6,17.6,0.0,,289.5,3
TXN-CRT-001-000520,2026-07-04 12:16:11,2026-07-04,Saturday,12,True,Traditional,3,CASH-115,Card (Local),23,6,True,189.44,8.2,87.2,22.0,27.8,24.9,0.0,,161.9,4
TXN-CRT-001-000521,2026-07-04 12:22:35,2026-07-04,Saturday,12,True,Traditional,5,CASH-112,Flous (Mobile),17,0,False,133.7,22.9,103.0,0.0,37.9,15.2,65.6,Promo code issue,221.7,3
TXN-CRT-001-000522,2026-07-04 12:25:24,2026-07-04,Saturday,12,True,Traditional,4,CASH-111,Card (Local),22,10,True,243.66,60.4,86.3,32.5,28.4,34.6,0.0,,181.7,3
TXN-CRT-001-000523,2026-07-04 12:30:11,2026-07-04,Saturday,12,True,Express (<10 items),12,CASH-144,Card (Local),36,8,True,217.18,102.8,246.5,24.4,29.6,31.1,0.0,,331.6,3
TXN-CRT-001-000524,2026-07-04 12:31:28,2026-07-04,Saturday,12,True,Traditional,1,CASH-121,Cash,14,5,True,108.58,24.3,91.0,23.3,67.5,16.1,0.0,,197.9,4
TXN-CRT-001-000525,2026-07-04 12:32:47,2026-07-04,Saturday,12,True,Traditional,7,CASH-123,Card (Local),13,3,True,64.7,18.9,91.4,20.1,25.2,24.6,0.0,,161.4,4
TXN-CRT-001-000526,2026-07-04 12:35:41,2026-07-04,Saturday,12,True,Traditional,8,CASH-127,Cash,26,4,True,159.26,44.7,109.6,34.6,39.9,26.3,0.0,,210.4,4
TXN-CRT-001-000527,2026-07-04 12:40:19,2026-07-04,Saturday,12,True,Traditional,5,CASH-115,Card (Local),18,6,True,130.22,23.1,96.1,35.7,18.5,35.0,0.0,,185.3,4
TXN-CRT-001-000528,2026-07-04 12:53:32,2026-07-04,Saturday,12,True,Traditional,6,CASH-115,Cash,3,1,True,21.04,44.9,12.6,34.6,50.8,38.0,0.0,,136.0,4
TXN-CRT-001-000529,2026-07-04 12:54:44,2026-07-04,Saturday,12,True,Traditional,5,CASH-128,Cash,38,10,True,194.28,23.5,276.4,34.1,68.1,33.5,0.0,,412.1,4
TXN-CRT-001-000530,2026-07-04 12:54:45,2026-07-04,Saturday,12,True,Self-Service,10,,Cash,2,0,False,7.05,79.8,20.7,0.0,73.3,30.9,0.0,,124.9,4
TXN-CRT-001-000531,2026-07-04 12:58:05,2026-07-04,Saturday,12,True,Traditional,7,CASH-127,Card (Local),25,3,True,182.81,24.1,118.8,37.7,33.7,27.4,0.0,,217.6,4
TXN-CRT-001-000532,2026-07-04 13:02:17,2026-07-04,Saturday,13,True,Express (<10 items),12,CASH-136,Cash,26,7,True,116.89,10.0,186.6,26.4,51.3,39.9,0.0,,304.1,3
TXN-CRT-001-000533,2026-07-04 13:02:54,2026-07-04,Saturday,13,True,Express (<10 items),13,CASH-138,Card (Local),45,15,True,270.47,80.0,147.3,40.2,29.8,16.4,0.0,,233.7,3
TXN-CRT-001-000534,2026-07-04 13:06:25,2026-07-04,Saturday,13,True,Traditional,5,CASH-115,Card (International),3,0,False,8.2,49.9,17.5,0.0,45.2,36.0,0.0,,98.7,4
TXN-CRT-001-000535,2026-07-04 13:11:10,2026-07-04,Saturday,13,True,Traditional,2,CASH-122,Cash,19,4,True,61.51,35.5,84.4,41.4,59.3,36.5,0.0,,221.6,4
TXN-CRT-001-000536,2026-07-04 13:11:37,2026-07-04,Saturday,13,True,Express (<10 items),12,CASH-138,Cash,13,5,True,68.83,36.4,33.7,29.8,51.7,24.7,0.0,,139.9,4
TXN-CRT-001-000537,2026-07-04 13:13:55,2026-07-04,Saturday,13,True,Traditional,4,CASH-106,Cash,11,2,True,42.02,54.3,38.0,36.5,50.1,22.1,0.0,,146.6,4
TXN-CRT-001-000538,2026-07-04 13:19:53,2026-07-04,Saturday,13,True,Traditional,4,CASH-132,Flous (Mobile),4,1,True,20.7,19.0,13.8,32.4,32.1,18.2,0.0,,96.6,4
TXN-CRT-001-000539,2026-07-04 13:20:08,2026-07-04,Saturday,13,True,Traditional,4,CASH-109,Card (Local),18,5,True,90.24,13.8,106.4,16.3,21.2,17.2,0.0,,161.0,4
TXN-CRT-001-000540,2026-07-04 13:25:45,2026-07-04,Saturday,13,True,Traditional,8,CASH-107,Cash,15,4,True,108.06,24.0,47.9,39.6,65.1,22.9,0.0,,175.4,4
TXN-CRT-001-000541,2026-07-04 13:36:10,2026-07-04,Saturday,13,True,Express (<10 items),12,CASH-137,Cash,5,1,True,27.48,23.4,18.6,36.3,65.4,22.1,0.0,,142.5,4
TXN-CRT-001-000542,2026-07-04 13:37:12,2026-07-04,Saturday,13,True,Traditional,2,CASH-112,Card (Local),19,4,True,91.58,22.4,72.4,35.7,21.2,39.2,0.0,,168.6,4
TXN-CRT-001-000543,2026-07-04 13:37:30,2026-07-04,Saturday,13,True,Traditional,6,CASH-135,Flous (Mobile),25,3,True,210.48,139.3,122.8,17.2,28.5,30.3,0.0,,198.8,3
TXN-CRT-001-000544,2026-07-04 13:39:55,2026-07-04,Saturday,13,True,Traditional,7,CASH-105,Flous (Mobile),26,8,True,140.52,24.1,141.1,36.3,26.3,23.6,0.0,,227.3,4
TXN-CRT-001-000545,2026-07-04 13:41:04,2026-07-04,Saturday,13,True,Traditional,7,CASH-116,Card (Local),40,12,True,216.17,51.4,297.7,42.4,20.5,16.0,0.0,,376.7,4
TXN-CRT-001-000546,2026-07-04 13:45:50,2026-07-04,Saturday,13,True,Traditional,7,CASH-102,Cash,13,4,True,59.51,69.9,48.8,20.8,73.7,21.6,0.0,,165.0,4
TXN-CRT-001-000547,2026-07-04 13:45:58,2026-07-04,Saturday,13,True,Traditional,6,CASH-121,Cash,45,12,True,199.71,111.7,193.6,23.2,48.5,24.8,0.0,,290.1,3
TXN-CRT-001-000548,2026-07-04 13:46:29,2026-07-04,Saturday,13,True,Traditional,5,CASH-105,Cash,35,7,True,267.91,154.0,106.4,31.9,71.4,29.9,0.0,,239.6,3
TXN-CRT-001-000549,2026-07-04 13:54:29,2026-07-04,Saturday,13,True,Traditional,2,CASH-102,Cash,10,0,False,26.92,193.9,32.4,0.0,58.9,33.9,92.8,Price check required,217.9,2
TXN-CRT-001-000550,2026-07-04 13:55:42,2026-07-04,Saturday,13,True,Traditional,4,CASH-110,Cash,6,2,True,18.46,108.1,28.1,27.2,70.3,19.2,0.0,,144.8,4
TXN-CRT-001-000551,2026-07-04 13:57:47,2026-07-04,Saturday,13,True,Traditional,3,CASH-130,Cash,14,3,True,111.94,97.0,103.5,34.5,57.8,30.8,0.0,,226.6,4
TXN-CRT-001-000552,2026-07-04 14:04:09,2026-07-04,Saturday,14,True,Self-Service,11,,Cash,13,2,True,65.52,20.2,85.5,52.8,25.2,27.7,0.0,,191.2,4
TXN-CRT-001-000553,2026-07-04 14:05:22,2026-07-04,Saturday,14,True,Traditional,8,CASH-106,Check,18,2,True,138.93,72.9,118.0,25.2,56.6,18.2,0.0,,218.0,4
TXN-CRT-001-000554,2026-07-04 14:10:59,2026-07-04,Saturday,14,True,Traditional,2,CASH-102,Card (Local),18,2,True,107.83,40.7,108.5,27.9,26.5,27.2,0.0,,190.1,4
TXN-CRT-001-000555,2026-07-04 14:15:05,2026-07-04,Saturday,14,True,Self-Service,10,,Flous (Mobile),25,5,True,142.78,41.0,258.3,56.8,22.7,32.3,0.0,,370.1,3
TXN-CRT-001-000556,2026-07-04 14:38:07,2026-07-04,Saturday,14,True,Traditional,1,CASH-123,Card (Local),16,5,True,112.0,35.7,86.1,33.0,22.5,35.6,107.9,Item return/exchange,285.1,3
TXN-CRT-001-000557,2026-07-04 14:44:28,2026-07-04,Saturday,14,True,Traditional,7,CASH-134,Cash,5,3,True,37.77,19.8,31.0,22.3,53.3,33.0,0.0,,139.7,4
TXN-CRT-001-000558,2026-07-04 14:46:36,2026-07-04,Saturday,14,True,Traditional,7,CASH-106,Card (Local),34,12,True,197.53,31.2,227.0,43.4,25.2,38.2,172.0,Supervisor approval needed,505.9,3
TXN-CRT-001-000559,2026-07-04 15:01:26,2026-07-04,Saturday,15,True,Traditional,7,CASH-117,Cash,10,4,True,78.64,22.9,32.5,31.9,43.7,23.4,45.6,Promo code issue,177.2,4
TXN-CRT-001-000560,2026-07-04 15:31:48,2026-07-04,Saturday,15,True,Traditional,3,CASH-130,Card (Local),47,16,True,388.77,8.2,126.2,34.3,33.6,15.6,0.0,,209.7,4
TXN-CRT-001-000561,2026-07-04 15:39:07,2026-07-04,Saturday,15,True,Traditional,7,CASH-127,Cash,5,1,True,30.91,123.4,36.4,35.3,33.6,16.4,0.0,,121.8,3
TXN-CRT-001-000562,2026-07-04 15:58:04,2026-07-04,Saturday,15,True,Traditional,8,CASH-104,Check,46,9,True,281.48,50.6,163.0,24.3,41.7,25.9,0.0,,254.9,4
TXN-CRT-001-000563,2026-07-04 15:58:28,2026-07-04,Saturday,15,True,Traditional,1,CASH-122,Cash,4,2,True,31.56,52.2,13.3,18.4,34.1,16.8,0.0,,82.7,4
TXN-CRT-001-000564,2026-07-04 16:00:37,2026-07-04,Saturday,16,True,Traditional,6,CASH-125,Cash,8,1,True,20.36,47.2,47.4,37.6,65.9,29.7,0.0,,180.7,4
TXN-CRT-001-000565,2026-07-04 16:03:21,2026-07-04,Saturday,16,True,Traditional,6,CASH-109,Flous (Mobile),2,0,False,6.57,102.3,13.4,0.0,34.8,18.9,0.0,,67.1,4
TXN-CRT-001-000566,2026-07-04 16:06:50,2026-07-04,Saturday,16,True,Traditional,2,CASH-116,Cash,23,4,True,155.93,55.9,147.6,33.3,30.6,36.3,0.0,,247.7,4
TXN-CRT-001-000567,2026-07-04 16:11:55,2026-07-04,Saturday,16,True,Traditional,5,CASH-114,Card (Local),33,8,True,302.5,126.1,161.8,19.8,33.6,16.1,113.9,Supervisor approval needed,345.1,2
TXN-CRT-001-000568,2026-07-04 16:30:44,2026-07-04,Saturday,16,True,Traditional,4,CASH-103,Card (Local),14,3,True,42.89,78.1,70.8,34.6,25.6,22.0,0.0,,152.9,3
TXN-CRT-001-000569,2026-07-04 16:39:26,2026-07-04,Saturday,16,True,Self-Service,10,,Flous (Mobile),42,8,True,311.98,26.8,182.9,52.3,30.8,46.7,0.0,,312.6,4
TXN-CRT-001-000570,2026-07-04 16:41:09,2026-07-04,Saturday,16,True,Traditional,8,CASH-117,Check,19,4,True,94.87,113.5,132.1,43.0,43.1,19.8,0.0,,238.1,4
TXN-CRT-001-000571,2026-07-04 16:41:46,2026-07-04,Saturday,16,True,Traditional,7,CASH-130,Check,20,7,True,108.18,63.4,116.0,39.9,77.4,15.6,179.5,Payment terminal error,428.5,2
TXN-CRT-001-000572,2026-07-04 16:49:13,2026-07-04,Saturday,16,True,Traditional,4,CASH-129,Cash,33,9,True,243.11,46.3,243.5,31.6,70.1,21.5,0.0,,366.7,3
TXN-CRT-001-000573,2026-07-04 16:51:32,2026-07-04,Saturday,16,True,Traditional,7,CASH-126,Flous (Mobile),10,4,True,68.68,94.4,43.3,32.4,22.7,37.0,0.0,,135.4,3
TXN-CRT-001-000574,2026-07-04 17:03:45,2026-07-04,Saturday,17,True,Traditional,7,CASH-133,Card (Local),11,1,True,83.56,51.1,28.2,32.0,31.9,35.5,0.0,,127.7,4
TXN-CRT-001-000575,2026-07-04 17:17:04,2026-07-04,Saturday,17,True,Self-Service,9,,Card (Local),40,7,True,281.08,82.9,546.3,50.4,22.4,44.5,0.0,,663.5,3
TXN-CRT-001-000576,2026-07-04 17:21:09,2026-07-04,Saturday,17,True,Express (<10 items),13,CASH-144,Cash,39,10,True,156.85,17.0,145.4,31.5,59.7,26.7,0.0,,263.4,4
TXN-CRT-001-000577,2026-07-04 17:27:12,2026-07-04,Saturday,17,True,Traditional,4,CASH-122,Card (Local),48,12,True,254.04,51.9,248.7,15.4,18.1,32.4,0.0,,314.6,3
TXN-CRT-001-000578,2026-07-04 17:29:20,2026-07-04,Saturday,17,True,Self-Service,11,,Check,39,11,True,365.91,28.4,301.5,54.8,89.7,22.6,0.0,,468.7,4
TXN-CRT-001-000579,2026-07-04 17:32:37,2026-07-04,Saturday,17,True,Traditional,3,CASH-118,Flous (Mobile),6,2,True,35.68,189.4,30.4,33.2,39.1,18.8,0.0,,121.5,3
TXN-CRT-001-000580,2026-07-04 17:37:07,2026-07-04,Saturday,17,True,Traditional,6,CASH-113,Cash,30,9,True,209.4,120.3,134.8,16.8,54.9,27.8,0.0,,234.4,3
TXN-CRT-001-000581,2026-07-04 17:51:20,2026-07-04,Saturday,17,True,Traditional,3,CASH-117,Cash,13,6,True,44.92,58.4,90.6,35.6,28.6,31.1,0.0,,185.9,4
TXN-CRT-001-000582,2026-07-04 17:58:37,2026-07-04,Saturday,17,True,Express (<10 items),13,CASH-142,Cash,49,11,True,324.59,113.0,122.6,25.2,68.3,16.9,0.0,,233.0,3
TXN-CRT-001-000583,2026-07-04 18:01:03,2026-07-04,Saturday,18,True,Traditional,7,CASH-118,Flous (Mobile),15,2,True,60.45,28.8,69.3,25.0,34.6,24.9,0.0,,153.9,4
TXN-CRT-001-000584,2026-07-04 18:03:24,2026-07-04,Saturday,18,True,Traditional,2,CASH-121,Card (Local),17,4,True,99.88,34.5,110.1,17.2,32.3,31.0,0.0,,190.6,4
TXN-CRT-001-000585,2026-07-04 18:04:12,2026-07-04,Saturday,18,True,Traditional,2,CASH-133,Cash,16,2,True,79.98,6.4,120.0,44.1,53.9,24.2,99.9,Promo code issue,342.0,3
TXN-CRT-001-000586,2026-07-04 18:15:01,2026-07-04,Saturday,18,True,Traditional,2,CASH-110,Cash,10,2,True,39.83,79.9,34.5,18.7,33.7,34.0,0.0,,121.0,3
TXN-CRT-001-000587,2026-07-04 18:15:23,2026-07-04,Saturday,18,True,Traditional,2,CASH-121,Cash,3,0,False,12.78,5.6,15.8,0.0,43.0,39.6,0.0,,98.5,4
TXN-CRT-001-000588,2026-07-04 18:17:21,2026-07-04,Saturday,18,True,Traditional,1,CASH-117,Cash,38,9,True,322.54,31.6,146.3,40.2,64.6,17.1,0.0,,268.2,4
TXN-CRT-001-000589,2026-07-04 18:19:32,2026-07-04,Saturday,18,True,Traditional,3,CASH-126,Flous (Mobile),29,4,True,255.12,16.5,214.2,31.7,25.2,15.5,0.0,,286.6,4
TXN-CRT-001-000590,2026-07-04 18:22:14,2026-07-04,Saturday,18,True,Traditional,7,CASH-114,Card (Local),6,0,False,40.31,100.6,42.9,0.0,20.0,15.0,0.0,,78.0,4
TXN-CRT-001-000591,2026-07-04 18:26:33,2026-07-04,Saturday,18,True,Traditional,8,CASH-131,Cash,27,8,True,220.9,177.5,165.2,27.0,68.6,17.6,0.0,,278.4,3
TXN-CRT-001-000592,2026-07-04 18:29:30,2026-07-04,Saturday,18,True,Traditional,2,CASH-114,Card (Local),20,5,True,64.94,89.0,98.0,34.5,30.3,16.4,0.0,,179.1,3
TXN-CRT-001-000593,2026-07-04 18:31:11,2026-07-04,Saturday,18,True,Traditional,3,CASH-116,Cash,13,4,True,67.6,78.4,36.3,21.8,46.2,28.7,0.0,,133.0,3
TXN-CRT-001-000594,2026-07-04 18:33:40,2026-07-04,Saturday,18,True,Traditional,1,CASH-115,Check,9,3,True,44.95,58.9,42.4,26.4,75.0,31.2,0.0,,175.0,4
TXN-CRT-001-000595,2026-07-04 18:34:24,2026-07-04,Saturday,18,True,Self-Service,9,,Cash,34,6,True,272.38,55.1,142.0,60.3,71.3,37.1,131.4,Price check required,442.2,3
TXN-CRT-001-000596,2026-07-04 18:38:49,2026-07-04,Saturday,18,True,Traditional,8,CASH-101,Cash,23,5,True,248.29,24.6,151.3,29.9,61.8,15.7,0.0,,258.7,4
TXN-CRT-001-000597,2026-07-04 18:40:23,2026-07-04,Saturday,18,True,Traditional,3,CASH-103,Cash,17,2,True,132.25,11.5,74.1,19.5,58.3,29.1,0.0,,181.0,4
TXN-CRT-001-000598,2026-07-04 18:47:48,2026-07-04,Saturday,18,True,Traditional,1,CASH-115,Card (Local),19,7,True,150.44,54.3,119.9,33.8,30.0,30.4,31.8,Item return/exchange,245.9,3
TXN-CRT-001-000599,2026-07-04 18:53:04,2026-07-04,Saturday,18,True,Traditional,3,CASH-101,Card (Local),4,2,True,27.35,64.0,13.4,42.0,26.0,37.6,0.0,,119.1,3
TXN-CRT-001-000600,2026-07-04 18:53:04,2026-07-04,Saturday,18,True,Traditional,5,CASH-118,Card (Local),15,2,True,100.0,63.7,73.0,34.5,29.5,31.3,0.0,,168.3,3
TXN-CRT-001-000601,2026-07-04 18:53:23,2026-07-04,Saturday,18,True,Traditional,6,CASH-130,Cash,7,1,True,49.81,70.5,29.2,21.9,55.0,23.0,0.0,,129.1,3
TXN-CRT-001-000602,2026-07-04 18:59:34,2026-07-04,Saturday,18,True,Traditional,6,CASH-107,Cash,8,4,True,56.11,84.2,59.5,37.4,37.7,34.0,0.0,,168.7,4
TXN-CRT-001-000603,2026-07-04 19:02:59,2026-07-04,Saturday,19,True,Traditional,2,CASH-125,Cash,21,6,True,208.03,52.5,92.8,35.3,55.8,33.5,0.0,,217.4,4
TXN-CRT-001-000604,2026-07-04 19:05:42,2026-07-04,Saturday,19,True,Traditional,1,CASH-126,Card (Local),40,12,True,146.03,22.5,133.2,23.4,24.9,17.8,0.0,,199.3,4
TXN-CRT-001-000605,2026-07-04 19:08:07,2026-07-04,Saturday,19,True,Traditional,3,CASH-110,Cash,13,2,True,47.39,68.9,46.2,23.8,72.1,34.7,0.0,,176.7,4
TXN-CRT-001-000606,2026-07-04 19:13:42,2026-07-04,Saturday,19,True,Traditional,5,CASH-116,Card (Local),8,1,True,42.17,80.6,23.7,41.9,21.2,26.5,0.0,,113.3,3
TXN-CRT-001-000607,2026-07-04 19:20:35,2026-07-04,Saturday,19,True,Traditional,6,CASH-119,Flous (Mobile),21,7,True,136.77,39.5,116.8,21.9,28.9,25.6,0.0,,193.2,4
TXN-CRT-001-000608,2026-07-04 19:24:33,2026-07-04,Saturday,19,True,Traditional,2,CASH-112,Flous (Mobile),36,10,True,240.6,80.7,223.5,38.1,33.7,26.2,0.0,,321.5,3
TXN-CRT-001-000609,2026-07-04 19:27:56,2026-07-04,Saturday,19,True,Traditional,1,CASH-124,Cash,25,7,True,188.28,54.7,155.4,42.0,63.4,15.1,0.0,,275.9,4
TXN-CRT-001-000610,2026-07-04 19:33:51,2026-07-04,Saturday,19,True,Traditional,2,CASH-116,Cash,35,9,True,305.99,19.6,147.6,38.0,65.4,26.4,0.0,,277.5,4
TXN-CRT-001-000611,2026-07-04 19:40:39,2026-07-04,Saturday,19,True,Traditional,1,CASH-103,Cash,17,4,True,64.38,217.4,46.4,25.9,39.9,33.1,0.0,,145.3,3
TXN-CRT-001-000612,2026-07-04 19:46:09,2026-07-04,Saturday,19,True,Traditional,1,CASH-108,Card (Local),25,8,True,183.81,37.9,72.4,23.2,28.4,27.9,0.0,,151.8,4
TXN-CRT-001-000613,2026-07-04 19:47:52,2026-07-04,Saturday,19,True,Traditional,4,CASH-109,Flous (Mobile),6,1,True,29.83,21.0,39.6,25.1,28.0,22.1,83.3,Barcode not scanning,198.1,3
TXN-CRT-001-000614,2026-07-04 19:48:19,2026-07-04,Saturday,19,True,Traditional,3,CASH-134,Cash,11,2,True,77.68,28.1,42.1,15.8,55.9,28.9,0.0,,142.7,4
TXN-CRT-001-000615,2026-07-04 19:55:09,2026-07-04,Saturday,19,True,Self-Service,10,,Cash,12,5,True,36.22,3.8,84.6,48.6,61.8,23.3,0.0,,218.3,4
TXN-CRT-001-000616,2026-07-04 20:01:00,2026-07-04,Saturday,20,True,Self-Service,10,,Flous (Mobile),16,3,True,103.14,40.5,93.4,70.4,36.0,45.8,0.0,,245.7,4
TXN-CRT-001-000617,2026-07-04 20:02:04,2026-07-04,Saturday,20,True,Traditional,2,CASH-106,Flous (Mobile),42,11,True,302.13,124.5,157.6,35.3,37.9,30.2,0.0,,261.1,3
TXN-CRT-001-000618,2026-07-04 20:04:30,2026-07-04,Saturday,20,True,Traditional,5,CASH-119,Cash,36,10,True,189.41,58.2,220.8,32.9,65.9,16.9,0.0,,336.6,3
TXN-CRT-001-000619,2026-07-04 20:10:05,2026-07-04,Saturday,20,True,Traditional,5,CASH-101,Card (Local),6,6,True,21.37,25.8,32.3,18.5,29.3,16.3,0.0,,96.5,4
TXN-CRT-001-000620,2026-07-04 20:12:00,2026-07-04,Saturday,20,True,Traditional,2,CASH-101,Cash,7,1,True,49.3,48.3,42.8,21.0,38.7,38.4,0.0,,140.9,4
TXN-CRT-001-000621,2026-07-04 20:14:47,2026-07-04,Saturday,20,True,Traditional,5,CASH-107,Cash,11,2,True,80.34,48.7,75.8,16.2,32.8,31.4,0.0,,156.2,4
TXN-CRT-001-000622,2026-07-04 20:14:58,2026-07-04,Saturday,20,True,Traditional,3,CASH-106,Flous (Mobile),10,4,True,78.31,38.7,32.7,33.5,39.0,31.6,0.0,,136.8,4
TXN-CRT-001-000623,2026-07-04 20:17:44,2026-07-04,Saturday,20,True,Traditional,2,CASH-109,Flous (Mobile),19,6,True,66.97,96.3,79.3,25.0,30.9,19.1,0.0,,154.3,4
TXN-CRT-001-000624,2026-07-04 20:21:18,2026-07-04,Saturday,20,True,Traditional,8,CASH-123,Card (International),39,11,True,152.89,64.6,267.1,42.8,48.0,28.7,0.0,,386.7,3
TXN-CRT-001-000625,2026-07-04 20:29:23,2026-07-04,Saturday,20,True,Traditional,5,CASH-109,Cash,46,11,True,211.93,21.9,255.2,44.1,67.7,35.1,0.0,,402.1,3
TXN-CRT-001-000626,2026-07-04 20:31:55,2026-07-04,Saturday,20,True,Traditional,3,CASH-104,Flous (Mobile),21,4,True,92.78,94.5,124.2,33.3,30.8,26.2,0.0,,214.5,4
TXN-CRT-001-000627,2026-07-04 20:33:09,2026-07-04,Saturday,20,True,Traditional,2,CASH-132,Cash,32,9,True,225.54,116.7,127.1,32.5,71.8,39.0,0.0,,270.4,3
TXN-CRT-001-000628,2026-07-04 20:47:43,2026-07-04,Saturday,20,True,Traditional,8,CASH-133,Cash,16,6,True,116.55,66.1,83.8,22.6,48.7,34.9,0.0,,190.0,3
TXN-CRT-001-000629,2026-07-04 20:54:01,2026-07-04,Saturday,20,True,Traditional,4,CASH-107,Card (Local),8,3,True,59.36,42.0,30.5,17.4,21.1,23.4,70.7,Supervisor approval needed,163.1,3
TXN-CRT-001-000630,2026-07-04 20:58:16,2026-07-04,Saturday,20,True,Traditional,5,CASH-135,Cash,16,2,True,93.79,32.5,89.7,41.9,46.2,36.6,0.0,,214.4,4
TXN-CRT-001-000631,2026-07-04 20:58:19,2026-07-04,Saturday,20,True,Traditional,1,CASH-132,Card (International),17,4,True,110.21,143.6,95.2,30.1,41.2,26.4,0.0,,192.9,3
TXN-CRT-001-000632,2026-07-04 21:02:04,2026-07-04,Saturday,21,True,Self-Service,10,,Card (Local),25,6,True,159.17,62.4,251.6,37.3,26.7,46.5,0.0,,362.1,3
TXN-CRT-001-000633,2026-07-04 21:14:08,2026-07-04,Saturday,21,True,Traditional,6,CASH-119,Cash,8,5,True,20.32,53.8,58.7,22.1,25.2,38.0,0.0,,143.9,4
TXN-CRT-001-000634,2026-07-04 21:31:23,2026-07-04,Saturday,21,True,Traditional,3,CASH-107,Cash,12,4,True,80.03,17.7,38.2,43.1,74.6,39.6,0.0,,195.4,4
TXN-CRT-001-000635,2026-07-04 21:34:02,2026-07-04,Saturday,21,True,Traditional,8,CASH-120,Cash,12,3,True,34.37,23.9,83.4,15.1,41.4,30.1,0.0,,170.0,4
TXN-CRT-001-000636,2026-07-04 21:37:19,2026-07-04,Saturday,21,True,Traditional,8,CASH-125,Cash,46,6,True,190.73,13.3,219.3,34.9,28.2,32.5,0.0,,314.9,3
TXN-CRT-001-000637,2026-07-04 21:41:21,2026-07-04,Saturday,21,True,Traditional,6,CASH-123,Card (Local),14,4,True,88.09,41.5,61.4,22.5,28.2,17.8,0.0,,129.9,4
TXN-CRT-001-000638,2026-07-04 21:50:32,2026-07-04,Saturday,21,True,Traditional,5,CASH-127,Flous (Mobile),25,3,True,214.17,31.9,167.7,30.8,35.8,27.0,0.0,,261.2,4
TXN-CRT-001-000639,2026-07-04 21:51:05,2026-07-04,Saturday,21,True,Traditional,5,CASH-127,Cash,25,8,True,169.76,55.7,152.3,35.1,45.4,38.0,84.0,Promo code issue,354.8,3
TXN-CRT-001-000640,2026-07-04 21:52:45,2026-07-04,Saturday,21,True,Traditional,7,CASH-116,Cash,9,3,True,40.88,106.8,58.6,19.1,31.6,38.0,0.0,,147.4,3
TXN-CRT-001-000641,2026-07-05 08:13:21,2026-07-05,Sunday,8,False,Traditional,7,CASH-129,Card (Local),18,4,True,122.3,81.1,50.6,43.3,25.9,31.4,0.0,,151.2,3
TXN-CRT-001-000642,2026-07-05 09:01:46,2026-07-05,Sunday,9,False,Traditional,4,CASH-103,Card (International),38,9,True,329.19,92.5,142.9,15.9,32.9,20.8,0.0,,212.6,4
TXN-CRT-001-000643,2026-07-05 09:02:19,2026-07-05,Sunday,9,False,Traditional,5,CASH-132,Cash,15,6,True,42.41,105.0,47.3,18.9,56.8,22.5,0.0,,145.5,4
TXN-CRT-001-000644,2026-07-05 09:16:59,2026-07-05,Sunday,9,False,Traditional,6,CASH-103,Cash,44,9,True,283.79,25.7,156.9,28.2,58.8,35.2,0.0,,279.1,4
TXN-CRT-001-000645,2026-07-05 09:50:24,2026-07-05,Sunday,9,False,Traditional,4,CASH-117,Card (Local),8,1,True,24.35,36.3,48.6,42.3,19.1,25.3,0.0,,135.4,4
TXN-CRT-001-000646,2026-07-05 09:51:27,2026-07-05,Sunday,9,False,Self-Service,9,,Cash,3,2,True,17.97,32.3,19.7,65.7,68.1,44.0,0.0,,197.4,4
TXN-CRT-001-000647,2026-07-05 10:15:22,2026-07-05,Sunday,10,False,Traditional,8,CASH-116,Cash,38,12,True,190.23,84.0,213.9,21.3,59.9,27.3,0.0,,322.4,3
TXN-CRT-001-000648,2026-07-05 10:17:39,2026-07-05,Sunday,10,False,Traditional,3,CASH-131,Card (Local),33,11,True,229.17,17.2,174.5,29.6,30.9,16.2,0.0,,251.2,4
TXN-CRT-001-000649,2026-07-05 10:20:55,2026-07-05,Sunday,10,False,Traditional,3,CASH-113,Card (Local),50,10,True,350.65,128.5,144.4,35.9,23.1,30.6,0.0,,233.9,3
TXN-CRT-001-000650,2026-07-05 10:24:33,2026-07-05,Sunday,10,False,Traditional,1,CASH-130,Card (Local),22,3,True,177.1,35.2,111.5,26.3,24.0,23.2,0.0,,185.0,4
TXN-CRT-001-000651,2026-07-05 10:29:53,2026-07-05,Sunday,10,False,Traditional,2,CASH-124,Card (International),43,6,True,411.9,18.4,124.7,42.9,29.1,36.4,0.0,,233.1,4
TXN-CRT-001-000652,2026-07-05 10:32:37,2026-07-05,Sunday,10,False,Traditional,1,CASH-106,Card (Local),30,6,True,202.05,36.4,101.4,19.2,33.9,37.9,0.0,,192.4,4
TXN-CRT-001-000653,2026-07-05 10:37:35,2026-07-05,Sunday,10,False,Traditional,2,CASH-117,Cash,32,10,True,135.92,38.4,166.4,28.0,27.1,38.1,0.0,,259.6,4
TXN-CRT-001-000654,2026-07-05 10:37:50,2026-07-05,Sunday,10,False,Traditional,3,CASH-116,Cash,18,3,True,94.1,42.9,100.2,26.7,71.1,30.1,0.0,,228.2,4
TXN-CRT-001-000655,2026-07-05 10:59:50,2026-07-05,Sunday,10,False,Traditional,2,CASH-124,Cash,12,4,True,49.7,44.5,40.5,30.0,32.8,32.3,0.0,,135.7,4
TXN-CRT-001-000656,2026-07-05 11:00:44,2026-07-05,Sunday,11,False,Traditional,8,CASH-116,Cash,43,9,True,178.97,104.3,169.1,41.5,41.4,16.1,63.0,Item return/exchange,331.2,3
TXN-CRT-001-000657,2026-07-05 11:04:41,2026-07-05,Sunday,11,False,Traditional,3,CASH-121,Card (Local),14,3,True,55.41,63.2,46.7,33.5,27.4,37.6,0.0,,145.3,4
TXN-CRT-001-000658,2026-07-05 11:12:21,2026-07-05,Sunday,11,False,Traditional,3,CASH-123,Flous (Mobile),17,8,True,125.72,18.1,104.9,40.9,24.2,19.0,160.1,Payment terminal error,349.1,3
TXN-CRT-001-000659,2026-07-05 11:15:39,2026-07-05,Sunday,11,False,Traditional,2,CASH-117,Check,14,2,True,84.72,37.8,71.6,44.4,46.3,26.1,0.0,,188.4,4
TXN-CRT-001-000660,2026-07-05 11:15:51,2026-07-05,Sunday,11,False,Traditional,5,CASH-128,Card (Local),18,4,True,66.18,31.5,88.2,26.7,25.3,28.5,0.0,,168.7,4
TXN-CRT-001-000661,2026-07-05 11:18:01,2026-07-05,Sunday,11,False,Traditional,6,CASH-111,Cash,15,3,True,72.09,52.1,62.8,29.1,51.5,33.5,0.0,,176.9,4
TXN-CRT-001-000662,2026-07-05 11:18:58,2026-07-05,Sunday,11,False,Express (<10 items),13,CASH-138,Cash,2,0,False,6.19,28.0,10.3,0.0,50.3,37.8,0.0,,98.4,4
TXN-CRT-001-000663,2026-07-05 11:21:50,2026-07-05,Sunday,11,False,Traditional,4,CASH-110,Card (International),37,9,True,284.18,155.3,134.4,23.1,49.2,38.9,57.3,Promo code issue,302.9,2
TXN-CRT-001-000664,2026-07-05 11:24:35,2026-07-05,Sunday,11,False,Traditional,8,CASH-135,Card (Local),14,3,True,49.82,92.2,50.9,21.7,28.8,23.7,0.0,,125.1,3
TXN-CRT-001-000665,2026-07-05 11:25:23,2026-07-05,Sunday,11,False,Traditional,7,CASH-120,Card (Local),18,5,True,82.87,75.7,113.1,43.7,30.0,27.0,0.0,,213.8,3
TXN-CRT-001-000666,2026-07-05 11:39:46,2026-07-05,Sunday,11,False,Traditional,7,CASH-130,Card (International),6,2,True,29.24,5.8,27.8,20.8,41.3,36.5,0.0,,126.3,4
TXN-CRT-001-000667,2026-07-05 11:43:40,2026-07-05,Sunday,11,False,Traditional,2,CASH-126,Card (Local),1,0,False,6.28,89.7,4.8,0.0,29.0,34.2,79.6,Barcode not scanning,147.5,3
TXN-CRT-001-000668,2026-07-05 11:45:03,2026-07-05,Sunday,11,False,Traditional,5,CASH-125,Flous (Mobile),9,0,False,33.15,8.7,46.4,0.0,34.1,26.7,48.9,Payment terminal error,156.1,4
TXN-CRT-001-000669,2026-07-05 11:45:53,2026-07-05,Sunday,11,False,Traditional,4,CASH-103,Cash,23,6,True,146.53,34.0,82.9,34.1,66.2,19.3,0.0,,202.5,4
TXN-CRT-001-000670,2026-07-05 11:47:59,2026-07-05,Sunday,11,False,Traditional,8,CASH-104,Card (International),4,0,False,18.79,37.7,28.5,0.0,36.2,37.8,0.0,,102.5,4
TXN-CRT-001-000671,2026-07-05 11:52:10,2026-07-05,Sunday,11,False,Traditional,1,CASH-132,Flous (Mobile),40,11,True,282.97,101.6,132.6,22.6,35.3,39.3,0.0,,229.8,3
TXN-CRT-001-000672,2026-07-05 11:53:24,2026-07-05,Sunday,11,False,Self-Service,10,,Cash,8,3,True,61.11,21.2,65.2,55.4,60.0,26.7,0.0,,207.3,4
TXN-CRT-001-000673,2026-07-05 12:01:21,2026-07-05,Sunday,12,False,Traditional,3,CASH-120,Card (Local),7,1,True,23.33,43.0,33.2,42.5,25.8,16.0,0.0,,117.5,4
TXN-CRT-001-000674,2026-07-05 12:01:37,2026-07-05,Sunday,12,False,Traditional,7,CASH-101,Cash,7,3,True,18.85,14.5,32.0,44.1,51.9,38.9,0.0,,166.9,4
TXN-CRT-001-000675,2026-07-05 12:03:51,2026-07-05,Sunday,12,False,Traditional,4,CASH-106,Check,1,1,True,5.77,71.6,5.4,34.1,83.2,25.0,0.0,,147.8,4
TXN-CRT-001-000676,2026-07-05 12:09:16,2026-07-05,Sunday,12,False,Express (<10 items),13,CASH-138,Cash,27,9,True,217.43,34.3,90.8,38.6,68.7,24.5,174.6,Barcode not scanning,397.1,2
TXN-CRT-001-000677,2026-07-05 12:09:53,2026-07-05,Sunday,12,False,Traditional,2,CASH-125,Card (Local),36,8,True,311.71,56.3,182.7,42.8,22.5,31.8,0.0,,279.8,4
TXN-CRT-001-000678,2026-07-05 12:23:07,2026-07-05,Sunday,12,False,Traditional,1,CASH-107,Cash,19,5,True,61.66,2.1,69.2,20.6,33.9,36.2,0.0,,159.9,4
TXN-CRT-001-000679,2026-07-05 12:27:32,2026-07-05,Sunday,12,False,Express (<10 items),12,CASH-145,Card (Local),7,3,True,39.49,19.0,22.4,24.9,27.1,38.0,0.0,,112.3,4
TXN-CRT-001-000680,2026-07-05 12:31:01,2026-07-05,Sunday,12,False,Self-Service,10,,Cash,10,2,True,35.81,57.6,48.7,61.2,55.7,48.2,0.0,,213.9,4
TXN-CRT-001-000681,2026-07-05 12:36:54,2026-07-05,Sunday,12,False,Traditional,7,CASH-115,Cash,15,5,True,116.57,78.9,82.0,40.3,72.9,25.5,91.9,Item return/exchange,312.6,2
TXN-CRT-001-000682,2026-07-05 12:40:29,2026-07-05,Sunday,12,False,Traditional,3,CASH-124,Cash,45,5,True,277.49,129.6,237.4,24.7,28.0,18.2,0.0,,308.3,3
TXN-CRT-001-000683,2026-07-05 12:44:09,2026-07-05,Sunday,12,False,Traditional,8,CASH-107,Flous (Mobile),9,0,False,45.51,117.2,32.6,0.0,39.1,29.4,47.6,Item return/exchange,148.7,3
TXN-CRT-001-000684,2026-07-05 12:50:03,2026-07-05,Sunday,12,False,Traditional,8,CASH-124,Cash,24,7,True,161.65,30.3,173.4,30.0,68.4,24.4,0.0,,296.2,4
TXN-CRT-001-000685,2026-07-05 12:55:42,2026-07-05,Sunday,12,False,Self-Service,11,,Cash,14,5,True,42.38,55.6,86.6,51.4,69.4,43.3,111.1,Price check required,361.8,3
TXN-CRT-001-000686,2026-07-05 12:56:06,2026-07-05,Sunday,12,False,Traditional,7,CASH-107,Card (International),10,4,True,38.39,85.1,72.3,26.0,30.5,26.4,0.0,,155.2,3
TXN-CRT-001-000687,2026-07-05 12:59:59,2026-07-05,Sunday,12,False,Traditional,6,CASH-120,Cash,14,6,True,60.68,62.3,48.8,27.1,26.1,30.9,0.0,,132.9,4
TXN-CRT-001-000688,2026-07-05 13:00:27,2026-07-05,Sunday,13,False,Traditional,8,CASH-107,Flous (Mobile),3,0,False,20.67,38.0,10.0,0.0,35.3,16.8,0.0,,62.1,4
TXN-CRT-001-000689,2026-07-05 13:01:07,2026-07-05,Sunday,13,False,Traditional,3,CASH-135,Cash,29,6,True,248.09,57.4,127.7,33.2,58.0,24.2,0.0,,243.2,4
TXN-CRT-001-000690,2026-07-05 13:01:30,2026-07-05,Sunday,13,False,Traditional,6,CASH-124,Card (Local),8,4,True,40.3,123.3,43.3,41.9,24.0,27.4,0.0,,136.6,3
TXN-CRT-001-000691,2026-07-05 13:03:17,2026-07-05,Sunday,13,False,Traditional,7,CASH-120,Cash,24,4,True,166.59,48.3,133.4,26.1,43.4,37.3,0.0,,240.2,4
TXN-CRT-001-000692,2026-07-05 13:03:40,2026-07-05,Sunday,13,False,Traditional,6,CASH-104,Cash,3,1,True,19.92,72.6,17.2,35.6,44.3,29.1,0.0,,126.3,3
TXN-CRT-001-000693,2026-07-05 13:04:15,2026-07-05,Sunday,13,False,Traditional,3,CASH-104,Card (Local),45,11,True,168.15,60.2,212.2,24.0,24.2,37.3,0.0,,297.7,4
TXN-CRT-001-000694,2026-07-05 13:05:15,2026-07-05,Sunday,13,False,Traditional,1,CASH-120,Card (Local),7,0,False,23.67,28.9,48.9,0.0,27.5,30.6,0.0,,107.0,4
TXN-CRT-001-000695,2026-07-05 13:06:53,2026-07-05,Sunday,13,False,Traditional,3,CASH-133,Card (International),37,8,True,167.15,101.2,220.1,18.9,46.3,37.4,0.0,,322.8,3
TXN-CRT-001-000696,2026-07-05 13:11:58,2026-07-05,Sunday,13,False,Traditional,5,CASH-126,Cash,29,7,True,155.69,49.4,207.8,43.3,69.7,34.3,0.0,,355.1,4
TXN-CRT-001-000697,2026-07-05 13:12:19,2026-07-05,Sunday,13,False,Traditional,7,CASH-122,Cash,47,15,True,322.23,37.6,235.1,38.2,28.7,31.3,0.0,,333.4,3
TXN-CRT-001-000698,2026-07-05 13:12:49,2026-07-05,Sunday,13,False,Traditional,2,CASH-128,Cash,15,5,True,91.54,59.7,42.5,33.9,34.2,22.5,0.0,,133.1,4
TXN-CRT-001-000699,2026-07-05 13:25:42,2026-07-05,Sunday,13,False,Traditional,8,CASH-101,Check,24,7,True,156.56,109.2,119.0,36.3,56.0,16.5,0.0,,227.8,4
TXN-CRT-001-000700,2026-07-05 13:27:00,2026-07-05,Sunday,13,False,Traditional,6,CASH-117,Cash,12,3,True,31.65,57.0,77.4,34.9,48.7,24.6,0.0,,185.6,4
TXN-CRT-001-000701,2026-07-05 13:40:48,2026-07-05,Sunday,13,False,Traditional,3,CASH-125,Cash,7,1,True,49.21,56.2,26.7,21.1,50.6,34.4,0.0,,132.8,4
TXN-CRT-001-000702,2026-07-05 13:47:51,2026-07-05,Sunday,13,False,Traditional,1,CASH-124,Cash,14,2,True,59.35,71.0,101.6,20.7,61.4,32.1,0.0,,215.8,4
TXN-CRT-001-000703,2026-07-05 13:52:44,2026-07-05,Sunday,13,False,Traditional,3,CASH-118,Card (Local),7,1,True,53.0,83.2,42.8,17.7,20.9,39.8,0.0,,121.2,4
TXN-CRT-001-000704,2026-07-05 13:52:46,2026-07-05,Sunday,13,False,Traditional,4,CASH-118,Cash,48,7,True,388.81,40.9,188.6,37.1,33.6,20.0,0.0,,279.3,4
TXN-CRT-001-000705,2026-07-05 13:53:36,2026-07-05,Sunday,13,False,Traditional,8,CASH-121,Flous (Mobile),4,0,False,27.43,45.0,14.7,0.0,32.9,34.9,67.6,Supervisor approval needed,150.0,3
TXN-CRT-001-000706,2026-07-05 13:56:44,2026-07-05,Sunday,13,False,Express (<10 items),13,CASH-142,Cash,18,4,True,143.88,38.5,96.5,31.6,26.9,33.0,0.0,,188.0,4
TXN-CRT-001-000707,2026-07-05 13:59:08,2026-07-05,Sunday,13,False,Traditional,4,CASH-130,Flous (Mobile),20,5,True,62.21,70.6,85.4,32.2,31.7,16.5,168.8,Payment terminal error,334.5,2
TXN-CRT-001-000708,2026-07-05 14:00:11,2026-07-05,Sunday,14,False,Traditional,3,CASH-130,Cash,17,1,True,58.13,49.3,94.2,22.6,31.8,37.8,0.0,,186.3,4
TXN-CRT-001-000709,2026-07-05 14:00:19,2026-07-05,Sunday,14,False,Traditional,7,CASH-124,Card (Local),21,6,True,223.66,51.2,68.7,24.1,18.1,28.8,0.0,,139.7,4
TXN-CRT-001-000710,2026-07-05 14:07:36,2026-07-05,Sunday,14,False,Traditional,1,CASH-124,Flous (Mobile),5,1,True,25.53,52.5,36.4,38.5,24.1,22.6,0.0,,121.5,4
TXN-CRT-001-000711,2026-07-05 14:11:36,2026-07-05,Sunday,14,False,Traditional,1,CASH-128,Cash,17,2,True,43.09,16.5,125.6,22.9,50.1,24.2,62.2,Item return/exchange,284.9,4
TXN-CRT-001-000712,2026-07-05 14:19:58,2026-07-05,Sunday,14,False,Traditional,6,CASH-105,Check,10,5,True,39.13,78.3,56.2,35.8,84.6,25.7,0.0,,202.2,3
TXN-CRT-001-000713,2026-07-05 14:20:23,2026-07-05,Sunday,14,False,Traditional,6,CASH-111,Cash,44,7,True,192.49,39.9,150.8,22.2,66.0,17.9,0.0,,256.9,4
TXN-CRT-001-000714,2026-07-05 14:28:04,2026-07-05,Sunday,14,False,Traditional,6,CASH-116,Check,26,9,True,274.41,49.8,68.4,20.0,44.3,32.4,0.0,,165.0,4
TXN-CRT-001-000715,2026-07-05 14:30:28,2026-07-05,Sunday,14,False,Traditional,6,CASH-119,Card (Local),47,3,True,351.44,34.5,137.1,21.7,19.6,29.8,0.0,,208.2,4
TXN-CRT-001-000716,2026-07-05 14:38:21,2026-07-05,Sunday,14,False,Self-Service,9,,Cash,2,1,True,13.65,21.1,9.5,58.1,52.3,35.8,87.0,Payment terminal error,242.7,3
TXN-CRT-001-000717,2026-07-05 14:38:23,2026-07-05,Sunday,14,False,Traditional,2,CASH-102,Cash,10,0,False,74.63,56.6,40.1,0.0,43.0,19.7,0.0,,102.8,4
TXN-CRT-001-000718,2026-07-05 14:56:23,2026-07-05,Sunday,14,False,Express (<10 items),13,CASH-136,Cash,7,3,True,24.57,67.6,20.7,32.7,50.7,16.8,0.0,,120.8,3
TXN-CRT-001-000719,2026-07-05 15:01:30,2026-07-05,Sunday,15,False,Traditional,4,CASH-106,Cash,1,0,False,3.29,215.1,4.1,0.0,73.2,33.2,0.0,,110.5,3
TXN-CRT-001-000720,2026-07-05 15:02:13,2026-07-05,Sunday,15,False,Traditional,4,CASH-121,Cash,8,3,True,48.51,32.2,23.8,43.8,36.7,25.8,0.0,,130.0,4
TXN-CRT-001-000721,2026-07-05 15:08:44,2026-07-05,Sunday,15,False,Express (<10 items),12,CASH-138,Cash,22,5,True,97.4,87.3,80.7,24.0,71.3,37.0,0.0,,213.0,4
TXN-CRT-001-000722,2026-07-05 15:20:07,2026-07-05,Sunday,15,False,Traditional,6,CASH-112,Cash,8,0,False,29.45,39.2,56.5,0.0,29.3,36.5,0.0,,122.2,4
TXN-CRT-001-000723,2026-07-05 15:29:08,2026-07-05,Sunday,15,False,Traditional,5,CASH-102,Card (International),16,5,True,91.72,92.5,83.8,31.9,40.5,37.2,0.0,,193.4,3
TXN-CRT-001-000724,2026-07-05 15:29:36,2026-07-05,Sunday,15,False,Traditional,7,CASH-119,Cash,38,6,True,281.38,75.3,186.0,16.1,65.7,15.8,0.0,,283.5,4
TXN-CRT-001-000725,2026-07-05 15:33:58,2026-07-05,Sunday,15,False,Traditional,4,CASH-102,Cash,23,9,True,226.36,32.6,81.2,19.8,63.2,39.7,0.0,,203.8,4
TXN-CRT-001-000726,2026-07-05 15:38:30,2026-07-05,Sunday,15,False,Traditional,7,CASH-106,Card (Local),12,1,True,78.21,19.5,77.9,32.8,25.3,39.0,164.2,Payment terminal error,339.1,2
TXN-CRT-001-000727,2026-07-05 15:40:36,2026-07-05,Sunday,15,False,Traditional,1,CASH-123,Cash,12,3,True,68.5,14.3,76.2,25.3,66.3,27.4,0.0,,195.3,4
TXN-CRT-001-000728,2026-07-05 15:45:18,2026-07-05,Sunday,15,False,Traditional,8,CASH-102,Cash,14,4,True,58.49,98.8,84.2,25.7,68.0,26.5,0.0,,204.4,3
TXN-CRT-001-000729,2026-07-05 15:54:50,2026-07-05,Sunday,15,False,Traditional,5,CASH-131,Cash,7,1,True,49.2,24.4,46.4,37.7,35.4,24.9,0.0,,144.4,4
TXN-CRT-001-000730,2026-07-05 16:03:13,2026-07-05,Sunday,16,False,Traditional,8,CASH-128,Flous (Mobile),20,3,True,137.76,97.3,116.2,43.8,30.1,16.9,0.0,,207.0,3
TXN-CRT-001-000731,2026-07-05 16:05:52,2026-07-05,Sunday,16,False,Traditional,1,CASH-111,Flous (Mobile),12,4,True,61.31,51.6,81.2,37.3,35.4,22.9,0.0,,176.8,4
TXN-CRT-001-000732,2026-07-05 16:10:08,2026-07-05,Sunday,16,False,Traditional,5,CASH-118,Cash,33,10,True,172.24,41.4,207.1,44.3,73.6,38.9,0.0,,363.8,3
TXN-CRT-001-000733,2026-07-05 16:18:39,2026-07-05,Sunday,16,False,Traditional,6,CASH-111,Card (Local),26,10,True,125.74,83.0,139.5,26.4,31.1,16.5,0.0,,213.5,4
TXN-CRT-001-000734,2026-07-05 16:25:20,2026-07-05,Sunday,16,False,Traditional,1,CASH-102,Card (Local),19,4,True,114.54,39.4,91.4,15.4,28.1,22.0,0.0,,156.9,4
TXN-CRT-001-000735,2026-07-05 16:25:37,2026-07-05,Sunday,16,False,Traditional,7,CASH-107,Card (Local),12,3,True,53.31,77.8,81.8,44.0,24.8,30.1,0.0,,180.7,4
TXN-CRT-001-000736,2026-07-05 16:33:33,2026-07-05,Sunday,16,False,Self-Service,11,,Card (Local),8,1,True,24.15,32.6,47.4,35.0,18.5,23.2,0.0,,124.1,4
TXN-CRT-001-000737,2026-07-05 16:44:20,2026-07-05,Sunday,16,False,Traditional,2,CASH-110,Card (Local),27,5,True,252.78,122.1,138.1,15.3,18.4,27.4,0.0,,199.2,3
TXN-CRT-001-000738,2026-07-05 17:05:19,2026-07-05,Sunday,17,False,Traditional,8,CASH-107,Cash,15,5,True,44.01,28.7,58.1,16.5,46.0,21.2,0.0,,141.8,4
TXN-CRT-001-000739,2026-07-05 17:05:33,2026-07-05,Sunday,17,False,Traditional,7,CASH-130,Cash,8,1,True,40.49,78.6,28.6,15.9,62.6,23.4,0.0,,130.6,3
TXN-CRT-001-000740,2026-07-05 17:11:09,2026-07-05,Sunday,17,False,Traditional,8,CASH-109,Cash,7,1,True,49.01,107.7,34.7,23.6,59.8,32.3,0.0,,150.4,4
TXN-CRT-001-000741,2026-07-05 17:11:13,2026-07-05,Sunday,17,False,Traditional,4,CASH-112,Flous (Mobile),6,1,True,38.77,1.2,33.7,34.5,24.9,23.4,0.0,,116.5,4
TXN-CRT-001-000742,2026-07-05 17:16:10,2026-07-05,Sunday,17,False,Traditional,6,CASH-103,Card (Local),27,8,True,149.32,73.3,181.0,29.8,20.4,36.3,0.0,,267.5,4
TXN-CRT-001-000743,2026-07-05 17:20:26,2026-07-05,Sunday,17,False,Traditional,4,CASH-120,Flous (Mobile),8,4,True,25.89,29.1,41.7,35.8,33.7,28.8,0.0,,139.9,4
TXN-CRT-001-000744,2026-07-05 17:26:55,2026-07-05,Sunday,17,False,Traditional,8,CASH-115,Check,16,5,True,123.43,82.7,61.9,24.5,83.5,20.3,0.0,,190.2,4
TXN-CRT-001-000745,2026-07-05 17:27:57,2026-07-05,Sunday,17,False,Traditional,5,CASH-117,Cash,14,3,True,98.69,60.3,97.6,43.6,64.1,39.1,0.0,,244.4,4
TXN-CRT-001-000746,2026-07-05 17:31:33,2026-07-05,Sunday,17,False,Self-Service,10,,Card (Local),18,6,True,80.55,71.6,137.5,60.0,27.2,47.3,0.0,,272.1,4
TXN-CRT-001-000747,2026-07-05 17:32:05,2026-07-05,Sunday,17,False,Traditional,1,CASH-112,Card (Local),36,10,True,223.65,48.9,178.0,26.9,27.6,30.9,0.0,,263.4,4
TXN-CRT-001-000748,2026-07-05 17:36:11,2026-07-05,Sunday,17,False,Traditional,4,CASH-112,Check,35,5,True,120.98,112.4,129.6,15.5,52.9,20.9,0.0,,218.9,4
TXN-CRT-001-000749,2026-07-05 17:36:12,2026-07-05,Sunday,17,False,Self-Service,11,,Check,14,1,True,79.27,14.9,96.0,51.4,65.9,42.1,0.0,,255.4,4
TXN-CRT-001-000750,2026-07-05 17:43:49,2026-07-05,Sunday,17,False,Traditional,5,CASH-102,Card (Local),1,0,False,3.11,104.5,3.8,0.0,24.7,27.3,0.0,,55.8,4
TXN-CRT-001-000751,2026-07-05 17:44:20,2026-07-05,Sunday,17,False,Traditional,7,CASH-134,Cash,13,3,True,100.79,33.1,35.0,21.8,47.9,23.6,0.0,,128.3,4
TXN-CRT-001-000752,2026-07-05 17:50:18,2026-07-05,Sunday,17,False,Express (<10 items),13,CASH-138,Card (International),19,7,True,103.62,8.1,82.3,18.7,34.0,22.5,0.0,,157.5,4
TXN-CRT-001-000753,2026-07-05 17:55:29,2026-07-05,Sunday,17,False,Traditional,1,CASH-120,Cash,17,3,True,128.72,53.2,51.9,38.3,37.7,17.0,0.0,,144.9,4
TXN-CRT-001-000754,2026-07-05 17:57:40,2026-07-05,Sunday,17,False,Traditional,4,CASH-106,Card (International),21,5,True,131.33,30.0,109.6,36.2,42.8,32.6,0.0,,221.2,4
TXN-CRT-001-000755,2026-07-05 17:57:55,2026-07-05,Sunday,17,False,Traditional,1,CASH-124,Flous (Mobile),6,3,True,32.84,69.8,17.2,31.2,22.4,22.7,0.0,,93.4,4
TXN-CRT-001-000756,2026-07-05 18:00:57,2026-07-05,Sunday,18,False,Traditional,4,CASH-130,Cash,20,7,True,94.51,74.5,136.0,41.3,28.8,27.9,0.0,,234.0,4
TXN-CRT-001-000757,2026-07-05 18:00:59,2026-07-05,Sunday,18,False,Traditional,8,CASH-130,Card (Local),7,2,True,46.66,45.5,43.7,15.7,23.7,23.5,0.0,,106.5,4
TXN-CRT-001-000758,2026-07-05 18:12:16,2026-07-05,Sunday,18,False,Traditional,4,CASH-133,Cash,25,5,True,158.16,72.0,109.9,25.5,37.9,33.5,0.0,,206.9,4
TXN-CRT-001-000759,2026-07-05 18:13:15,2026-07-05,Sunday,18,False,Self-Service,10,,Cash,11,1,True,59.92,63.0,70.0,42.9,63.9,45.4,0.0,,222.2,4
TXN-CRT-001-000760,2026-07-05 18:15:06,2026-07-05,Sunday,18,False,Traditional,1,CASH-131,Cash,23,2,True,158.56,52.4,109.5,44.7,65.3,20.0,0.0,,239.5,4
TXN-CRT-001-000761,2026-07-05 18:17:01,2026-07-05,Sunday,18,False,Traditional,7,CASH-114,Card (International),2,0,False,9.71,44.4,11.8,0.0,40.8,22.9,0.0,,75.4,4
TXN-CRT-001-000762,2026-07-05 18:19:08,2026-07-05,Sunday,18,False,Traditional,1,CASH-119,Flous (Mobile),13,2,True,95.33,34.8,87.6,25.6,28.2,25.6,178.9,Price check required,345.9,3
TXN-CRT-001-000763,2026-07-05 18:19:53,2026-07-05,Sunday,18,False,Traditional,2,CASH-108,Check,23,6,True,242.02,156.3,68.2,43.7,72.2,18.4,0.0,,202.4,3
TXN-CRT-001-000764,2026-07-05 18:21:56,2026-07-05,Sunday,18,False,Traditional,5,CASH-116,Cash,8,0,False,25.58,50.7,26.0,0.0,36.0,28.1,0.0,,90.1,4
TXN-CRT-001-000765,2026-07-05 18:24:26,2026-07-05,Sunday,18,False,Traditional,7,CASH-129,Flous (Mobile),28,5,True,221.34,65.0,136.0,23.0,22.5,17.5,0.0,,199.0,4
TXN-CRT-001-000766,2026-07-05 18:36:58,2026-07-05,Sunday,18,False,Traditional,1,CASH-110,Card (Local),20,3,True,149.86,80.1,146.6,28.4,32.8,20.2,0.0,,228.0,3
TXN-CRT-001-000767,2026-07-05 18:46:49,2026-07-05,Sunday,18,False,Traditional,5,CASH-114,Cash,18,5,True,94.52,41.6,65.9,26.0,64.3,16.4,0.0,,172.6,4
TXN-CRT-001-000768,2026-07-05 18:53:26,2026-07-05,Sunday,18,False,Self-Service,11,,Cash,11,3,True,43.79,68.3,130.9,29.0,34.7,20.9,0.0,,215.4,4
TXN-CRT-001-000769,2026-07-05 18:56:36,2026-07-05,Sunday,18,False,Traditional,1,CASH-103,Cash,15,4,True,75.14,147.1,80.5,27.2,70.9,24.0,0.0,,202.7,3
TXN-CRT-001-000770,2026-07-05 19:06:08,2026-07-05,Sunday,19,False,Traditional,8,CASH-130,Flous (Mobile),19,3,True,49.97,28.6,54.1,27.4,33.9,21.5,0.0,,136.8,4
TXN-CRT-001-000771,2026-07-05 19:06:19,2026-07-05,Sunday,19,False,Traditional,4,CASH-115,Card (Local),15,3,True,99.31,147.1,95.5,15.6,22.7,28.2,0.0,,162.0,3
TXN-CRT-001-000772,2026-07-05 19:06:52,2026-07-05,Sunday,19,False,Traditional,5,CASH-121,Card (Local),23,3,True,172.39,84.1,88.8,41.1,34.3,35.3,133.7,Supervisor approval needed,333.2,2
TXN-CRT-001-000773,2026-07-05 19:07:58,2026-07-05,Sunday,19,False,Traditional,2,CASH-132,Cash,14,2,True,110.18,32.7,91.7,42.8,41.5,31.5,0.0,,207.6,4
TXN-CRT-001-000774,2026-07-05 19:11:03,2026-07-05,Sunday,19,False,Traditional,4,CASH-107,Card (Local),7,3,True,55.1,27.2,42.3,24.1,21.1,38.9,0.0,,126.4,4
TXN-CRT-001-000775,2026-07-05 19:11:06,2026-07-05,Sunday,19,False,Traditional,7,CASH-114,Cash,8,5,True,24.82,146.5,44.5,26.6,53.8,22.3,0.0,,147.3,3
TXN-CRT-001-000776,2026-07-05 19:18:20,2026-07-05,Sunday,19,False,Traditional,6,CASH-125,Cash,1,0,False,2.68,99.7,7.4,0.0,62.6,26.9,0.0,,96.9,3
TXN-CRT-001-000777,2026-07-05 19:18:53,2026-07-05,Sunday,19,False,Traditional,3,CASH-105,Card (Local),10,4,True,41.04,46.6,73.5,40.3,20.2,23.6,0.0,,157.6,4
TXN-CRT-001-000778,2026-07-05 19:22:51,2026-07-05,Sunday,19,False,Traditional,4,CASH-133,Cash,25,7,True,206.71,36.0,183.4,18.4,73.3,33.6,0.0,,308.7,3
TXN-CRT-001-000779,2026-07-05 19:26:03,2026-07-05,Sunday,19,False,Traditional,1,CASH-129,Flous (Mobile),28,3,True,159.94,32.8,200.3,40.9,33.0,26.2,0.0,,300.4,4
TXN-CRT-001-000780,2026-07-05 19:30:35,2026-07-05,Sunday,19,False,Traditional,7,CASH-130,Cash,7,5,True,33.04,44.9,33.6,34.9,39.2,33.8,0.0,,141.5,4
TXN-CRT-001-000781,2026-07-05 19:30:53,2026-07-05,Sunday,19,False,Traditional,2,CASH-117,Card (Local),46,8,True,367.3,48.1,168.9,35.2,31.9,32.8,0.0,,268.8,4
TXN-CRT-001-000782,2026-07-05 19:33:26,2026-07-05,Sunday,19,False,Traditional,6,CASH-132,Cash,15,4,True,114.5,58.1,99.2,27.7,70.5,27.9,0.0,,225.3,4
TXN-CRT-001-000783,2026-07-05 19:33:56,2026-07-05,Sunday,19,False,Traditional,4,CASH-133,Card (Local),41,8,True,352.35,23.9,121.2,43.7,32.5,16.3,0.0,,213.7,4
TXN-CRT-001-000784,2026-07-05 19:39:16,2026-07-05,Sunday,19,False,Traditional,8,CASH-124,Cash,23,5,True,139.48,31.7,111.0,44.0,30.2,32.1,0.0,,217.2,4
TXN-CRT-001-000785,2026-07-05 19:42:07,2026-07-05,Sunday,19,False,Traditional,1,CASH-114,Cash,24,7,True,184.08,43.2,136.4,25.1,45.3,16.9,0.0,,223.6,4
TXN-CRT-001-000786,2026-07-05 19:43:37,2026-07-05,Sunday,19,False,Self-Service,9,,Flous (Mobile),4,1,True,14.34,183.1,16.9,88.3,31.3,36.8,0.0,,173.3,3
TXN-CRT-001-000787,2026-07-05 19:45:52,2026-07-05,Sunday,19,False,Traditional,3,CASH-124,Cash,8,1,True,34.35,62.7,56.8,23.7,56.3,37.3,0.0,,174.0,3
TXN-CRT-001-000788,2026-07-05 19:46:41,2026-07-05,Sunday,19,False,Traditional,5,CASH-111,Card (International),1,0,False,3.77,16.8,6.5,0.0,32.8,23.8,0.0,,63.1,4
TXN-CRT-001-000789,2026-07-05 19:46:58,2026-07-05,Sunday,19,False,Traditional,3,CASH-121,Check,24,5,True,181.92,24.9,179.6,39.4,67.1,31.0,0.0,,317.1,3
TXN-CRT-001-000790,2026-07-05 19:51:40,2026-07-05,Sunday,19,False,Express (<10 items),13,CASH-144,Cash,11,5,True,43.86,145.4,67.4,36.4,68.0,31.5,0.0,,203.2,3
TXN-CRT-001-000791,2026-07-05 19:52:13,2026-07-05,Sunday,19,False,Traditional,5,CASH-121,Cash,28,9,True,237.8,113.0,147.7,34.8,27.4,18.5,0.0,,228.3,3
TXN-CRT-001-000792,2026-07-05 19:54:33,2026-07-05,Sunday,19,False,Traditional,7,CASH-116,Card (Local),11,3,True,37.04,39.0,48.3,34.1,34.2,26.8,0.0,,143.4,4
TXN-CRT-001-000793,2026-07-05 20:05:31,2026-07-05,Sunday,20,False,Traditional,3,CASH-121,Check,30,5,True,189.89,73.0,126.2,31.8,84.2,33.2,108.7,Payment terminal error,384.2,2
TXN-CRT-001-000794,2026-07-05 20:15:49,2026-07-05,Sunday,20,False,Traditional,7,CASH-121,Flous (Mobile),6,2,True,28.54,67.3,43.8,35.3,30.4,29.9,138.2,Price check required,277.6,2
TXN-CRT-001-000795,2026-07-05 20:15:55,2026-07-05,Sunday,20,False,Traditional,4,CASH-122,Cash,7,1,True,28.06,51.8,34.6,32.3,30.8,25.4,170.0,Barcode not scanning,293.0,3
TXN-CRT-001-000796,2026-07-05 20:17:51,2026-07-05,Sunday,20,False,Self-Service,11,,Card (International),11,2,True,38.84,27.5,75.8,23.9,39.6,35.1,116.5,Barcode not scanning,291.0,3
TXN-CRT-001-000797,2026-07-05 20:17:59,2026-07-05,Sunday,20,False,Express (<10 items),12,CASH-137,Cash,13,3,True,83.58,10.9,72.0,38.0,68.7,27.2,0.0,,205.9,4
TXN-CRT-001-000798,2026-07-05 20:19:27,2026-07-05,Sunday,20,False,Traditional,6,CASH-121,Check,11,4,True,28.09,92.7,72.2,35.1,85.9,36.4,0.0,,229.7,3
TXN-CRT-001-000799,2026-07-05 20:19:28,2026-07-05,Sunday,20,False,Traditional,2,CASH-118,Check,26,4,True,104.42,68.4,191.1,20.5,64.9,33.0,0.0,,309.5,3
TXN-CRT-001-000800,2026-07-05 20:25:11,2026-07-05,Sunday,20,False,Self-Service,10,,Cash,4,0,False,26.36,27.9,28.6,0.0,73.6,34.9,100.3,Promo code issue,237.3,3
TXN-CRT-001-000801,2026-07-05 20:33:40,2026-07-05,Sunday,20,False,Traditional,5,CASH-107,Cash,11,3,True,57.25,109.8,76.3,34.0,42.0,19.3,0.0,,171.6,3
TXN-CRT-001-000802,2026-07-05 20:38:03,2026-07-05,Sunday,20,False,Traditional,2,CASH-119,Cash,32,6,True,274.13,141.7,105.1,37.5,61.4,28.9,175.3,Supervisor approval needed,408.2,1
TXN-CRT-001-000803,2026-07-05 20:39:43,2026-07-05,Sunday,20,False,Traditional,2,CASH-116,Cash,3,1,True,7.74,61.2,13.6,32.2,54.3,30.4,0.0,,130.4,3
TXN-CRT-001-000804,2026-07-05 20:43:14,2026-07-05,Sunday,20,False,Traditional,3,CASH-127,Card (International),44,11,True,348.53,50.5,200.6,15.6,38.5,24.0,0.0,,278.8,4
TXN-CRT-001-000805,2026-07-05 20:46:45,2026-07-05,Sunday,20,False,Traditional,2,CASH-104,Cash,49,12,True,211.66,14.1,172.3,44.8,66.4,31.2,0.0,,314.7,3
TXN-CRT-001-000806,2026-07-05 20:49:35,2026-07-05,Sunday,20,False,Traditional,1,CASH-119,Cash,4,0,False,11.34,45.3,11.3,0.0,40.4,33.9,0.0,,85.6,4
TXN-CRT-001-000807,2026-07-05 20:57:48,2026-07-05,Sunday,20,False,Express (<10 items),12,CASH-139,Cash,10,1,True,26.0,22.1,26.4,36.5,66.5,19.7,0.0,,149.1,4
TXN-CRT-001-000808,2026-07-05 21:15:34,2026-07-05,Sunday,21,False,Self-Service,9,,Check,12,4,True,64.25,47.2,110.8,70.8,41.1,21.4,0.0,,244.1,4
TXN-CRT-001-000809,2026-07-05 21:21:36,2026-07-05,Sunday,21,False,Traditional,5,CASH-132,Card (Local),27,9,True,141.93,102.1,137.7,16.8,28.7,33.8,0.0,,217.1,3
TXN-CRT-001-000810,2026-07-05 21:41:04,2026-07-05,Sunday,21,False,Traditional,3,CASH-109,Cash,19,3,True,122.15,79.8,115.3,37.9,62.6,38.5,0.0,,254.3,4
TXN-CRT-001-000811,2026-07-05 21:41:11,2026-07-05,Sunday,21,False,Express (<10 items),12,CASH-140,Cash,20,3,True,94.36,111.9,55.8,38.8,60.3,29.3,0.0,,184.2,4
TXN-CRT-001-000812,2026-07-05 21:46:42,2026-07-05,Sunday,21,False,Traditional,8,CASH-116,Check,26,3,True,125.89,42.6,131.9,23.2,53.6,18.9,0.0,,227.5,4
TXN-CRT-001-000813,2026-07-06 08:28:44,2026-07-06,Monday,8,False,Traditional,6,CASH-101,Flous (Mobile),5,1,True,12.63,17.8,23.4,36.7,30.8,36.6,0.0,,127.5,4
TXN-CRT-001-000814,2026-07-06 08:40:02,2026-07-06,Monday,8,False,Self-Service,9,,Cash,31,9,True,219.81,41.2,172.5,27.4,39.3,45.9,0.0,,285.1,4
TXN-CRT-001-000815,2026-07-06 08:41:20,2026-07-06,Monday,8,False,Self-Service,11,,Cash,23,5,True,235.89,61.4,171.4,43.8,58.8,22.7,0.0,,296.8,3
TXN-CRT-001-000816,2026-07-06 08:43:31,2026-07-06,Monday,8,False,Traditional,8,CASH-135,Cash,18,5,True,57.01,115.1,59.4,18.1,74.9,21.8,0.0,,174.2,3
TXN-CRT-001-000817,2026-07-06 08:49:05,2026-07-06,Monday,8,False,Traditional,2,CASH-133,Cash,38,11,True,187.79,90.5,161.5,40.8,65.3,19.8,0.0,,287.4,3
TXN-CRT-001-000818,2026-07-06 08:59:58,2026-07-06,Monday,8,False,Traditional,8,CASH-119,Card (Local),23,9,True,137.72,12.0,72.7,19.5,21.2,39.4,0.0,,152.7,4
TXN-CRT-001-000819,2026-07-06 09:03:19,2026-07-06,Monday,9,False,Traditional,5,CASH-126,Flous (Mobile),7,0,False,50.24,60.0,52.2,0.0,24.5,20.4,0.0,,97.1,4
TXN-CRT-001-000820,2026-07-06 09:03:42,2026-07-06,Monday,9,False,Traditional,2,CASH-103,Cash,13,2,True,59.99,101.5,57.8,43.6,37.8,19.3,0.0,,158.4,4
TXN-CRT-001-000821,2026-07-06 09:15:44,2026-07-06,Monday,9,False,Traditional,6,CASH-128,Flous (Mobile),15,1,True,99.62,120.4,108.9,21.7,20.2,37.8,0.0,,188.6,3
TXN-CRT-001-000822,2026-07-06 09:16:10,2026-07-06,Monday,9,False,Traditional,2,CASH-117,Cash,3,2,True,17.86,106.8,22.5,28.8,63.8,21.4,0.0,,136.5,4
TXN-CRT-001-000823,2026-07-06 09:21:06,2026-07-06,Monday,9,False,Traditional,6,CASH-108,Card (Local),45,14,True,343.88,30.4,277.3,21.8,19.5,27.9,0.0,,346.5,4
TXN-CRT-001-000824,2026-07-06 09:39:39,2026-07-06,Monday,9,False,Traditional,3,CASH-120,Card (Local),6,2,True,31.32,31.7,19.5,28.9,30.7,24.2,0.0,,103.3,4
TXN-CRT-001-000825,2026-07-06 09:40:19,2026-07-06,Monday,9,False,Traditional,7,CASH-120,Cash,23,3,True,240.16,156.3,138.9,21.0,63.0,29.4,0.0,,252.3,3
TXN-CRT-001-000826,2026-07-06 09:42:22,2026-07-06,Monday,9,False,Self-Service,9,,Cash,16,3,True,91.21,37.0,84.5,77.0,45.0,47.7,0.0,,254.2,4
TXN-CRT-001-000827,2026-07-06 09:44:38,2026-07-06,Monday,9,False,Traditional,5,CASH-110,Card (Local),2,0,False,10.85,140.4,14.3,0.0,21.3,27.3,0.0,,62.9,3
TXN-CRT-001-000828,2026-07-06 09:56:50,2026-07-06,Monday,9,False,Traditional,1,CASH-124,Cash,42,11,True,347.25,25.1,313.5,18.9,51.6,23.9,0.0,,407.9,4
TXN-CRT-001-000829,2026-07-06 10:04:17,2026-07-06,Monday,10,False,Traditional,2,CASH-104,Cash,33,7,True,273.88,47.2,210.1,38.1,36.5,18.5,0.0,,303.3,4
TXN-CRT-001-000830,2026-07-06 10:09:28,2026-07-06,Monday,10,False,Traditional,2,CASH-125,Card (Local),16,2,True,74.16,7.6,108.4,21.6,29.5,19.7,0.0,,179.1,4
TXN-CRT-001-000831,2026-07-06 10:12:50,2026-07-06,Monday,10,False,Traditional,3,CASH-113,Check,8,3,True,43.84,44.8,28.3,16.1,80.5,32.9,0.0,,157.8,4
TXN-CRT-001-000832,2026-07-06 10:25:29,2026-07-06,Monday,10,False,Traditional,3,CASH-116,Cash,5,1,True,32.66,27.0,30.8,36.4,27.7,28.6,0.0,,123.5,4
TXN-CRT-001-000833,2026-07-06 10:31:20,2026-07-06,Monday,10,False,Traditional,6,CASH-132,Card (International),12,3,True,49.81,80.2,38.6,21.2,48.4,15.9,0.0,,124.0,4
TXN-CRT-001-000834,2026-07-06 10:31:54,2026-07-06,Monday,10,False,Traditional,3,CASH-122,Cash,9,1,True,71.46,79.7,23.0,20.9,36.7,34.0,0.0,,114.6,4
TXN-CRT-001-000835,2026-07-06 10:34:38,2026-07-06,Monday,10,False,Traditional,4,CASH-132,Card (International),16,5,True,123.68,70.2,90.6,31.1,45.3,20.3,0.0,,187.2,3
TXN-CRT-001-000836,2026-07-06 11:00:57,2026-07-06,Monday,11,False,Traditional,8,CASH-104,Card (Local),47,12,True,433.21,28.1,211.2,38.0,19.4,24.0,0.0,,292.6,4
TXN-CRT-001-000837,2026-07-06 11:01:08,2026-07-06,Monday,11,False,Self-Service,11,,Flous (Mobile),18,7,True,99.21,112.2,184.1,33.5,22.0,35.7,0.0,,275.4,4
TXN-CRT-001-000838,2026-07-06 11:05:39,2026-07-06,Monday,11,False,Traditional,6,CASH-107,Cash,38,9,True,230.81,53.4,214.0,37.6,59.4,17.8,0.0,,328.8,4
TXN-CRT-001-000839,2026-07-06 11:16:48,2026-07-06,Monday,11,False,Traditional,1,CASH-121,Card (Local),21,8,True,103.83,84.6,112.5,26.6,18.3,39.4,0.0,,196.8,4
TXN-CRT-001-000840,2026-07-06 11:19:17,2026-07-06,Monday,11,False,Traditional,6,CASH-123,Card (Local),15,6,True,113.51,107.1,59.7,40.3,24.1,22.6,0.0,,146.6,4
TXN-CRT-001-000841,2026-07-06 11:20:03,2026-07-06,Monday,11,False,Traditional,7,CASH-102,Cash,34,9,True,315.93,57.8,109.5,26.0,58.3,28.5,0.0,,222.3,4
TXN-CRT-001-000842,2026-07-06 11:31:46,2026-07-06,Monday,11,False,Traditional,7,CASH-134,Cash,15,6,True,79.99,16.3,84.1,19.7,39.5,23.1,0.0,,166.3,4
TXN-CRT-001-000843,2026-07-06 11:34:45,2026-07-06,Monday,11,False,Traditional,2,CASH-135,Cash,35,8,True,254.17,62.7,197.6,28.5,57.4,39.8,0.0,,323.3,3
TXN-CRT-001-000844,2026-07-06 11:37:20,2026-07-06,Monday,11,False,Express (<10 items),13,CASH-136,Cash,10,2,True,31.53,45.2,46.5,21.1,61.3,18.3,0.0,,147.2,4
TXN-CRT-001-000845,2026-07-06 11:45:02,2026-07-06,Monday,11,False,Traditional,4,CASH-128,Flous (Mobile),6,0,False,18.19,25.9,21.4,0.0,36.1,16.0,0.0,,73.4,4
TXN-CRT-001-000846,2026-07-06 11:53:21,2026-07-06,Monday,11,False,Traditional,3,CASH-113,Cash,34,9,True,318.34,130.5,189.3,33.2,70.7,31.9,0.0,,325.1,3
TXN-CRT-001-000847,2026-07-06 11:55:57,2026-07-06,Monday,11,False,Traditional,4,CASH-122,Cash,18,6,True,53.17,41.6,64.6,21.3,59.7,15.6,0.0,,161.2,4
TXN-CRT-001-000848,2026-07-06 11:59:45,2026-07-06,Monday,11,False,Express (<10 items),13,CASH-144,Card (Local),38,11,True,188.03,76.5,189.6,32.4,29.5,39.1,0.0,,290.6,3
TXN-CRT-001-000849,2026-07-06 12:01:14,2026-07-06,Monday,12,False,Traditional,2,CASH-119,Cash,43,8,True,242.52,89.2,275.1,35.4,61.4,18.2,95.4,Item return/exchange,485.4,2
TXN-CRT-001-000850,2026-07-06 12:02:20,2026-07-06,Monday,12,False,Traditional,4,CASH-122,Cash,3,1,True,16.66,62.7,17.2,27.1,58.6,15.9,0.0,,118.9,4
TXN-CRT-001-000851,2026-07-06 12:06:57,2026-07-06,Monday,12,False,Traditional,8,CASH-118,Cash,15,2,True,67.97,38.1,54.2,23.9,45.9,17.3,0.0,,141.4,4
TXN-CRT-001-000852,2026-07-06 12:09:39,2026-07-06,Monday,12,False,Traditional,8,CASH-123,Check,12,4,True,47.1,14.7,64.1,35.4,61.4,18.6,0.0,,179.4,4
TXN-CRT-001-000853,2026-07-06 12:11:16,2026-07-06,Monday,12,False,Traditional,7,CASH-101,Flous (Mobile),20,3,True,105.14,69.6,122.4,17.7,34.6,20.8,0.0,,195.5,4
TXN-CRT-001-000854,2026-07-06 12:26:01,2026-07-06,Monday,12,False,Self-Service,10,,Flous (Mobile),28,10,True,264.69,41.8,217.1,37.2,26.5,37.0,0.0,,317.8,3
TXN-CRT-001-000855,2026-07-06 12:29:42,2026-07-06,Monday,12,False,Traditional,6,CASH-121,Cash,9,1,True,37.8,153.7,63.3,28.3,35.3,31.9,0.0,,158.8,3
TXN-CRT-001-000856,2026-07-06 12:30:09,2026-07-06,Monday,12,False,Traditional,4,CASH-112,Card (International),17,3,True,133.45,31.0,93.2,22.7,33.4,29.9,113.4,Barcode not scanning,292.7,4
TXN-CRT-001-000857,2026-07-06 12:31:23,2026-07-06,Monday,12,False,Traditional,1,CASH-125,Cash,23,8,True,117.01,7.8,94.3,37.3,45.7,25.9,0.0,,203.3,4
TXN-CRT-001-000858,2026-07-06 12:32:41,2026-07-06,Monday,12,False,Traditional,1,CASH-123,Cash,6,1,True,42.98,20.2,26.0,17.2,27.9,27.3,52.4,Price check required,150.9,3
TXN-CRT-001-000859,2026-07-06 12:34:47,2026-07-06,Monday,12,False,Traditional,8,CASH-116,Cash,30,3,True,118.77,106.6,77.4,19.4,65.3,26.7,0.0,,188.8,4
TXN-CRT-001-000860,2026-07-06 12:35:04,2026-07-06,Monday,12,False,Traditional,4,CASH-131,Card (Local),19,5,True,81.35,91.1,111.3,21.6,30.6,19.2,0.0,,182.8,4
TXN-CRT-001-000861,2026-07-06 12:43:22,2026-07-06,Monday,12,False,Traditional,1,CASH-103,Cash,45,7,True,216.47,129.8,260.3,28.8,61.0,35.7,0.0,,385.8,2
TXN-CRT-001-000862,2026-07-06 12:48:19,2026-07-06,Monday,12,False,Traditional,6,CASH-117,Cash,11,6,True,29.31,45.7,67.6,23.6,50.2,21.7,0.0,,163.1,4
TXN-CRT-001-000863,2026-07-06 12:49:07,2026-07-06,Monday,12,False,Traditional,1,CASH-131,Cash,5,1,True,21.35,83.5,37.0,27.8,44.6,34.9,0.0,,144.3,3
TXN-CRT-001-000864,2026-07-06 12:50:17,2026-07-06,Monday,12,False,Traditional,6,CASH-127,Cash,16,3,True,123.02,60.6,42.7,15.3,52.4,25.8,0.0,,136.2,4
TXN-CRT-001-000865,2026-07-06 12:57:14,2026-07-06,Monday,12,False,Traditional,6,CASH-133,Card (Local),4,1,True,23.36,32.9,24.5,37.4,21.5,36.5,0.0,,120.0,4
TXN-CRT-001-000866,2026-07-06 13:00:06,2026-07-06,Monday,13,False,Traditional,7,CASH-104,Cash,47,8,True,237.14,53.2,190.2,42.7,47.4,34.2,0.0,,314.5,3
TXN-CRT-001-000867,2026-07-06 13:05:16,2026-07-06,Monday,13,False,Traditional,1,CASH-123,Card (Local),2,1,True,12.74,39.7,11.3,20.9,26.0,23.9,0.0,,82.1,4
TXN-CRT-001-000868,2026-07-06 13:14:29,2026-07-06,Monday,13,False,Traditional,6,CASH-126,Cash,25,9,True,227.11,125.0,179.9,17.7,74.6,34.9,0.0,,307.1,2
TXN-CRT-001-000869,2026-07-06 13:16:12,2026-07-06,Monday,13,False,Self-Service,10,,Card (International),16,6,True,53.05,32.7,126.3,28.6,35.4,47.5,0.0,,237.7,4
TXN-CRT-001-000870,2026-07-06 13:20:20,2026-07-06,Monday,13,False,Express (<10 items),12,CASH-144,Card (Local),12,2,True,33.54,137.0,63.1,43.5,19.8,22.1,0.0,,148.6,3
TXN-CRT-001-000871,2026-07-06 13:33:53,2026-07-06,Monday,13,False,Traditional,3,CASH-116,Cash,3,0,False,8.47,31.1,19.7,0.0,60.8,25.5,0.0,,106.0,4
TXN-CRT-001-000872,2026-07-06 13:35:34,2026-07-06,Monday,13,False,Traditional,2,CASH-121,Cash,20,2,True,65.17,39.7,133.5,22.6,49.7,20.3,0.0,,226.2,4
TXN-CRT-001-000873,2026-07-06 13:40:00,2026-07-06,Monday,13,False,Traditional,2,CASH-104,Card (Local),18,5,True,132.24,55.0,66.0,28.2,27.3,16.4,0.0,,138.0,4
TXN-CRT-001-000874,2026-07-06 13:44:04,2026-07-06,Monday,13,False,Traditional,3,CASH-123,Flous (Mobile),9,2,True,58.19,30.0,62.6,36.3,22.6,38.6,79.8,Payment terminal error,239.9,3
TXN-CRT-001-000875,2026-07-06 13:45:08,2026-07-06,Monday,13,False,Traditional,8,CASH-107,Cash,40,10,True,340.61,54.7,169.0,44.6,52.7,26.1,0.0,,292.3,4
TXN-CRT-001-000876,2026-07-06 13:47:49,2026-07-06,Monday,13,False,Traditional,8,CASH-134,Cash,10,4,True,54.65,60.1,40.1,28.5,29.5,28.2,0.0,,126.4,4
TXN-CRT-001-000877,2026-07-06 13:53:11,2026-07-06,Monday,13,False,Traditional,6,CASH-116,Flous (Mobile),14,2,True,42.05,120.7,70.2,44.3,25.5,35.4,0.0,,175.3,3
TXN-CRT-001-000878,2026-07-06 13:53:37,2026-07-06,Monday,13,False,Traditional,2,CASH-118,Card (Local),17,1,True,89.9,7.7,94.0,27.1,23.4,20.4,53.7,Barcode not scanning,218.6,3
TXN-CRT-001-000879,2026-07-06 13:54:55,2026-07-06,Monday,13,False,Traditional,1,CASH-120,Cash,4,0,False,30.25,31.3,11.2,0.0,37.0,27.8,0.0,,75.9,4
TXN-CRT-001-000880,2026-07-06 13:57:23,2026-07-06,Monday,13,False,Traditional,6,CASH-102,Cash,43,9,True,312.64,148.5,234.7,35.2,39.0,35.1,0.0,,344.0,3
TXN-CRT-001-000881,2026-07-06 13:58:26,2026-07-06,Monday,13,False,Traditional,4,CASH-112,Cash,12,1,True,69.37,39.0,39.9,42.9,39.9,36.9,0.0,,159.6,4
TXN-CRT-001-000882,2026-07-06 14:00:20,2026-07-06,Monday,14,False,Traditional,5,CASH-130,Card (Local),4,1,True,26.88,39.0,20.6,32.8,21.0,17.8,0.0,,92.2,4
TXN-CRT-001-000883,2026-07-06 14:06:11,2026-07-06,Monday,14,False,Traditional,7,CASH-124,Cash,12,2,True,93.9,29.7,71.2,26.7,66.1,27.6,108.2,Price check required,299.7,3
TXN-CRT-001-000884,2026-07-06 14:07:44,2026-07-06,Monday,14,False,Traditional,5,CASH-124,Check,19,3,True,63.1,82.2,67.4,41.0,61.0,22.3,0.0,,191.7,4
TXN-CRT-001-000885,2026-07-06 14:11:59,2026-07-06,Monday,14,False,Traditional,1,CASH-117,Cash,16,5,True,118.38,13.7,112.4,32.6,27.9,26.9,0.0,,199.9,4
TXN-CRT-001-000886,2026-07-06 14:20:26,2026-07-06,Monday,14,False,Traditional,2,CASH-132,Cash,23,4,True,127.16,67.3,89.3,27.9,70.7,18.1,0.0,,205.9,3
TXN-CRT-001-000887,2026-07-06 14:22:13,2026-07-06,Monday,14,False,Traditional,1,CASH-104,Card (Local),3,1,True,15.76,162.8,8.7,17.4,21.0,35.3,143.2,Item return/exchange,225.7,3
TXN-CRT-001-000888,2026-07-06 14:27:32,2026-07-06,Monday,14,False,Traditional,5,CASH-108,Flous (Mobile),10,2,True,28.85,10.6,53.7,35.4,34.0,39.5,0.0,,162.6,4
TXN-CRT-001-000889,2026-07-06 14:34:45,2026-07-06,Monday,14,False,Traditional,3,CASH-118,Card (International),30,7,True,157.73,82.9,136.3,30.1,48.2,16.8,0.0,,231.3,4
TXN-CRT-001-000890,2026-07-06 14:35:35,2026-07-06,Monday,14,False,Traditional,5,CASH-112,Cash,4,2,True,12.99,19.2,22.8,16.3,66.4,18.1,0.0,,123.5,4
TXN-CRT-001-000891,2026-07-06 14:52:55,2026-07-06,Monday,14,False,Traditional,7,CASH-122,Card (Local),34,4,True,202.29,70.1,122.7,21.5,20.2,28.6,0.0,,193.0,3
TXN-CRT-001-000892,2026-07-06 15:06:55,2026-07-06,Monday,15,False,Self-Service,9,,Card (Local),4,1,True,24.02,66.1,32.5,65.5,23.4,20.0,0.0,,141.4,4
TXN-CRT-001-000893,2026-07-06 15:08:11,2026-07-06,Monday,15,False,Traditional,5,CASH-102,Cash,31,10,True,149.04,86.8,103.4,25.2,67.7,19.8,0.0,,216.2,4
TXN-CRT-001-000894,2026-07-06 15:08:19,2026-07-06,Monday,15,False,Traditional,6,CASH-116,Cash,12,3,True,92.77,35.3,36.4,41.3,26.6,19.6,0.0,,123.8,4
TXN-CRT-001-000895,2026-07-06 15:24:00,2026-07-06,Monday,15,False,Traditional,7,CASH-113,Cash,19,4,True,70.73,36.7,81.1,29.0,73.2,17.3,0.0,,200.6,4
TXN-CRT-001-000896,2026-07-06 15:25:38,2026-07-06,Monday,15,False,Traditional,2,CASH-128,Cash,6,1,True,47.86,88.4,16.6,37.4,57.7,17.3,0.0,,129.0,4
TXN-CRT-001-000897,2026-07-06 15:34:44,2026-07-06,Monday,15,False,Traditional,6,CASH-116,Flous (Mobile),3,1,True,7.79,35.0,16.0,32.4,23.8,25.0,0.0,,97.2,4
TXN-CRT-001-000898,2026-07-06 15:43:39,2026-07-06,Monday,15,False,Self-Service,9,,Cash,8,4,True,32.97,95.4,67.3,42.7,58.6,42.2,0.0,,210.8,4
TXN-CRT-001-000899,2026-07-06 15:44:39,2026-07-06,Monday,15,False,Traditional,8,CASH-125,Check,6,0,False,20.26,5.5,40.0,0.0,68.8,28.3,0.0,,137.1,4
TXN-CRT-001-000900,2026-07-06 15:48:49,2026-07-06,Monday,15,False,Traditional,5,CASH-135,Card (Local),10,1,True,30.21,63.2,46.7,34.8,19.3,15.2,76.7,Supervisor approval needed,192.6,2
TXN-CRT-001-000901,2026-07-06 15:59:21,2026-07-06,Monday,15,False,Traditional,5,CASH-115,Card (Local),16,3,True,107.9,91.4,87.8,21.1,20.8,35.9,0.0,,165.6,3
TXN-CRT-001-000902,2026-07-06 16:10:34,2026-07-06,Monday,16,False,Traditional,7,CASH-120,Card (Local),18,3,True,139.09,45.8,95.3,36.5,31.3,38.4,0.0,,201.4,4
TXN-CRT-001-000903,2026-07-06 16:10:47,2026-07-06,Monday,16,False,Traditional,1,CASH-103,Cash,28,6,True,194.88,124.0,138.7,42.4,30.1,25.6,0.0,,236.6,3
TXN-CRT-001-000904,2026-07-06 16:17:06,2026-07-06,Monday,16,False,Traditional,1,CASH-110,Cash,21,4,True,177.1,36.2,114.6,21.2,32.0,34.1,0.0,,201.9,4
TXN-CRT-001-000905,2026-07-06 16:21:35,2026-07-06,Monday,16,False,Traditional,5,CASH-107,Cash,19,3,True,145.55,61.5,81.0,43.9,27.1,36.8,0.0,,188.8,4
TXN-CRT-001-000906,2026-07-06 16:40:30,2026-07-06,Monday,16,False,Self-Service,10,,Card (Local),13,2,True,77.43,101.9,121.2,33.0,21.6,46.2,169.3,Payment terminal error,391.4,2
TXN-CRT-001-000907,2026-07-06 16:49:59,2026-07-06,Monday,16,False,Traditional,3,CASH-108,Cash,15,6,True,102.37,21.2,64.7,31.7,44.3,32.9,0.0,,173.6,4
TXN-CRT-001-000908,2026-07-06 17:05:30,2026-07-06,Monday,17,False,Traditional,2,CASH-102,Card (International),13,2,True,102.18,107.8,32.9,27.0,26.7,38.0,0.0,,124.6,3
TXN-CRT-001-000909,2026-07-06 17:06:50,2026-07-06,Monday,17,False,Traditional,3,CASH-118,Cash,32,6,True,161.96,66.7,109.0,27.4,73.8,18.3,64.4,Price check required,293.0,3
TXN-CRT-001-000910,2026-07-06 17:13:22,2026-07-06,Monday,17,False,Traditional,2,CASH-123,Cash,8,1,True,49.28,28.7,59.8,32.8,66.5,38.6,0.0,,197.6,4
TXN-CRT-001-000911,2026-07-06 17:23:27,2026-07-06,Monday,17,False,Traditional,6,CASH-120,Cash,1,1,True,7.41,51.5,5.0,17.8,30.5,28.9,126.5,Promo code issue,208.6,3
TXN-CRT-001-000912,2026-07-06 17:27:10,2026-07-06,Monday,17,False,Traditional,2,CASH-134,Flous (Mobile),21,7,True,87.62,26.7,61.1,18.6,34.6,36.6,0.0,,150.9,4
TXN-CRT-001-000913,2026-07-06 17:28:00,2026-07-06,Monday,17,False,Traditional,2,CASH-103,Card (Local),7,3,True,35.39,78.5,44.8,41.2,28.4,30.2,0.0,,144.7,4
TXN-CRT-001-000914,2026-07-06 17:55:13,2026-07-06,Monday,17,False,Traditional,5,CASH-119,Cash,38,6,True,154.46,43.1,106.3,24.7,54.2,33.6,0.0,,218.8,4
TXN-CRT-001-000915,2026-07-06 18:01:19,2026-07-06,Monday,18,False,Traditional,6,CASH-125,Cash,34,11,True,186.16,39.2,183.7,42.5,28.0,34.7,0.0,,288.9,4
TXN-CRT-001-000916,2026-07-06 18:02:26,2026-07-06,Monday,18,False,Traditional,6,CASH-102,Cash,4,1,True,11.88,80.2,25.8,39.5,42.0,25.8,0.0,,133.1,3
TXN-CRT-001-000917,2026-07-06 18:04:47,2026-07-06,Monday,18,False,Traditional,2,CASH-126,Check,5,1,True,27.94,45.0,25.1,33.2,82.3,17.6,117.4,Payment terminal error,275.6,4
TXN-CRT-001-000918,2026-07-06 18:07:05,2026-07-06,Monday,18,False,Express (<10 items),12,CASH-141,Card (Local),15,4,True,80.6,53.4,82.5,27.1,27.3,39.2,0.0,,176.2,4
TXN-CRT-001-000919,2026-07-06 18:11:46,2026-07-06,Monday,18,False,Traditional,4,CASH-113,Cash,19,6,True,95.39,50.6,80.2,17.7,32.0,16.2,0.0,,146.1,4
TXN-CRT-001-000920,2026-07-06 18:18:08,2026-07-06,Monday,18,False,Traditional,2,CASH-120,Card (Local),9,3,True,23.97,7.4,41.5,30.6,24.9,21.9,0.0,,118.8,4
TXN-CRT-001-000921,2026-07-06 18:18:32,2026-07-06,Monday,18,False,Self-Service,9,,Cash,24,9,True,220.23,16.1,247.4,22.8,64.8,32.2,111.2,Price check required,478.4,3
TXN-CRT-001-000922,2026-07-06 18:21:29,2026-07-06,Monday,18,False,Traditional,1,CASH-114,Check,19,8,True,65.87,31.6,113.2,30.0,45.1,16.0,0.0,,204.3,4
TXN-CRT-001-000923,2026-07-06 18:27:50,2026-07-06,Monday,18,False,Self-Service,10,,Cash,11,2,True,87.01,33.4,115.3,47.4,53.3,30.6,0.0,,246.6,4
TXN-CRT-001-000924,2026-07-06 18:30:28,2026-07-06,Monday,18,False,Traditional,5,CASH-102,Card (Local),2,0,False,6.4,6.6,5.1,0.0,29.6,36.2,0.0,,70.9,4
TXN-CRT-001-000925,2026-07-06 18:35:44,2026-07-06,Monday,18,False,Traditional,2,CASH-128,Cash,25,2,True,239.08,53.3,176.1,30.0,45.7,18.3,0.0,,270.1,4
TXN-CRT-001-000926,2026-07-06 18:36:54,2026-07-06,Monday,18,False,Traditional,5,CASH-127,Card (Local),8,3,True,38.8,47.7,30.5,27.0,28.1,20.5,0.0,,106.1,4
TXN-CRT-001-000927,2026-07-06 18:40:38,2026-07-06,Monday,18,False,Traditional,5,CASH-128,Card (International),31,5,True,164.83,57.7,162.2,40.0,39.3,16.0,0.0,,257.5,4
TXN-CRT-001-000928,2026-07-06 18:52:20,2026-07-06,Monday,18,False,Traditional,2,CASH-113,Card (Local),13,5,True,79.32,41.1,72.0,23.2,23.2,31.6,0.0,,150.1,4
TXN-CRT-001-000929,2026-07-06 18:57:01,2026-07-06,Monday,18,False,Traditional,7,CASH-120,Card (Local),18,4,True,71.18,134.1,71.1,25.8,33.8,39.9,0.0,,170.6,3
TXN-CRT-001-000930,2026-07-06 18:59:44,2026-07-06,Monday,18,False,Traditional,1,CASH-108,Flous (Mobile),36,8,True,237.86,73.8,167.6,24.5,23.8,34.0,0.0,,249.9,4
TXN-CRT-001-000931,2026-07-06 19:00:23,2026-07-06,Monday,19,False,Traditional,5,CASH-127,Cash,35,4,True,229.08,145.4,167.0,37.6,55.2,37.0,0.0,,296.8,3
TXN-CRT-001-000932,2026-07-06 19:02:05,2026-07-06,Monday,19,False,Traditional,7,CASH-125,Cash,12,2,True,79.59,21.1,41.7,17.9,71.9,39.2,0.0,,170.7,4
TXN-CRT-001-000933,2026-07-06 19:03:43,2026-07-06,Monday,19,False,Express (<10 items),12,CASH-136,Cash,8,4,True,29.87,40.2,40.5,18.7,74.5,31.8,0.0,,165.5,4
TXN-CRT-001-000934,2026-07-06 19:07:31,2026-07-06,Monday,19,False,Traditional,6,CASH-124,Check,27,3,True,261.98,33.9,137.5,32.5,40.7,39.2,0.0,,249.9,4
TXN-CRT-001-000935,2026-07-06 19:13:40,2026-07-06,Monday,19,False,Traditional,5,CASH-121,Cash,14,3,True,105.34,12.8,62.1,33.3,47.3,24.7,0.0,,167.4,4
TXN-CRT-001-000936,2026-07-06 19:16:44,2026-07-06,Monday,19,False,Traditional,1,CASH-132,Card (Local),7,0,False,46.53,45.9,31.2,0.0,20.3,33.0,0.0,,84.5,4
TXN-CRT-001-000937,2026-07-06 19:16:47,2026-07-06,Monday,19,False,Traditional,3,CASH-129,Card (Local),39,9,True,227.96,6.1,99.0,20.7,28.1,18.2,0.0,,166.1,4
TXN-CRT-001-000938,2026-07-06 19:17:49,2026-07-06,Monday,19,False,Self-Service,9,,Cash,7,1,True,54.87,77.9,54.5,85.0,58.8,34.5,89.4,Payment terminal error,322.1,2
TXN-CRT-001-000939,2026-07-06 19:31:21,2026-07-06,Monday,19,False,Traditional,2,CASH-113,Cash,2,0,False,8.36,113.9,6.6,0.0,49.9,27.3,0.0,,83.7,4
TXN-CRT-001-000940,2026-07-06 19:35:04,2026-07-06,Monday,19,False,Traditional,1,CASH-103,Cash,1,1,True,3.48,43.9,2.7,16.9,43.2,38.4,0.0,,101.2,4
TXN-CRT-001-000941,2026-07-06 19:36:08,2026-07-06,Monday,19,False,Traditional,2,CASH-117,Cash,20,5,True,65.88,57.3,70.6,36.5,32.4,18.7,0.0,,158.2,4
TXN-CRT-001-000942,2026-07-06 19:37:25,2026-07-06,Monday,19,False,Traditional,8,CASH-123,Cash,21,4,True,182.55,114.6,73.8,19.5,66.4,24.8,108.1,Item return/exchange,292.7,3
TXN-CRT-001-000943,2026-07-06 19:38:06,2026-07-06,Monday,19,False,Traditional,1,CASH-122,Cash,10,3,True,71.87,24.6,66.8,40.1,40.4,24.8,57.0,Barcode not scanning,229.1,3
TXN-CRT-001-000944,2026-07-06 19:40:39,2026-07-06,Monday,19,False,Traditional,8,CASH-119,Flous (Mobile),10,1,True,41.49,12.7,72.8,16.7,35.5,15.2,0.0,,140.1,4
TXN-CRT-001-000945,2026-07-06 19:46:31,2026-07-06,Monday,19,False,Traditional,6,CASH-113,Check,11,2,True,77.43,5.9,67.8,21.8,50.0,17.2,0.0,,156.8,4
TXN-CRT-001-000946,2026-07-06 19:47:25,2026-07-06,Monday,19,False,Traditional,7,CASH-127,Cash,22,6,True,115.37,26.9,111.7,26.1,45.7,23.2,0.0,,206.7,4
TXN-CRT-001-000947,2026-07-06 19:48:14,2026-07-06,Monday,19,False,Traditional,2,CASH-112,Cash,3,0,False,12.99,30.8,16.9,0.0,39.4,18.7,0.0,,75.0,4
TXN-CRT-001-000948,2026-07-06 19:51:44,2026-07-06,Monday,19,False,Self-Service,10,,Cash,42,12,True,156.53,82.0,470.1,20.7,32.3,46.3,0.0,,569.5,3
TXN-CRT-001-000949,2026-07-06 19:59:36,2026-07-06,Monday,19,False,Self-Service,9,,Card (Local),8,2,True,52.71,16.8,56.0,68.2,22.7,41.0,0.0,,187.9,4
TXN-CRT-001-000950,2026-07-06 20:12:06,2026-07-06,Monday,20,False,Traditional,4,CASH-115,Flous (Mobile),50,15,True,329.43,12.2,195.3,15.9,38.1,38.2,0.0,,287.4,4
TXN-CRT-001-000951,2026-07-06 20:14:45,2026-07-06,Monday,20,False,Traditional,2,CASH-113,Cash,7,4,True,45.68,91.8,25.3,35.8,65.0,19.9,0.0,,146.1,3
TXN-CRT-001-000952,2026-07-06 20:20:57,2026-07-06,Monday,20,False,Traditional,6,CASH-106,Cash,27,4,True,169.47,32.4,130.4,40.0,54.6,28.6,0.0,,253.6,4
TXN-CRT-001-000953,2026-07-06 20:21:49,2026-07-06,Monday,20,False,Traditional,3,CASH-114,Card (International),8,1,True,30.33,57.7,32.1,37.7,27.4,17.9,0.0,,115.1,4
TXN-CRT-001-000954,2026-07-06 20:27:52,2026-07-06,Monday,20,False,Self-Service,9,,Card (Local),4,1,True,22.28,85.4,18.8,58.3,32.7,47.0,0.0,,156.9,3
TXN-CRT-001-000955,2026-07-06 20:28:05,2026-07-06,Monday,20,False,Traditional,2,CASH-105,Cash,36,6,True,223.0,232.1,180.4,34.6,73.0,35.1,0.0,,323.1,3
TXN-CRT-001-000956,2026-07-06 20:31:04,2026-07-06,Monday,20,False,Traditional,1,CASH-110,Card (Local),34,11,True,191.78,67.7,110.6,24.3,34.5,23.6,0.0,,193.1,3
TXN-CRT-001-000957,2026-07-06 20:36:55,2026-07-06,Monday,20,False,Traditional,8,CASH-105,Cash,13,4,True,99.72,29.7,82.7,37.6,46.8,20.4,0.0,,187.5,4
TXN-CRT-001-000958,2026-07-06 20:52:25,2026-07-06,Monday,20,False,Traditional,4,CASH-103,Cash,23,6,True,218.21,90.6,115.5,28.5,39.1,38.6,0.0,,221.7,3
TXN-CRT-001-000959,2026-07-06 20:58:51,2026-07-06,Monday,20,False,Traditional,3,CASH-108,Card (International),17,4,True,54.3,23.4,53.3,21.4,42.6,27.6,0.0,,144.8,4
TXN-CRT-001-000960,2026-07-06 21:16:09,2026-07-06,Monday,21,False,Traditional,3,CASH-108,Card (International),33,5,True,242.94,113.7,106.2,37.5,49.8,35.6,0.0,,229.1,3
TXN-CRT-001-000961,2026-07-06 21:17:50,2026-07-06,Monday,21,False,Traditional,4,CASH-103,Cash,10,3,True,46.68,28.1,40.5,37.4,31.4,23.0,0.0,,132.4,4
TXN-CRT-001-000962,2026-07-06 21:18:22,2026-07-06,Monday,21,False,Traditional,7,CASH-114,Check,16,5,True,126.84,19.8,45.4,29.0,66.3,28.9,0.0,,169.6,4
TXN-CRT-001-000963,2026-07-06 21:24:16,2026-07-06,Monday,21,False,Traditional,1,CASH-135,Cash,15,4,True,79.52,52.7,39.4,16.4,37.5,23.4,0.0,,116.7,4
TXN-CRT-001-000964,2026-07-06 21:36:57,2026-07-06,Monday,21,False,Traditional,5,CASH-132,Card (International),11,2,True,78.76,66.3,68.0,20.6,49.1,19.0,0.0,,156.6,4
TXN-CRT-001-000965,2026-07-06 21:39:52,2026-07-06,Monday,21,False,Traditional,4,CASH-131,Cash,38,11,True,285.3,20.6,178.9,29.2,44.0,24.5,49.3,Promo code issue,325.8,3
TXN-CRT-001-000966,2026-07-06 21:41:09,2026-07-06,Monday,21,False,Traditional,8,CASH-113,Flous (Mobile),7,1,True,31.02,31.7,51.4,24.0,34.1,35.7,0.0,,145.3,4
TXN-CRT-001-000967,2026-07-06 21:47:37,2026-07-06,Monday,21,False,Traditional,4,CASH-102,Flous (Mobile),6,2,True,38.06,71.6,36.7,18.9,32.5,22.8,156.3,Supervisor approval needed,267.2,3
TXN-CRT-001-000968,2026-07-06 21:51:11,2026-07-06,Monday,21,False,Traditional,1,CASH-103,Cash,18,4,True,84.62,58.8,109.5,26.7,43.0,19.7,0.0,,198.9,4
TXN-CRT-001-000969,2026-07-06 21:52:14,2026-07-06,Monday,21,False,Traditional,7,CASH-129,Flous (Mobile),21,5,True,97.93,68.8,131.3,19.1,22.6,31.4,156.2,Item return/exchange,360.5,2
TXN-CRT-001-000970,2026-07-06 21:53:45,2026-07-06,Monday,21,False,Traditional,4,CASH-132,Flous (Mobile),7,2,True,55.37,115.1,48.9,17.5,35.8,21.6,152.9,Price check required,276.7,2
TXN-CRT-001-000971,2026-07-06 21:58:32,2026-07-06,Monday,21,False,Traditional,7,CASH-134,Card (International),12,5,True,93.12,63.4,78.3,17.4,48.0,23.9,0.0,,167.7,4
TXN-CRT-001-000972,2026-07-07 08:19:21,2026-07-07,Tuesday,8,False,Express (<10 items),12,CASH-137,Cash,44,4,True,306.89,136.4,275.1,24.2,60.4,22.8,0.0,,382.5,2
TXN-CRT-001-000973,2026-07-07 09:03:50,2026-07-07,Tuesday,9,False,Traditional,5,CASH-126,Card (International),9,4,True,71.89,94.2,32.1,32.9,40.3,27.0,0.0,,132.2,4
TXN-CRT-001-000974,2026-07-07 09:05:24,2026-07-07,Tuesday,9,False,Traditional,6,CASH-129,Flous (Mobile),21,5,True,197.46,32.3,124.3,25.9,24.5,21.1,0.0,,195.8,4
TXN-CRT-001-000975,2026-07-07 09:08:57,2026-07-07,Tuesday,9,False,Traditional,3,CASH-101,Cash,25,7,True,216.41,118.7,135.1,28.5,56.1,36.1,0.0,,255.8,3
TXN-CRT-001-000976,2026-07-07 09:09:03,2026-07-07,Tuesday,9,False,Traditional,7,CASH-127,Check,14,5,True,83.01,61.6,41.5,37.5,77.3,34.8,0.0,,191.1,4
TXN-CRT-001-000977,2026-07-07 10:01:53,2026-07-07,Tuesday,10,False,Traditional,7,CASH-125,Cash,43,10,True,289.23,106.6,170.8,33.0,49.8,33.5,0.0,,287.1,4
TXN-CRT-001-000978,2026-07-07 10:11:51,2026-07-07,Tuesday,10,False,Traditional,5,CASH-128,Cash,25,8,True,208.27,69.8,107.0,31.5,45.7,16.7,0.0,,200.9,3
TXN-CRT-001-000979,2026-07-07 10:17:45,2026-07-07,Tuesday,10,False,Traditional,5,CASH-133,Card (Local),14,2,True,84.21,159.0,70.5,40.1,26.1,25.1,0.0,,161.8,3
TXN-CRT-001-000980,2026-07-07 10:27:10,2026-07-07,Tuesday,10,False,Traditional,4,CASH-133,Card (Local),18,3,True,80.8,19.9,134.6,39.3,20.2,24.2,0.0,,218.3,4
TXN-CRT-001-000981,2026-07-07 10:38:02,2026-07-07,Tuesday,10,False,Traditional,2,CASH-120,Card (Local),23,7,True,140.62,43.4,114.9,22.7,25.8,39.4,0.0,,202.8,4
TXN-CRT-001-000982,2026-07-07 10:41:36,2026-07-07,Tuesday,10,False,Traditional,7,CASH-113,Cash,19,7,True,58.88,79.0,59.6,42.1,54.2,16.1,0.0,,172.0,3
TXN-CRT-001-000983,2026-07-07 10:45:38,2026-07-07,Tuesday,10,False,Traditional,5,CASH-113,Check,36,12,True,241.07,56.9,128.6,19.8,49.3,36.8,0.0,,234.5,4
TXN-CRT-001-000984,2026-07-07 10:55:51,2026-07-07,Tuesday,10,False,Traditional,8,CASH-106,Cash,11,3,True,56.74,23.6,58.1,42.9,46.9,22.2,0.0,,170.2,4
TXN-CRT-001-000985,2026-07-07 10:59:28,2026-07-07,Tuesday,10,False,Traditional,1,CASH-128,Cash,10,2,True,41.57,148.6,30.9,24.4,72.1,33.4,0.0,,160.8,3
TXN-CRT-001-000986,2026-07-07 11:00:58,2026-07-07,Tuesday,11,False,Traditional,2,CASH-121,Cash,8,1,True,26.41,48.3,28.7,26.9,48.2,26.5,0.0,,130.3,4
TXN-CRT-001-000987,2026-07-07 11:05:27,2026-07-07,Tuesday,11,False,Traditional,7,CASH-103,Card (Local),2,2,True,7.59,99.7,10.0,15.2,18.3,25.1,0.0,,68.5,4
TXN-CRT-001-000988,2026-07-07 11:08:01,2026-07-07,Tuesday,11,False,Traditional,4,CASH-135,Flous (Mobile),2,0,False,14.51,74.7,15.0,0.0,35.2,25.1,175.0,Payment terminal error,250.3,2
TXN-CRT-001-000989,2026-07-07 11:09:48,2026-07-07,Tuesday,11,False,Traditional,5,CASH-114,Card (Local),35,10,True,282.21,88.3,255.9,19.2,32.5,28.7,0.0,,336.4,3
TXN-CRT-001-000990,2026-07-07 11:10:27,2026-07-07,Tuesday,11,False,Traditional,3,CASH-115,Flous (Mobile),22,6,True,137.33,18.7,150.2,20.4,33.7,28.5,0.0,,232.8,4
TXN-CRT-001-000991,2026-07-07 11:10:36,2026-07-07,Tuesday,11,False,Traditional,3,CASH-135,Cash,21,6,True,180.55,49.8,139.5,21.4,67.8,25.4,0.0,,254.1,4
TXN-CRT-001-000992,2026-07-07 11:12:00,2026-07-07,Tuesday,11,False,Traditional,2,CASH-105,Card (Local),19,4,True,63.42,89.9,63.2,31.7,22.4,26.0,0.0,,143.3,3
TXN-CRT-001-000993,2026-07-07 11:14:53,2026-07-07,Tuesday,11,False,Traditional,4,CASH-112,Cash,33,13,True,127.76,99.3,199.4,21.5,35.3,36.3,0.0,,292.4,4
TXN-CRT-001-000994,2026-07-07 11:17:33,2026-07-07,Tuesday,11,False,Traditional,3,CASH-132,Cash,15,4,True,102.73,93.4,91.6,25.8,54.3,36.0,0.0,,207.7,4
TXN-CRT-001-000995,2026-07-07 11:17:34,2026-07-07,Tuesday,11,False,Traditional,1,CASH-109,Cash,35,13,True,205.99,28.3,203.4,16.1,45.1,31.5,0.0,,296.1,4
TXN-CRT-001-000996,2026-07-07 11:18:16,2026-07-07,Tuesday,11,False,Traditional,4,CASH-119,Card (Local),11,0,False,72.16,10.9,76.3,0.0,27.2,39.7,0.0,,143.3,4
TXN-CRT-001-000997,2026-07-07 11:20:29,2026-07-07,Tuesday,11,False,Self-Service,9,,Cash,42,11,True,228.72,16.5,264.3,45.9,51.1,41.8,0.0,,403.0,3
TXN-CRT-001-000998,2026-07-07 11:30:14,2026-07-07,Tuesday,11,False,Traditional,1,CASH-103,Card (International),23,7,True,160.54,51.7,172.5,17.7,49.2,31.4,0.0,,270.8,4
TXN-CRT-001-000999,2026-07-07 11:39:45,2026-07-07,Tuesday,11,False,Express (<10 items),12,CASH-137,Cash,9,3,True,70.51,55.6,52.9,19.6,38.1,18.0,0.0,,128.5,4
TXN-CRT-001-001000,2026-07-07 11:42:15,2026-07-07,Tuesday,11,False,Traditional,7,CASH-118,Cash,18,7,True,110.33,51.5,112.4,29.0,59.1,26.8,0.0,,227.4,4
TXN-CRT-001-001001,2026-07-07 11:42:44,2026-07-07,Tuesday,11,False,Traditional,3,CASH-104,Card (Local),17,0,False,68.34,19.2,68.6,0.0,30.1,38.4,0.0,,137.1,4
TXN-CRT-001-001002,2026-07-07 11:47:31,2026-07-07,Tuesday,11,False,Traditional,4,CASH-124,Cash,6,0,False,24.34,33.2,22.6,0.0,72.5,17.4,0.0,,112.4,4
TXN-CRT-001-001003,2026-07-07 11:47:38,2026-07-07,Tuesday,11,False,Self-Service,10,,Flous (Mobile),19,5,True,133.02,147.7,203.6,77.7,36.4,44.2,0.0,,362.0,3
TXN-CRT-001-001004,2026-07-07 11:48:15,2026-07-07,Tuesday,11,False,Traditional,2,CASH-120,Card (Local),10,0,False,67.15,66.8,53.6,0.0,22.4,16.8,0.0,,92.9,3
TXN-CRT-001-001005,2026-07-07 11:49:43,2026-07-07,Tuesday,11,False,Traditional,1,CASH-113,Cash,3,2,True,9.17,49.1,16.1,20.9,30.2,34.1,0.0,,101.3,4
TXN-CRT-001-001006,2026-07-07 11:54:53,2026-07-07,Tuesday,11,False,Traditional,4,CASH-115,Check,45,9,True,337.87,145.5,317.2,26.8,68.8,19.4,0.0,,432.2,2
TXN-CRT-001-001007,2026-07-07 11:55:52,2026-07-07,Tuesday,11,False,Traditional,2,CASH-118,Cash,20,5,True,71.51,167.7,92.8,29.8,49.4,29.2,0.0,,201.1,3
TXN-CRT-001-001008,2026-07-07 12:03:37,2026-07-07,Tuesday,12,False,Traditional,1,CASH-125,Cash,36,5,True,250.86,36.1,190.6,17.2,66.7,22.7,0.0,,297.2,4
TXN-CRT-001-001009,2026-07-07 12:08:59,2026-07-07,Tuesday,12,False,Traditional,7,CASH-134,Card (Local),22,6,True,131.25,67.2,164.8,17.2,23.9,34.4,0.0,,240.3,4
TXN-CRT-001-001010,2026-07-07 12:12:07,2026-07-07,Tuesday,12,False,Traditional,2,CASH-134,Cash,11,2,True,67.96,13.3,28.8,31.4,52.2,22.4,0.0,,134.9,4
TXN-CRT-001-001011,2026-07-07 12:12:28,2026-07-07,Tuesday,12,False,Traditional,6,CASH-117,Card (International),16,1,True,60.55,10.0,79.3,18.9,30.0,30.2,0.0,,158.4,4
TXN-CRT-001-001012,2026-07-07 12:15:23,2026-07-07,Tuesday,12,False,Express (<10 items),12,CASH-143,Card (International),22,5,True,142.9,43.1,100.4,25.9,25.7,17.3,0.0,,169.3,4
TXN-CRT-001-001013,2026-07-07 12:16:36,2026-07-07,Tuesday,12,False,Express (<10 items),13,CASH-139,Check,46,11,True,364.63,18.1,229.8,30.8,40.0,22.1,0.0,,322.7,3
TXN-CRT-001-001014,2026-07-07 12:25:11,2026-07-07,Tuesday,12,False,Traditional,3,CASH-133,Cash,9,5,True,65.27,33.3,41.1,22.5,55.9,34.0,0.0,,153.5,4
TXN-CRT-001-001015,2026-07-07 12:25:46,2026-07-07,Tuesday,12,False,Traditional,3,CASH-119,Cash,36,7,True,313.09,62.5,195.3,15.4,25.1,33.2,0.0,,269.0,4
TXN-CRT-001-001016,2026-07-07 12:26:48,2026-07-07,Tuesday,12,False,Self-Service,11,,Card (International),42,11,True,263.66,126.3,245.9,74.2,31.3,33.8,0.0,,385.1,3
TXN-CRT-001-001017,2026-07-07 12:38:01,2026-07-07,Tuesday,12,False,Traditional,2,CASH-116,Cash,22,10,True,204.18,68.5,89.3,33.9,65.0,30.1,0.0,,218.3,3
TXN-CRT-001-001018,2026-07-07 12:38:49,2026-07-07,Tuesday,12,False,Traditional,6,CASH-121,Card (Local),43,13,True,386.67,36.4,181.2,42.2,21.8,31.5,98.1,Promo code issue,374.8,3
TXN-CRT-001-001019,2026-07-07 12:45:51,2026-07-07,Tuesday,12,False,Self-Service,10,,Card (Local),13,7,True,94.43,174.0,103.1,38.0,18.6,40.3,0.0,,199.9,3
TXN-CRT-001-001020,2026-07-07 12:45:53,2026-07-07,Tuesday,12,False,Traditional,7,CASH-114,Cash,45,17,True,187.83,54.6,292.7,37.9,47.9,25.8,0.0,,404.3,3
TXN-CRT-001-001021,2026-07-07 12:47:05,2026-07-07,Tuesday,12,False,Traditional,7,CASH-132,Cash,23,6,True,240.37,100.1,77.4,25.9,64.9,29.2,0.0,,197.5,3
TXN-CRT-001-001022,2026-07-07 12:47:12,2026-07-07,Tuesday,12,False,Traditional,5,CASH-112,Flous (Mobile),2,1,True,7.0,106.1,6.6,23.0,27.3,39.6,0.0,,96.5,4
TXN-CRT-001-001023,2026-07-07 12:47:34,2026-07-07,Tuesday,12,False,Self-Service,10,,Flous (Mobile),40,7,True,208.11,48.8,480.5,46.0,32.4,24.7,0.0,,583.6,4
TXN-CRT-001-001024,2026-07-07 12:50:10,2026-07-07,Tuesday,12,False,Express (<10 items),12,CASH-141,Cash,15,3,True,63.16,3.5,60.6,35.4,40.4,30.5,0.0,,166.9,4
TXN-CRT-001-001025,2026-07-07 12:53:53,2026-07-07,Tuesday,12,False,Express (<10 items),12,CASH-144,Cash,14,5,True,85.55,30.0,64.3,33.8,34.1,35.9,0.0,,168.1,4
TXN-CRT-001-001026,2026-07-07 12:55:49,2026-07-07,Tuesday,12,False,Traditional,4,CASH-101,Cash,18,4,True,72.62,31.3,118.5,32.6,50.4,25.2,0.0,,226.7,4
TXN-CRT-001-001027,2026-07-07 12:56:40,2026-07-07,Tuesday,12,False,Self-Service,10,,Flous (Mobile),6,2,True,41.47,50.1,55.5,57.6,20.7,42.7,0.0,,176.4,4
TXN-CRT-001-001028,2026-07-07 13:02:25,2026-07-07,Tuesday,13,False,Traditional,6,CASH-106,Cash,15,5,True,52.89,42.1,82.9,21.0,42.3,24.5,0.0,,170.7,4
TXN-CRT-001-001029,2026-07-07 13:03:14,2026-07-07,Tuesday,13,False,Traditional,4,CASH-122,Card (Local),31,6,True,251.78,44.0,211.1,39.5,32.1,22.3,0.0,,305.1,3
TXN-CRT-001-001030,2026-07-07 13:03:55,2026-07-07,Tuesday,13,False,Traditional,4,CASH-115,Cash,1,1,True,4.71,52.5,6.0,20.8,67.8,21.8,0.0,,116.4,4
TXN-CRT-001-001031,2026-07-07 13:04:41,2026-07-07,Tuesday,13,False,Traditional,8,CASH-124,Card (Local),9,2,True,37.89,60.0,24.8,26.5,20.6,24.9,0.0,,96.7,4
TXN-CRT-001-001032,2026-07-07 13:05:59,2026-07-07,Tuesday,13,False,Traditional,8,CASH-134,Cash,1,0,False,6.59,10.6,4.6,0.0,65.1,36.9,0.0,,106.6,4
TXN-CRT-001-001033,2026-07-07 13:17:55,2026-07-07,Tuesday,13,False,Traditional,5,CASH-119,Card (International),13,5,True,70.24,59.2,85.1,39.0,43.4,28.0,0.0,,195.3,4
TXN-CRT-001-001034,2026-07-07 13:18:45,2026-07-07,Tuesday,13,False,Traditional,7,CASH-127,Cash,24,5,True,137.31,83.3,106.5,33.6,66.0,30.8,0.0,,236.8,3
TXN-CRT-001-001035,2026-07-07 13:26:30,2026-07-07,Tuesday,13,False,Traditional,1,CASH-110,Card (Local),29,9,True,177.75,175.6,180.5,25.5,32.3,35.2,0.0,,273.5,3
TXN-CRT-001-001036,2026-07-07 13:30:46,2026-07-07,Tuesday,13,False,Traditional,5,CASH-102,Cash,44,11,True,358.99,57.7,297.8,42.2,68.2,31.2,0.0,,439.4,4
TXN-CRT-001-001037,2026-07-07 13:32:35,2026-07-07,Tuesday,13,False,Traditional,1,CASH-103,Card (Local),19,4,True,87.74,95.9,59.8,15.7,24.2,26.1,0.0,,125.8,3
TXN-CRT-001-001038,2026-07-07 13:34:03,2026-07-07,Tuesday,13,False,Traditional,7,CASH-114,Flous (Mobile),9,3,True,71.38,78.1,51.6,31.8,25.5,35.8,0.0,,144.7,3
TXN-CRT-001-001039,2026-07-07 13:35:27,2026-07-07,Tuesday,13,False,Traditional,8,CASH-112,Cash,42,11,True,175.56,27.1,188.7,41.4,57.1,21.5,0.0,,308.6,4
TXN-CRT-001-001040,2026-07-07 13:41:54,2026-07-07,Tuesday,13,False,Traditional,3,CASH-115,Flous (Mobile),27,6,True,197.58,60.4,99.5,39.1,27.0,28.8,0.0,,194.5,4
TXN-CRT-001-001041,2026-07-07 13:45:14,2026-07-07,Tuesday,13,False,Traditional,1,CASH-103,Card (Local),18,2,True,89.23,137.2,114.6,29.5,18.1,20.7,0.0,,182.9,3
TXN-CRT-001-001042,2026-07-07 13:46:28,2026-07-07,Tuesday,13,False,Traditional,1,CASH-111,Cash,23,8,True,219.62,132.5,141.4,26.2,45.1,19.7,0.0,,232.4,3
TXN-CRT-001-001043,2026-07-07 13:49:38,2026-07-07,Tuesday,13,False,Traditional,8,CASH-101,Cash,42,6,True,338.74,132.3,130.4,27.2,44.0,39.4,0.0,,241.0,3
TXN-CRT-001-001044,2026-07-07 13:50:35,2026-07-07,Tuesday,13,False,Traditional,5,CASH-108,Cash,24,8,True,108.37,266.3,143.6,23.3,64.0,26.9,0.0,,257.8,3
TXN-CRT-001-001045,2026-07-07 13:56:36,2026-07-07,Tuesday,13,False,Self-Service,9,,Card (Local),12,2,True,91.93,82.5,62.7,35.9,30.3,31.6,0.0,,160.5,3
TXN-CRT-001-001046,2026-07-07 14:07:48,2026-07-07,Tuesday,14,False,Traditional,7,CASH-109,Card (International),24,7,True,162.84,37.1,178.7,22.7,25.7,17.6,0.0,,244.8,4
TXN-CRT-001-001047,2026-07-07 14:08:37,2026-07-07,Tuesday,14,False,Traditional,2,CASH-125,Cash,2,1,True,10.22,83.9,13.8,27.2,50.8,36.7,0.0,,128.6,3
TXN-CRT-001-001048,2026-07-07 14:14:47,2026-07-07,Tuesday,14,False,Traditional,5,CASH-135,Cash,12,1,True,37.71,23.8,64.9,21.2,69.5,38.1,0.0,,193.7,4
TXN-CRT-001-001049,2026-07-07 14:16:34,2026-07-07,Tuesday,14,False,Self-Service,9,,Card (International),13,3,True,40.15,74.2,116.4,82.4,47.5,45.9,0.0,,292.2,4
TXN-CRT-001-001050,2026-07-07 14:16:42,2026-07-07,Tuesday,14,False,Traditional,5,CASH-126,Flous (Mobile),7,3,True,44.06,22.6,26.2,40.5,39.0,37.6,0.0,,143.3,4
TXN-CRT-001-001051,2026-07-07 14:21:36,2026-07-07,Tuesday,14,False,Self-Service,10,,Cash,1,1,True,6.61,29.8,11.4,35.2,32.3,21.6,0.0,,100.5,4
TXN-CRT-001-001052,2026-07-07 14:24:12,2026-07-07,Tuesday,14,False,Traditional,3,CASH-104,Check,6,1,True,34.46,9.4,32.3,39.5,43.5,36.9,124.2,Payment terminal error,276.5,3
TXN-CRT-001-001053,2026-07-07 14:30:55,2026-07-07,Tuesday,14,False,Express (<10 items),13,CASH-137,Card (Local),21,6,True,165.53,70.3,59.6,18.3,32.9,23.2,0.0,,133.9,4
TXN-CRT-001-001054,2026-07-07 14:34:49,2026-07-07,Tuesday,14,False,Traditional,1,CASH-132,Cash,29,9,True,205.52,127.8,214.1,22.9,69.1,26.9,0.0,,333.0,3
TXN-CRT-001-001055,2026-07-07 14:38:21,2026-07-07,Tuesday,14,False,Express (<10 items),13,CASH-139,Flous (Mobile),49,15,True,208.61,57.9,147.8,22.1,36.7,25.7,0.0,,232.2,4
TXN-CRT-001-001056,2026-07-07 14:43:19,2026-07-07,Tuesday,14,False,Traditional,2,CASH-133,Cash,11,4,True,50.97,52.5,39.3,24.6,68.1,24.3,0.0,,156.4,4
TXN-CRT-001-001057,2026-07-07 15:09:41,2026-07-07,Tuesday,15,False,Traditional,8,CASH-123,Cash,19,4,True,144.4,31.7,92.4,32.7,67.8,15.6,0.0,,208.5,4
TXN-CRT-001-001058,2026-07-07 15:15:00,2026-07-07,Tuesday,15,False,Traditional,6,CASH-121,Cash,43,19,True,363.77,102.6,181.4,37.7,57.1,19.6,144.1,Price check required,439.9,2
TXN-CRT-001-001059,2026-07-07 15:22:30,2026-07-07,Tuesday,15,False,Traditional,5,CASH-124,Flous (Mobile),7,1,True,43.82,114.4,42.9,40.8,29.4,25.8,0.0,,139.0,4
TXN-CRT-001-001060,2026-07-07 15:23:03,2026-07-07,Tuesday,15,False,Traditional,4,CASH-124,Flous (Mobile),24,2,True,206.5,14.0,117.7,34.1,38.3,28.5,0.0,,218.6,4
TXN-CRT-001-001061,2026-07-07 15:26:07,2026-07-07,Tuesday,15,False,Self-Service,10,,Cash,25,5,True,119.94,61.8,317.1,40.0,71.1,45.9,0.0,,474.1,3
TXN-CRT-001-001062,2026-07-07 15:29:01,2026-07-07,Tuesday,15,False,Express (<10 items),12,CASH-141,Cash,4,0,False,12.17,60.0,11.9,0.0,37.7,30.0,0.0,,79.5,4
TXN-CRT-001-001063,2026-07-07 15:32:07,2026-07-07,Tuesday,15,False,Traditional,5,CASH-104,Cash,34,6,True,276.9,36.8,249.1,43.8,30.1,33.4,0.0,,356.4,4
TXN-CRT-001-001064,2026-07-07 15:35:47,2026-07-07,Tuesday,15,False,Traditional,8,CASH-123,Card (Local),30,6,True,249.25,11.9,212.0,29.9,33.9,26.1,0.0,,302.0,4
TXN-CRT-001-001065,2026-07-07 15:39:48,2026-07-07,Tuesday,15,False,Traditional,7,CASH-107,Cash,2,0,False,8.62,21.6,11.9,0.0,63.9,15.3,0.0,,91.2,4
TXN-CRT-001-001066,2026-07-07 15:41:36,2026-07-07,Tuesday,15,False,Traditional,5,CASH-135,Card (International),4,1,True,18.02,141.9,25.2,33.8,43.8,36.1,0.0,,139.0,3
TXN-CRT-001-001067,2026-07-07 15:43:29,2026-07-07,Tuesday,15,False,Traditional,3,CASH-106,Cash,2,0,False,5.1,111.7,13.9,0.0,65.9,21.7,0.0,,101.5,3
TXN-CRT-001-001068,2026-07-07 15:47:52,2026-07-07,Tuesday,15,False,Traditional,8,CASH-130,Cash,11,2,True,34.79,121.5,80.6,30.8,63.1,32.0,0.0,,206.5,3
TXN-CRT-001-001069,2026-07-07 15:50:23,2026-07-07,Tuesday,15,False,Traditional,4,CASH-125,Cash,16,2,True,58.13,16.6,82.5,23.1,73.4,35.1,0.0,,214.1,4
TXN-CRT-001-001070,2026-07-07 15:54:50,2026-07-07,Tuesday,15,False,Traditional,8,CASH-106,Cash,16,1,True,78.5,99.3,81.4,38.1,48.1,25.8,0.0,,193.4,4
TXN-CRT-001-001071,2026-07-07 16:00:24,2026-07-07,Tuesday,16,False,Traditional,3,CASH-120,Check,9,1,True,33.56,148.0,52.2,35.7,40.4,22.3,0.0,,150.5,3
TXN-CRT-001-001072,2026-07-07 16:11:07,2026-07-07,Tuesday,16,False,Traditional,1,CASH-111,Cash,40,10,True,278.99,30.0,125.9,20.5,27.9,15.2,0.0,,189.5,4
TXN-CRT-001-001073,2026-07-07 16:19:39,2026-07-07,Tuesday,16,False,Traditional,4,CASH-125,Cash,12,6,True,31.49,45.3,57.1,41.1,50.3,34.8,0.0,,183.3,4
TXN-CRT-001-001074,2026-07-07 16:30:32,2026-07-07,Tuesday,16,False,Traditional,8,CASH-127,Cash,2,1,True,15.15,63.7,13.0,22.7,62.0,17.1,0.0,,114.8,3
TXN-CRT-001-001075,2026-07-07 16:34:22,2026-07-07,Tuesday,16,False,Express (<10 items),13,CASH-138,Cash,10,4,True,55.7,71.6,52.2,30.1,38.3,21.5,0.0,,142.1,4
TXN-CRT-001-001076,2026-07-07 16:44:23,2026-07-07,Tuesday,16,False,Traditional,4,CASH-119,Cash,16,2,True,99.49,38.4,43.3,31.9,53.6,22.9,0.0,,151.7,4
TXN-CRT-001-001077,2026-07-07 16:46:21,2026-07-07,Tuesday,16,False,Traditional,3,CASH-120,Cash,13,2,True,92.35,107.3,46.5,21.0,34.3,30.6,0.0,,132.5,3
TXN-CRT-001-001078,2026-07-07 16:47:33,2026-07-07,Tuesday,16,False,Traditional,2,CASH-115,Card (Local),9,1,True,48.37,80.2,62.4,28.1,32.4,35.6,0.0,,158.5,4
TXN-CRT-001-001079,2026-07-07 17:00:56,2026-07-07,Tuesday,17,False,Traditional,5,CASH-127,Card (Local),6,2,True,15.11,25.1,33.6,38.4,20.1,24.0,0.0,,116.2,4
TXN-CRT-001-001080,2026-07-07 17:03:03,2026-07-07,Tuesday,17,False,Express (<10 items),13,CASH-143,Cash,30,4,True,145.78,102.5,171.8,18.9,72.4,31.5,0.0,,294.6,3
TXN-CRT-001-001081,2026-07-07 17:05:33,2026-07-07,Tuesday,17,False,Traditional,5,CASH-131,Cash,50,13,True,397.03,47.9,174.0,15.6,55.0,37.3,0.0,,281.9,4
TXN-CRT-001-001082,2026-07-07 17:05:56,2026-07-07,Tuesday,17,False,Traditional,2,CASH-101,Check,11,2,True,55.81,82.7,47.2,43.9,57.6,39.2,0.0,,188.0,4
TXN-CRT-001-001083,2026-07-07 17:06:36,2026-07-07,Tuesday,17,False,Traditional,5,CASH-117,Cash,12,2,True,92.4,27.0,31.8,32.9,54.7,35.1,0.0,,154.4,4
TXN-CRT-001-001084,2026-07-07 17:06:58,2026-07-07,Tuesday,17,False,Self-Service,11,,Cash,19,9,True,58.55,28.4,176.7,33.1,71.2,20.8,0.0,,301.8,4
TXN-CRT-001-001085,2026-07-07 17:12:50,2026-07-07,Tuesday,17,False,Express (<10 items),13,CASH-137,Cash,24,7,True,125.04,10.9,173.9,21.5,52.9,38.0,73.8,Supervisor approval needed,360.2,2
TXN-CRT-001-001086,2026-07-07 17:15:59,2026-07-07,Tuesday,17,False,Traditional,7,CASH-106,Cash,12,4,True,37.33,117.0,34.7,43.4,32.0,16.0,0.0,,126.1,4
TXN-CRT-001-001087,2026-07-07 17:17:08,2026-07-07,Tuesday,17,False,Traditional,1,CASH-102,Card (International),39,10,True,308.1,95.8,264.1,43.0,28.2,37.7,0.0,,373.0,3
TXN-CRT-001-001088,2026-07-07 17:21:51,2026-07-07,Tuesday,17,False,Traditional,2,CASH-133,Cash,17,6,True,56.96,64.0,116.8,38.5,26.6,20.9,0.0,,202.8,4
TXN-CRT-001-001089,2026-07-07 17:30:29,2026-07-07,Tuesday,17,False,Express (<10 items),12,CASH-136,Card (Local),14,4,True,103.82,15.9,89.2,30.9,30.0,20.4,0.0,,170.6,4
TXN-CRT-001-001090,2026-07-07 17:39:14,2026-07-07,Tuesday,17,False,Traditional,4,CASH-104,Cash,20,8,True,124.45,130.4,94.3,39.7,55.0,37.1,0.0,,226.2,3
TXN-CRT-001-001091,2026-07-07 17:39:58,2026-07-07,Tuesday,17,False,Express (<10 items),13,CASH-138,Cash,45,10,True,385.37,81.6,236.4,23.1,60.8,31.0,0.0,,351.3,3
TXN-CRT-001-001092,2026-07-07 17:43:48,2026-07-07,Tuesday,17,False,Traditional,5,CASH-126,Card (International),28,7,True,257.21,38.4,143.7,18.1,46.5,28.4,0.0,,236.7,4
TXN-CRT-001-001093,2026-07-07 17:49:16,2026-07-07,Tuesday,17,False,Traditional,4,CASH-118,Cash,2,1,True,10.39,68.5,13.6,20.6,50.8,18.5,0.0,,103.4,4
TXN-CRT-001-001094,2026-07-07 17:51:20,2026-07-07,Tuesday,17,False,Traditional,3,CASH-107,Card (Local),11,2,True,34.8,46.9,74.4,32.6,32.8,17.5,0.0,,157.2,4
TXN-CRT-001-001095,2026-07-07 17:51:33,2026-07-07,Tuesday,17,False,Traditional,8,CASH-113,Cash,15,6,True,53.83,81.6,102.8,26.0,48.4,25.5,0.0,,202.6,4
TXN-CRT-001-001096,2026-07-07 18:02:26,2026-07-07,Tuesday,18,False,Traditional,1,CASH-121,Card (International),10,5,True,43.64,23.1,51.3,36.7,33.4,23.5,38.0,Promo code issue,182.9,3
TXN-CRT-001-001097,2026-07-07 18:13:19,2026-07-07,Tuesday,18,False,Traditional,3,CASH-131,Cash,23,6,True,133.02,6.4,71.8,27.7,61.3,35.8,0.0,,196.5,4
TXN-CRT-001-001098,2026-07-07 18:16:18,2026-07-07,Tuesday,18,False,Traditional,1,CASH-117,Flous (Mobile),30,7,True,215.97,76.3,120.5,37.3,29.1,17.6,0.0,,204.4,4
TXN-CRT-001-001099,2026-07-07 18:16:19,2026-07-07,Tuesday,18,False,Traditional,6,CASH-134,Cash,24,6,True,199.17,85.1,61.8,36.3,39.7,28.9,0.0,,166.6,4
TXN-CRT-001-001100,2026-07-07 18:17:46,2026-07-07,Tuesday,18,False,Traditional,7,CASH-123,Flous (Mobile),49,15,True,390.46,10.9,150.7,36.4,26.5,15.8,0.0,,229.4,4
TXN-CRT-001-001101,2026-07-07 18:18:41,2026-07-07,Tuesday,18,False,Traditional,6,CASH-126,Cash,9,3,True,55.85,3.6,51.9,23.6,60.6,16.0,0.0,,152.2,4
TXN-CRT-001-001102,2026-07-07 18:19:34,2026-07-07,Tuesday,18,False,Express (<10 items),12,CASH-140,Card (Local),36,5,True,273.81,64.5,102.4,27.4,33.8,23.7,0.0,,187.3,3
TXN-CRT-001-001103,2026-07-07 18:20:19,2026-07-07,Tuesday,18,False,Self-Service,10,,Cash,26,7,True,187.35,78.2,290.3,40.5,50.4,22.3,143.5,Supervisor approval needed,547.1,2
TXN-CRT-001-001104,2026-07-07 18:24:56,2026-07-07,Tuesday,18,False,Self-Service,9,,Flous (Mobile),12,0,False,63.03,45.4,116.5,0.0,35.5,29.0,0.0,,181.0,4
TXN-CRT-001-001105,2026-07-07 18:30:07,2026-07-07,Tuesday,18,False,Express (<10 items),12,CASH-138,Cash,25,8,True,123.61,24.5,112.9,29.8,43.6,36.8,0.0,,223.2,4
TXN-CRT-001-001106,2026-07-07 18:36:12,2026-07-07,Tuesday,18,False,Traditional,2,CASH-124,Cash,5,1,True,30.9,176.3,34.5,18.5,35.8,26.2,0.0,,115.0,3
TXN-CRT-001-001107,2026-07-07 18:36:42,2026-07-07,Tuesday,18,False,Traditional,5,CASH-110,Cash,28,7,True,183.05,73.3,173.1,39.4,37.4,29.9,0.0,,279.8,3
TXN-CRT-001-001108,2026-07-07 18:37:34,2026-07-07,Tuesday,18,False,Traditional,7,CASH-132,Cash,16,5,True,51.88,115.9,41.4,16.9,39.3,23.3,0.0,,120.8,4
TXN-CRT-001-001109,2026-07-07 18:50:30,2026-07-07,Tuesday,18,False,Traditional,5,CASH-122,Cash,10,0,False,73.2,19.6,74.2,0.0,52.4,22.8,0.0,,149.3,4
TXN-CRT-001-001110,2026-07-07 19:01:42,2026-07-07,Tuesday,19,False,Traditional,5,CASH-114,Check,21,3,True,193.58,127.8,96.2,41.9,86.1,36.1,0.0,,260.3,3
TXN-CRT-001-001111,2026-07-07 19:07:22,2026-07-07,Tuesday,19,False,Traditional,4,CASH-106,Check,20,4,True,140.67,71.3,92.6,20.9,68.2,34.7,0.0,,216.4,3
TXN-CRT-001-001112,2026-07-07 19:08:02,2026-07-07,Tuesday,19,False,Traditional,7,CASH-129,Cash,8,1,True,37.19,164.8,39.5,19.6,43.2,20.5,0.0,,122.9,3
TXN-CRT-001-001113,2026-07-07 19:09:23,2026-07-07,Tuesday,19,False,Traditional,6,CASH-132,Flous (Mobile),2,0,False,5.42,82.7,14.3,0.0,35.5,25.8,0.0,,75.6,4
TXN-CRT-001-001114,2026-07-07 19:10:29,2026-07-07,Tuesday,19,False,Traditional,2,CASH-105,Card (Local),14,9,True,111.49,57.2,86.4,15.6,23.1,34.6,0.0,,159.7,4
TXN-CRT-001-001115,2026-07-07 19:13:19,2026-07-07,Tuesday,19,False,Traditional,7,CASH-101,Cash,18,6,True,104.64,50.0,133.7,29.7,59.0,24.9,0.0,,247.3,4
TXN-CRT-001-001116,2026-07-07 19:14:20,2026-07-07,Tuesday,19,False,Traditional,8,CASH-124,Card (Local),36,12,True,294.25,30.9,101.3,23.5,24.3,17.8,0.0,,166.9,4
TXN-CRT-001-001117,2026-07-07 19:16:49,2026-07-07,Tuesday,19,False,Traditional,4,CASH-115,Card (Local),42,15,True,336.21,50.4,163.0,29.9,33.8,35.5,72.4,Barcode not scanning,334.6,3
TXN-CRT-001-001118,2026-07-07 19:17:52,2026-07-07,Tuesday,19,False,Self-Service,9,,Check,16,3,True,98.64,83.7,103.3,36.7,88.2,46.6,0.0,,274.8,3
TXN-CRT-001-001119,2026-07-07 19:18:50,2026-07-07,Tuesday,19,False,Traditional,6,CASH-129,Cash,25,5,True,133.29,94.1,116.9,20.6,31.2,39.8,0.0,,208.5,4
TXN-CRT-001-001120,2026-07-07 19:24:57,2026-07-07,Tuesday,19,False,Traditional,1,CASH-112,Card (Local),14,2,True,87.53,26.9,81.4,21.1,31.5,38.2,0.0,,172.3,4
TXN-CRT-001-001121,2026-07-07 19:32:57,2026-07-07,Tuesday,19,False,Self-Service,10,,Cash,25,8,True,157.74,14.1,341.6,36.7,66.0,38.4,0.0,,482.8,3
TXN-CRT-001-001122,2026-07-07 19:35:39,2026-07-07,Tuesday,19,False,Express (<10 items),13,CASH-141,Cash,7,2,True,44.07,67.1,29.2,32.4,26.5,25.4,0.0,,113.6,3
TXN-CRT-001-001123,2026-07-07 19:35:46,2026-07-07,Tuesday,19,False,Self-Service,10,,Cash,12,2,True,46.23,10.2,68.9,34.2,59.0,36.8,0.0,,199.0,4
TXN-CRT-001-001124,2026-07-07 19:37:52,2026-07-07,Tuesday,19,False,Traditional,4,CASH-127,Check,20,4,True,143.47,51.2,59.3,36.5,62.8,20.8,0.0,,179.5,4
TXN-CRT-001-001125,2026-07-07 19:42:53,2026-07-07,Tuesday,19,False,Traditional,6,CASH-123,Card (International),1,0,False,7.53,16.2,4.4,0.0,26.2,38.5,0.0,,69.0,4
TXN-CRT-001-001126,2026-07-07 19:43:48,2026-07-07,Tuesday,19,False,Traditional,8,CASH-125,Card (International),24,6,True,173.05,91.5,89.1,17.1,42.0,15.9,0.0,,164.1,4
TXN-CRT-001-001127,2026-07-07 19:46:20,2026-07-07,Tuesday,19,False,Traditional,4,CASH-115,Cash,31,11,True,255.63,38.2,226.8,30.5,50.3,23.8,0.0,,331.4,3
TXN-CRT-001-001128,2026-07-07 19:59:51,2026-07-07,Tuesday,19,False,Traditional,7,CASH-114,Cash,13,3,True,55.51,42.2,96.2,16.0,43.6,34.1,0.0,,189.8,4
TXN-CRT-001-001129,2026-07-07 19:59:51,2026-07-07,Tuesday,19,False,Traditional,1,CASH-132,Cash,14,6,True,91.66,13.2,40.5,18.2,67.1,19.3,0.0,,145.1,4
TXN-CRT-001-001130,2026-07-07 20:05:02,2026-07-07,Tuesday,20,False,Traditional,2,CASH-113,Cash,33,8,True,308.41,108.3,129.5,16.0,60.4,32.1,0.0,,238.1,4
TXN-CRT-001-001131,2026-07-07 20:22:22,2026-07-07,Tuesday,20,False,Traditional,2,CASH-117,Cash,27,8,True,233.09,61.9,163.0,43.2,46.7,27.5,166.4,Item return/exchange,446.9,2
TXN-CRT-001-001132,2026-07-07 20:26:47,2026-07-07,Tuesday,20,False,Traditional,3,CASH-113,Card (International),10,5,True,25.24,63.5,58.5,22.1,39.0,26.2,0.0,,145.7,4
TXN-CRT-001-001133,2026-07-07 20:26:48,2026-07-07,Tuesday,20,False,Traditional,4,CASH-120,Card (Local),11,5,True,83.63,16.9,63.5,43.6,27.5,30.4,0.0,,165.0,4
TXN-CRT-001-001134,2026-07-07 20:29:05,2026-07-07,Tuesday,20,False,Traditional,7,CASH-135,Cash,22,2,True,123.17,9.1,86.2,43.2,51.0,33.8,0.0,,214.1,4
TXN-CRT-001-001135,2026-07-07 20:35:16,2026-07-07,Tuesday,20,False,Traditional,1,CASH-105,Cash,18,3,True,141.94,26.8,85.8,27.1,62.4,21.8,0.0,,197.1,4
TXN-CRT-001-001136,2026-07-07 20:39:38,2026-07-07,Tuesday,20,False,Traditional,4,CASH-104,Cash,6,1,True,46.51,37.5,19.1,15.2,36.6,27.8,0.0,,98.7,4
TXN-CRT-001-001137,2026-07-07 20:43:36,2026-07-07,Tuesday,20,False,Self-Service,10,,Cash,10,2,True,60.68,26.1,73.3,40.8,38.9,41.8,0.0,,194.8,4
TXN-CRT-001-001138,2026-07-07 20:59:59,2026-07-07,Tuesday,20,False,Traditional,7,CASH-102,Flous (Mobile),39,11,True,335.56,165.3,151.1,15.9,29.3,29.0,0.0,,225.2,3
TXN-CRT-001-001139,2026-07-07 21:27:22,2026-07-07,Tuesday,21,False,Traditional,2,CASH-102,Card (Local),22,9,True,144.85,110.3,139.1,37.8,28.2,25.9,0.0,,231.0,4
TXN-CRT-001-001140,2026-07-07 21:38:35,2026-07-07,Tuesday,21,False,Traditional,2,CASH-102,Card (International),49,9,True,373.6,52.2,268.0,34.5,38.0,32.1,0.0,,372.6,4
TXN-CRT-001-001141,2026-07-07 21:40:09,2026-07-07,Tuesday,21,False,Traditional,8,CASH-111,Cash,26,6,True,225.6,28.6,122.7,40.6,38.6,29.2,0.0,,231.1,4
TXN-CRT-001-001142,2026-07-08 08:22:53,2026-07-08,Wednesday,8,False,Traditional,3,CASH-117,Cash,44,8,True,287.16,20.0,225.8,34.9,40.3,38.7,0.0,,339.8,4
TXN-CRT-001-001143,2026-07-08 08:30:00,2026-07-08,Wednesday,8,False,Traditional,4,CASH-112,Cash,8,4,True,57.63,50.4,44.4,44.5,53.5,32.6,0.0,,174.9,4
TXN-CRT-001-001144,2026-07-08 08:44:52,2026-07-08,Wednesday,8,False,Traditional,4,CASH-102,Flous (Mobile),27,11,True,175.48,65.0,176.9,24.9,28.7,22.8,0.0,,253.3,3
TXN-CRT-001-001145,2026-07-08 08:45:40,2026-07-08,Wednesday,8,False,Traditional,4,CASH-105,Card (International),1,0,False,2.56,35.9,5.6,0.0,25.3,18.8,0.0,,49.6,4
TXN-CRT-001-001146,2026-07-08 09:13:37,2026-07-08,Wednesday,9,False,Self-Service,10,,Cash,22,3,True,229.77,71.9,264.1,79.1,65.3,28.0,0.0,,436.5,3
TXN-CRT-001-001147,2026-07-08 09:24:11,2026-07-08,Wednesday,9,False,Traditional,2,CASH-109,Cash,15,5,True,87.06,33.6,66.6,27.5,74.8,28.0,0.0,,197.0,4
TXN-CRT-001-001148,2026-07-08 09:30:58,2026-07-08,Wednesday,9,False,Traditional,1,CASH-129,Cash,11,3,True,76.47,19.8,34.2,44.6,34.1,18.5,0.0,,131.4,4
TXN-CRT-001-001149,2026-07-08 09:44:17,2026-07-08,Wednesday,9,False,Self-Service,10,,Card (Local),35,8,True,283.19,72.1,203.3,68.4,29.0,28.0,0.0,,328.7,3
TXN-CRT-001-001150,2026-07-08 09:56:36,2026-07-08,Wednesday,9,False,Self-Service,9,,Check,34,12,True,156.6,8.7,210.4,31.5,64.3,36.7,0.0,,343.0,4
TXN-CRT-001-001151,2026-07-08 09:58:26,2026-07-08,Wednesday,9,False,Traditional,7,CASH-130,Card (Local),1,1,True,4.53,14.0,7.4,35.3,19.1,27.9,0.0,,89.6,4
TXN-CRT-001-001152,2026-07-08 09:59:06,2026-07-08,Wednesday,9,False,Traditional,2,CASH-125,Card (Local),19,5,True,54.95,23.1,76.1,41.5,26.9,23.2,0.0,,167.6,4
TXN-CRT-001-001153,2026-07-08 10:06:31,2026-07-08,Wednesday,10,False,Traditional,5,CASH-102,Cash,12,3,True,61.43,31.5,33.1,23.0,41.5,29.6,0.0,,127.1,4
TXN-CRT-001-001154,2026-07-08 10:07:07,2026-07-08,Wednesday,10,False,Traditional,8,CASH-125,Cash,13,2,True,58.58,83.9,91.9,24.8,63.8,31.6,0.0,,212.0,4
TXN-CRT-001-001155,2026-07-08 10:09:00,2026-07-08,Wednesday,10,False,Traditional,4,CASH-126,Cash,31,8,True,268.19,13.3,180.7,38.7,43.6,35.0,0.0,,298.1,4
TXN-CRT-001-001156,2026-07-08 10:18:22,2026-07-08,Wednesday,10,False,Traditional,2,CASH-109,Cash,10,2,True,46.35,42.4,53.1,15.1,69.3,23.4,0.0,,160.9,4
TXN-CRT-001-001157,2026-07-08 10:27:07,2026-07-08,Wednesday,10,False,Traditional,6,CASH-124,Card (International),44,9,True,243.15,65.6,139.0,26.9,43.7,31.3,0.0,,240.9,4
TXN-CRT-001-001158,2026-07-08 10:36:53,2026-07-08,Wednesday,10,False,Self-Service,9,,Card (Local),7,0,False,26.94,61.6,46.6,0.0,21.7,32.4,0.0,,100.6,4
TXN-CRT-001-001159,2026-07-08 10:37:31,2026-07-08,Wednesday,10,False,Self-Service,11,,Cash,21,4,True,205.77,83.9,164.5,36.0,42.8,46.5,0.0,,289.7,4
TXN-CRT-001-001160,2026-07-08 10:42:23,2026-07-08,Wednesday,10,False,Traditional,2,CASH-124,Flous (Mobile),22,4,True,193.32,43.4,74.5,16.8,23.0,39.5,0.0,,153.9,4
TXN-CRT-001-001161,2026-07-08 10:44:08,2026-07-08,Wednesday,10,False,Traditional,2,CASH-131,Cash,9,2,True,49.72,30.6,42.4,28.7,30.0,24.2,78.9,Item return/exchange,204.2,3
TXN-CRT-001-001162,2026-07-08 10:49:18,2026-07-08,Wednesday,10,False,Traditional,5,CASH-135,Cash,11,3,True,33.16,121.8,59.1,32.1,51.4,31.8,0.0,,174.4,3
TXN-CRT-001-001163,2026-07-08 10:54:33,2026-07-08,Wednesday,10,False,Traditional,4,CASH-131,Cash,31,8,True,202.27,29.6,202.2,27.3,56.4,20.9,0.0,,306.7,3
TXN-CRT-001-001164,2026-07-08 11:01:11,2026-07-08,Wednesday,11,False,Traditional,1,CASH-119,Cash,26,6,True,227.47,26.2,175.8,24.6,52.2,30.6,0.0,,283.2,4
TXN-CRT-001-001165,2026-07-08 11:02:03,2026-07-08,Wednesday,11,False,Traditional,8,CASH-120,Cash,11,2,True,57.67,24.6,77.7,40.0,60.5,27.5,0.0,,205.7,4
TXN-CRT-001-001166,2026-07-08 11:12:50,2026-07-08,Wednesday,11,False,Traditional,5,CASH-108,Cash,17,6,True,66.77,23.8,118.9,27.3,74.8,19.7,0.0,,240.7,4
TXN-CRT-001-001167,2026-07-08 11:20:53,2026-07-08,Wednesday,11,False,Traditional,3,CASH-107,Cash,3,1,True,23.89,141.2,16.4,36.5,64.0,18.2,0.0,,135.1,3
TXN-CRT-001-001168,2026-07-08 11:21:19,2026-07-08,Wednesday,11,False,Traditional,1,CASH-109,Check,8,5,True,41.59,156.9,23.8,27.1,86.0,33.6,0.0,,170.5,3
TXN-CRT-001-001169,2026-07-08 11:25:02,2026-07-08,Wednesday,11,False,Traditional,8,CASH-133,Cash,15,3,True,105.17,91.2,110.3,37.1,49.6,16.0,0.0,,212.9,4
TXN-CRT-001-001170,2026-07-08 11:33:16,2026-07-08,Wednesday,11,False,Traditional,4,CASH-120,Cash,4,1,True,22.87,74.1,22.1,30.9,42.5,37.5,0.0,,132.9,4
TXN-CRT-001-001171,2026-07-08 11:35:54,2026-07-08,Wednesday,11,False,Traditional,7,CASH-133,Cash,32,4,True,232.26,26.3,213.4,23.9,66.6,25.2,0.0,,329.0,3
TXN-CRT-001-001172,2026-07-08 11:36:23,2026-07-08,Wednesday,11,False,Express (<10 items),13,CASH-140,Card (Local),24,7,True,137.05,35.4,65.9,29.2,30.0,23.8,0.0,,148.8,4
TXN-CRT-001-001173,2026-07-08 11:40:46,2026-07-08,Wednesday,11,False,Traditional,2,CASH-112,Cash,44,14,True,256.21,11.5,131.1,18.4,39.5,22.9,0.0,,211.9,4
TXN-CRT-001-001174,2026-07-08 11:43:46,2026-07-08,Wednesday,11,False,Traditional,2,CASH-106,Flous (Mobile),23,9,True,199.84,42.6,152.0,16.3,38.8,15.2,0.0,,222.3,4
TXN-CRT-001-001175,2026-07-08 11:43:48,2026-07-08,Wednesday,11,False,Traditional,4,CASH-131,Cash,44,19,True,266.72,15.6,270.9,37.3,43.3,20.5,0.0,,372.0,4
TXN-CRT-001-001176,2026-07-08 11:48:26,2026-07-08,Wednesday,11,False,Traditional,5,CASH-112,Card (Local),17,3,True,84.49,58.4,43.4,37.5,33.3,39.5,0.0,,153.7,4
TXN-CRT-001-001177,2026-07-08 11:59:26,2026-07-08,Wednesday,11,False,Traditional,1,CASH-132,Card (Local),19,5,True,98.98,28.0,99.7,28.7,23.8,38.4,0.0,,190.6,4
TXN-CRT-001-001178,2026-07-08 12:03:01,2026-07-08,Wednesday,12,False,Traditional,7,CASH-117,Cash,48,12,True,361.13,62.1,146.5,45.0,37.0,35.9,66.9,Promo code issue,331.1,2
TXN-CRT-001-001179,2026-07-08 12:06:24,2026-07-08,Wednesday,12,False,Traditional,6,CASH-110,Cash,20,5,True,115.15,24.2,62.6,23.5,65.0,19.5,0.0,,170.6,4
TXN-CRT-001-001180,2026-07-08 12:08:30,2026-07-08,Wednesday,12,False,Traditional,6,CASH-105,Cash,2,0,False,13.42,9.5,8.5,0.0,67.8,19.4,0.0,,95.7,4
TXN-CRT-001-001181,2026-07-08 12:11:23,2026-07-08,Wednesday,12,False,Express (<10 items),13,CASH-145,Card (Local),24,8,True,151.61,20.8,65.0,25.7,26.7,25.5,0.0,,142.8,4
TXN-CRT-001-001182,2026-07-08 12:17:49,2026-07-08,Wednesday,12,False,Traditional,3,CASH-117,Cash,40,14,True,208.99,66.1,190.7,25.0,32.5,26.4,0.0,,274.6,3
TXN-CRT-001-001183,2026-07-08 12:18:28,2026-07-08,Wednesday,12,False,Traditional,1,CASH-104,Cash,28,7,True,259.9,69.2,77.6,22.3,56.5,26.8,98.2,Barcode not scanning,281.3,3
TXN-CRT-001-001184,2026-07-08 12:21:03,2026-07-08,Wednesday,12,False,Express (<10 items),12,CASH-140,Check,18,3,True,120.48,64.3,44.2,43.8,85.2,36.1,0.0,,209.4,3
TXN-CRT-001-001185,2026-07-08 12:22:20,2026-07-08,Wednesday,12,False,Traditional,1,CASH-131,Cash,22,3,True,200.98,57.9,156.6,31.5,27.1,29.5,0.0,,244.6,4
TXN-CRT-001-001186,2026-07-08 12:31:01,2026-07-08,Wednesday,12,False,Express (<10 items),13,CASH-144,Card (International),49,14,True,226.7,52.2,368.3,44.1,27.1,28.1,0.0,,467.6,4
TXN-CRT-001-001187,2026-07-08 12:31:23,2026-07-08,Wednesday,12,False,Traditional,4,CASH-106,Card (International),4,0,False,13.38,80.4,19.1,0.0,42.2,20.1,0.0,,81.3,3
TXN-CRT-001-001188,2026-07-08 12:33:04,2026-07-08,Wednesday,12,False,Traditional,3,CASH-113,Cash,21,8,True,189.48,3.8,77.8,39.0,34.4,35.1,0.0,,186.2,4
TXN-CRT-001-001189,2026-07-08 12:34:06,2026-07-08,Wednesday,12,False,Traditional,3,CASH-128,Cash,9,3,True,59.04,136.8,63.9,15.5,68.3,21.8,0.0,,169.4,3
TXN-CRT-001-001190,2026-07-08 12:39:38,2026-07-08,Wednesday,12,False,Traditional,4,CASH-131,Cash,20,6,True,158.99,41.7,108.3,24.6,29.1,36.8,0.0,,198.7,4
TXN-CRT-001-001191,2026-07-08 12:47:06,2026-07-08,Wednesday,12,False,Traditional,1,CASH-108,Card (Local),19,5,True,128.14,80.8,125.2,41.9,27.9,19.7,0.0,,214.7,3
TXN-CRT-001-001192,2026-07-08 12:47:11,2026-07-08,Wednesday,12,False,Traditional,3,CASH-128,Card (Local),6,0,False,28.95,48.9,36.2,0.0,21.9,18.7,0.0,,76.7,4
TXN-CRT-001-001193,2026-07-08 12:47:13,2026-07-08,Wednesday,12,False,Traditional,4,CASH-105,Card (International),8,4,True,40.35,27.6,47.3,27.4,38.2,23.4,0.0,,136.3,4
TXN-CRT-001-001194,2026-07-08 12:48:37,2026-07-08,Wednesday,12,False,Traditional,4,CASH-127,Flous (Mobile),20,6,True,65.55,39.2,83.1,18.3,20.5,33.0,0.0,,154.9,4
TXN-CRT-001-001195,2026-07-08 12:50:44,2026-07-08,Wednesday,12,False,Traditional,4,CASH-134,Card (Local),6,4,True,26.82,19.7,40.7,34.6,19.1,32.8,0.0,,127.1,4
TXN-CRT-001-001196,2026-07-08 13:04:42,2026-07-08,Wednesday,13,False,Self-Service,9,,Cash,9,2,True,44.36,22.9,38.1,24.0,39.2,43.2,0.0,,144.6,4
TXN-CRT-001-001197,2026-07-08 13:06:50,2026-07-08,Wednesday,13,False,Express (<10 items),13,CASH-140,Cash,31,9,True,114.37,71.6,103.8,37.9,25.3,27.0,0.0,,194.1,4
TXN-CRT-001-001198,2026-07-08 13:08:06,2026-07-08,Wednesday,13,False,Express (<10 items),13,CASH-145,Flous (Mobile),11,1,True,77.53,58.8,56.6,36.0,21.1,29.4,0.0,,143.1,4
TXN-CRT-001-001199,2026-07-08 13:10:04,2026-07-08,Wednesday,13,False,Traditional,1,CASH-133,Cash,15,4,True,75.77,8.3,58.6,27.2,74.5,20.8,0.0,,181.2,4
TXN-CRT-001-001200,2026-07-08 13:15:12,2026-07-08,Wednesday,13,False,Traditional,8,CASH-105,Cash,44,13,True,265.85,23.7,117.3,34.4,29.8,26.6,0.0,,208.0,4
TXN-CRT-001-001201,2026-07-08 13:15:19,2026-07-08,Wednesday,13,False,Traditional,4,CASH-110,Card (Local),8,3,True,53.21,41.6,49.9,28.2,19.9,19.6,0.0,,117.6,4
TXN-CRT-001-001202,2026-07-08 13:17:03,2026-07-08,Wednesday,13,False,Traditional,3,CASH-125,Cash,12,4,True,61.73,49.1,82.4,20.1,69.9,35.9,0.0,,208.3,4
TXN-CRT-001-001203,2026-07-08 13:17:03,2026-07-08,Wednesday,13,False,Traditional,1,CASH-116,Flous (Mobile),19,3,True,151.47,172.6,67.7,42.3,36.4,33.6,0.0,,180.0,3
TXN-CRT-001-001204,2026-07-08 13:19:44,2026-07-08,Wednesday,13,False,Traditional,2,CASH-134,Card (Local),25,11,True,214.86,57.6,142.7,40.4,24.4,28.2,0.0,,235.7,4
TXN-CRT-001-001205,2026-07-08 13:21:32,2026-07-08,Wednesday,13,False,Traditional,4,CASH-109,Cash,39,17,True,285.5,7.0,215.5,26.2,42.7,17.4,0.0,,301.8,3
TXN-CRT-001-001206,2026-07-08 13:28:15,2026-07-08,Wednesday,13,False,Traditional,6,CASH-129,Check,41,6,True,250.66,51.1,151.0,35.7,68.1,15.8,0.0,,270.6,4
TXN-CRT-001-001207,2026-07-08 13:33:57,2026-07-08,Wednesday,13,False,Traditional,5,CASH-120,Cash,27,10,True,122.35,16.0,199.9,35.6,61.1,37.3,0.0,,333.9,3
TXN-CRT-001-001208,2026-07-08 13:37:14,2026-07-08,Wednesday,13,False,Traditional,7,CASH-106,Cash,8,1,True,28.17,43.1,51.0,33.2,52.4,21.2,0.0,,157.8,4
TXN-CRT-001-001209,2026-07-08 13:43:41,2026-07-08,Wednesday,13,False,Traditional,3,CASH-120,Cash,1,0,False,4.93,183.0,4.9,0.0,35.6,37.2,0.0,,77.8,3
TXN-CRT-001-001210,2026-07-08 13:45:24,2026-07-08,Wednesday,13,False,Express (<10 items),12,CASH-141,Cash,12,2,True,84.21,33.7,57.3,36.4,37.9,22.5,0.0,,154.1,4
TXN-CRT-001-001211,2026-07-08 13:52:02,2026-07-08,Wednesday,13,False,Traditional,3,CASH-123,Cash,6,4,True,42.74,94.0,36.1,39.0,39.8,39.8,0.0,,154.8,4
TXN-CRT-001-001212,2026-07-08 13:52:29,2026-07-08,Wednesday,13,False,Traditional,8,CASH-101,Cash,23,3,True,160.62,50.7,74.7,37.2,53.5,38.3,0.0,,203.7,4
TXN-CRT-001-001213,2026-07-08 13:53:15,2026-07-08,Wednesday,13,False,Traditional,7,CASH-130,Cash,21,5,True,136.38,132.6,54.8,29.9,72.0,24.6,0.0,,181.3,3
TXN-CRT-001-001214,2026-07-08 13:53:19,2026-07-08,Wednesday,13,False,Traditional,1,CASH-116,Cash,2,0,False,5.55,75.1,10.8,0.0,44.6,36.7,0.0,,92.1,4
TXN-CRT-001-001215,2026-07-08 13:56:36,2026-07-08,Wednesday,13,False,Traditional,3,CASH-114,Card (International),32,7,True,218.96,102.5,220.9,24.6,28.7,38.5,0.0,,312.8,3
TXN-CRT-001-001216,2026-07-08 14:02:52,2026-07-08,Wednesday,14,False,Traditional,6,CASH-113,Card (International),9,3,True,60.64,65.5,27.5,34.8,29.0,15.7,0.0,,107.0,3
TXN-CRT-001-001217,2026-07-08 14:04:00,2026-07-08,Wednesday,14,False,Traditional,1,CASH-103,Cash,14,2,True,65.37,33.3,100.3,33.9,44.2,33.5,0.0,,211.9,4
TXN-CRT-001-001218,2026-07-08 14:05:25,2026-07-08,Wednesday,14,False,Traditional,3,CASH-134,Cash,21,6,True,192.37,122.4,65.2,28.1,68.0,15.5,0.0,,176.9,3
TXN-CRT-001-001219,2026-07-08 14:10:17,2026-07-08,Wednesday,14,False,Traditional,7,CASH-131,Cash,13,7,True,96.39,60.3,96.8,41.6,64.4,25.9,127.4,Promo code issue,356.1,2
TXN-CRT-001-001220,2026-07-08 14:13:15,2026-07-08,Wednesday,14,False,Traditional,2,CASH-103,Cash,14,5,True,49.32,35.1,54.5,32.2,65.7,16.7,0.0,,169.0,4
TXN-CRT-001-001221,2026-07-08 14:23:28,2026-07-08,Wednesday,14,False,Express (<10 items),12,CASH-139,Card (International),3,2,True,16.02,16.5,7.1,19.1,42.3,31.7,0.0,,100.1,4
TXN-CRT-001-001222,2026-07-08 14:25:29,2026-07-08,Wednesday,14,False,Traditional,3,CASH-133,Card (Local),13,3,True,53.97,61.9,54.9,40.3,29.4,32.3,0.0,,156.8,3
TXN-CRT-001-001223,2026-07-08 14:30:36,2026-07-08,Wednesday,14,False,Traditional,4,CASH-111,Cash,26,5,True,116.53,108.5,172.0,40.5,64.2,17.1,0.0,,293.9,3
TXN-CRT-001-001224,2026-07-08 14:40:42,2026-07-08,Wednesday,14,False,Express (<10 items),12,CASH-140,Cash,41,10,True,179.64,69.6,199.5,30.2,69.0,17.5,0.0,,316.2,3
TXN-CRT-001-001225,2026-07-08 14:40:54,2026-07-08,Wednesday,14,False,Traditional,3,CASH-111,Cash,13,1,True,79.17,37.3,60.2,34.7,61.8,37.7,0.0,,194.4,4
TXN-CRT-001-001226,2026-07-08 14:47:07,2026-07-08,Wednesday,14,False,Traditional,7,CASH-135,Card (Local),13,6,True,59.47,67.7,34.3,29.7,21.4,22.9,0.0,,108.4,3
TXN-CRT-001-001227,2026-07-08 14:50:39,2026-07-08,Wednesday,14,False,Traditional,2,CASH-124,Cash,23,4,True,132.36,87.7,102.4,38.9,59.3,39.8,0.0,,240.4,4
TXN-CRT-001-001228,2026-07-08 15:25:47,2026-07-08,Wednesday,15,False,Traditional,7,CASH-110,Check,44,15,True,196.45,10.9,142.8,25.6,80.8,36.1,0.0,,285.4,4
TXN-CRT-001-001229,2026-07-08 15:28:00,2026-07-08,Wednesday,15,False,Express (<10 items),12,CASH-143,Card (International),9,1,True,32.72,16.1,34.1,42.8,45.8,38.3,0.0,,161.1,4
TXN-CRT-001-001230,2026-07-08 15:29:09,2026-07-08,Wednesday,15,False,Traditional,3,CASH-104,Cash,14,5,True,61.05,82.1,90.8,36.9,64.1,30.2,0.0,,222.1,4
TXN-CRT-001-001231,2026-07-08 15:42:43,2026-07-08,Wednesday,15,False,Self-Service,10,,Card (Local),28,5,True,259.91,15.5,124.0,50.6,32.9,41.7,0.0,,249.2,4
TXN-CRT-001-001232,2026-07-08 15:51:09,2026-07-08,Wednesday,15,False,Traditional,6,CASH-119,Flous (Mobile),19,2,True,89.39,43.1,92.4,25.9,22.4,18.3,0.0,,159.0,4
TXN-CRT-001-001233,2026-07-08 15:51:33,2026-07-08,Wednesday,15,False,Traditional,8,CASH-129,Card (Local),5,2,True,23.98,54.6,30.7,22.9,25.6,39.5,0.0,,118.7,4
TXN-CRT-001-001234,2026-07-08 15:53:35,2026-07-08,Wednesday,15,False,Traditional,3,CASH-115,Cash,20,4,True,65.22,21.1,110.7,26.2,74.2,38.2,0.0,,249.4,4
TXN-CRT-001-001235,2026-07-08 15:53:42,2026-07-08,Wednesday,15,False,Traditional,4,CASH-118,Cash,7,2,True,40.74,44.5,50.6,34.6,40.3,28.4,0.0,,154.0,4
TXN-CRT-001-001236,2026-07-08 16:10:48,2026-07-08,Wednesday,16,False,Traditional,8,CASH-120,Flous (Mobile),16,4,True,59.17,55.2,88.4,32.7,35.0,19.4,0.0,,175.5,4
TXN-CRT-001-001237,2026-07-08 16:11:42,2026-07-08,Wednesday,16,False,Self-Service,10,,Card (Local),16,2,True,86.55,111.8,62.1,37.6,33.2,32.8,0.0,,165.6,4
TXN-CRT-001-001238,2026-07-08 16:13:24,2026-07-08,Wednesday,16,False,Traditional,3,CASH-120,Card (Local),36,13,True,303.12,104.0,116.8,39.3,19.9,17.2,0.0,,193.2,4
TXN-CRT-001-001239,2026-07-08 16:18:36,2026-07-08,Wednesday,16,False,Express (<10 items),13,CASH-142,Flous (Mobile),14,3,True,81.77,61.7,65.1,26.1,33.6,20.3,144.7,Payment terminal error,289.8,3
TXN-CRT-001-001240,2026-07-08 16:18:54,2026-07-08,Wednesday,16,False,Traditional,5,CASH-114,Flous (Mobile),9,3,True,42.62,30.7,47.6,16.2,32.8,28.3,0.0,,124.8,4
TXN-CRT-001-001241,2026-07-08 16:25:12,2026-07-08,Wednesday,16,False,Self-Service,10,,Flous (Mobile),8,2,True,49.56,105.5,92.6,38.4,36.9,25.3,0.0,,193.2,4
TXN-CRT-001-001242,2026-07-08 16:53:24,2026-07-08,Wednesday,16,False,Traditional,5,CASH-119,Cash,36,10,True,131.78,108.0,99.6,32.9,38.8,28.7,0.0,,200.1,3
TXN-CRT-001-001243,2026-07-08 16:58:36,2026-07-08,Wednesday,16,False,Traditional,4,CASH-125,Card (Local),7,1,True,52.86,27.1,34.3,18.7,21.2,18.9,0.0,,93.1,4
TXN-CRT-001-001244,2026-07-08 17:00:22,2026-07-08,Wednesday,17,False,Traditional,1,CASH-117,Card (International),13,2,True,69.92,57.8,75.7,20.9,43.7,18.1,0.0,,158.3,4
TXN-CRT-001-001245,2026-07-08 17:02:39,2026-07-08,Wednesday,17,False,Traditional,4,CASH-131,Card (International),7,2,True,32.65,35.1,51.6,39.0,28.4,20.5,0.0,,139.6,4
TXN-CRT-001-001246,2026-07-08 17:08:01,2026-07-08,Wednesday,17,False,Traditional,7,CASH-117,Card (Local),27,6,True,198.98,63.2,129.6,27.9,33.4,15.2,0.0,,206.2,4
TXN-CRT-001-001247,2026-07-08 17:18:35,2026-07-08,Wednesday,17,False,Traditional,5,CASH-128,Cash,15,3,True,94.75,25.4,86.3,35.6,65.6,26.0,0.0,,213.4,4
TXN-CRT-001-001248,2026-07-08 17:20:22,2026-07-08,Wednesday,17,False,Traditional,7,CASH-122,Card (International),11,3,True,74.7,87.0,62.9,16.7,33.1,27.1,0.0,,139.8,3
TXN-CRT-001-001249,2026-07-08 17:24:33,2026-07-08,Wednesday,17,False,Self-Service,11,,Card (Local),12,4,True,81.31,63.5,137.3,51.7,21.5,47.4,0.0,,257.9,3
TXN-CRT-001-001250,2026-07-08 17:25:47,2026-07-08,Wednesday,17,False,Traditional,8,CASH-108,Cash,33,4,True,170.45,25.4,117.4,34.2,35.3,21.2,0.0,,208.2,4
TXN-CRT-001-001251,2026-07-08 17:42:17,2026-07-08,Wednesday,17,False,Traditional,2,CASH-116,Cash,17,3,True,44.87,81.8,49.0,35.7,49.7,15.8,0.0,,150.2,4
TXN-CRT-001-001252,2026-07-08 17:42:31,2026-07-08,Wednesday,17,False,Traditional,2,CASH-107,Cash,24,5,True,199.33,30.4,168.0,28.8,27.5,21.8,148.1,Payment terminal error,394.2,3
TXN-CRT-001-001253,2026-07-08 17:46:32,2026-07-08,Wednesday,17,False,Traditional,3,CASH-106,Cash,39,6,True,311.55,8.6,212.8,40.6,47.5,23.8,0.0,,324.8,4
TXN-CRT-001-001254,2026-07-08 17:51:34,2026-07-08,Wednesday,17,False,Traditional,1,CASH-101,Cash,39,8,True,285.95,20.8,269.5,22.7,35.0,17.5,0.0,,344.7,4
TXN-CRT-001-001255,2026-07-08 18:01:16,2026-07-08,Wednesday,18,False,Traditional,4,CASH-105,Cash,11,1,True,85.4,93.7,76.4,38.7,73.8,35.2,0.0,,224.2,3
TXN-CRT-001-001256,2026-07-08 18:03:59,2026-07-08,Wednesday,18,False,Traditional,2,CASH-124,Card (Local),45,19,True,264.75,142.9,185.5,27.0,30.9,20.7,0.0,,264.1,3
TXN-CRT-001-001257,2026-07-08 18:10:05,2026-07-08,Wednesday,18,False,Traditional,8,CASH-109,Card (Local),1,0,False,4.86,145.3,5.7,0.0,22.6,35.0,137.5,Price check required,200.9,2
TXN-CRT-001-001258,2026-07-08 18:22:19,2026-07-08,Wednesday,18,False,Traditional,7,CASH-111,Card (Local),12,1,True,46.99,32.0,48.0,40.7,31.3,29.8,0.0,,149.8,4
TXN-CRT-001-001259,2026-07-08 18:26:45,2026-07-08,Wednesday,18,False,Traditional,3,CASH-105,Flous (Mobile),38,4,True,128.36,43.0,131.7,23.4,31.7,17.9,0.0,,204.6,4
TXN-CRT-001-001260,2026-07-08 18:27:23,2026-07-08,Wednesday,18,False,Traditional,1,CASH-134,Cash,9,3,True,54.98,35.7,27.3,30.7,28.6,28.6,0.0,,115.2,4
TXN-CRT-001-001261,2026-07-08 18:27:30,2026-07-08,Wednesday,18,False,Traditional,3,CASH-106,Cash,9,2,True,38.42,49.4,41.2,41.8,56.1,17.8,0.0,,157.0,4
TXN-CRT-001-001262,2026-07-08 18:28:08,2026-07-08,Wednesday,18,False,Traditional,4,CASH-123,Flous (Mobile),10,4,True,49.76,14.9,63.1,40.9,31.7,24.2,0.0,,160.0,4
TXN-CRT-001-001263,2026-07-08 18:28:15,2026-07-08,Wednesday,18,False,Traditional,3,CASH-123,Cash,19,8,True,124.49,32.8,78.0,30.9,64.8,37.2,43.4,Item return/exchange,254.2,4
TXN-CRT-001-001264,2026-07-08 18:29:11,2026-07-08,Wednesday,18,False,Traditional,4,CASH-135,Check,14,4,True,73.51,57.9,70.0,40.7,55.0,24.2,43.9,Payment terminal error,233.7,4
TXN-CRT-001-001265,2026-07-08 18:33:10,2026-07-08,Wednesday,18,False,Traditional,1,CASH-135,Flous (Mobile),24,4,True,226.39,94.0,94.4,43.0,33.7,24.6,0.0,,195.7,3
TXN-CRT-001-001266,2026-07-08 18:37:37,2026-07-08,Wednesday,18,False,Traditional,2,CASH-105,Cash,38,12,True,201.13,61.7,273.8,42.3,39.2,39.7,56.7,Price check required,451.6,2
TXN-CRT-001-001267,2026-07-08 18:41:48,2026-07-08,Wednesday,18,False,Traditional,4,CASH-111,Check,22,9,True,132.41,41.5,146.4,25.3,52.5,24.7,0.0,,248.9,4
TXN-CRT-001-001268,2026-07-08 18:45:13,2026-07-08,Wednesday,18,False,Traditional,2,CASH-113,Cash,7,2,True,44.62,21.3,23.4,34.9,53.5,15.1,0.0,,126.9,4
TXN-CRT-001-001269,2026-07-08 18:47:06,2026-07-08,Wednesday,18,False,Traditional,6,CASH-128,Cash,43,12,True,183.9,97.8,125.4,28.3,58.3,20.7,0.0,,232.8,4
TXN-CRT-001-001270,2026-07-08 18:48:15,2026-07-08,Wednesday,18,False,Traditional,2,CASH-134,Card (Local),9,2,True,48.58,13.0,63.6,42.5,31.6,38.1,0.0,,175.9,4
TXN-CRT-001-001271,2026-07-08 18:50:21,2026-07-08,Wednesday,18,False,Traditional,5,CASH-127,Cash,6,1,True,19.86,15.9,22.8,35.6,61.0,16.3,148.7,Promo code issue,284.3,3
TXN-CRT-001-001272,2026-07-08 18:52:11,2026-07-08,Wednesday,18,False,Self-Service,10,,Flous (Mobile),4,1,True,13.98,76.0,40.8,28.2,35.5,23.3,0.0,,127.8,4
TXN-CRT-001-001273,2026-07-08 18:56:44,2026-07-08,Wednesday,18,False,Traditional,6,CASH-125,Cash,18,7,True,65.8,83.4,57.0,22.8,63.1,17.1,0.0,,160.1,4
TXN-CRT-001-001274,2026-07-08 19:05:17,2026-07-08,Wednesday,19,False,Traditional,3,CASH-103,Card (Local),5,1,True,23.57,3.4,35.3,20.0,28.8,27.2,0.0,,111.2,4
TXN-CRT-001-001275,2026-07-08 19:06:24,2026-07-08,Wednesday,19,False,Traditional,3,CASH-133,Card (Local),6,2,True,42.63,41.8,26.5,16.2,28.3,25.9,0.0,,97.0,4
TXN-CRT-001-001276,2026-07-08 19:12:46,2026-07-08,Wednesday,19,False,Traditional,1,CASH-112,Card (Local),10,1,True,50.05,7.0,29.3,37.0,33.4,21.7,0.0,,121.4,4
TXN-CRT-001-001277,2026-07-08 19:14:04,2026-07-08,Wednesday,19,False,Traditional,7,CASH-115,Cash,9,1,True,32.71,43.8,52.8,28.0,43.0,35.1,0.0,,159.0,4
TXN-CRT-001-001278,2026-07-08 19:15:31,2026-07-08,Wednesday,19,False,Express (<10 items),13,CASH-138,Cash,19,5,True,53.73,37.0,86.4,39.0,28.4,37.6,0.0,,191.4,4
TXN-CRT-001-001279,2026-07-08 19:17:09,2026-07-08,Wednesday,19,False,Traditional,4,CASH-116,Flous (Mobile),30,5,True,180.67,123.3,206.9,31.6,28.8,30.3,0.0,,297.5,3
TXN-CRT-001-001280,2026-07-08 19:17:56,2026-07-08,Wednesday,19,False,Traditional,3,CASH-124,Cash,26,7,True,112.25,68.3,159.5,31.5,53.3,32.6,0.0,,276.9,3
TXN-CRT-001-001281,2026-07-08 19:18:59,2026-07-08,Wednesday,19,False,Traditional,4,CASH-107,Flous (Mobile),9,1,True,60.2,69.9,58.6,32.8,23.4,35.4,0.0,,150.2,3
TXN-CRT-001-001282,2026-07-08 19:19:54,2026-07-08,Wednesday,19,False,Traditional,2,CASH-105,Card (Local),9,3,True,63.88,110.1,51.4,18.1,22.8,29.3,0.0,,121.6,4
TXN-CRT-001-001283,2026-07-08 19:28:19,2026-07-08,Wednesday,19,False,Traditional,3,CASH-116,Card (International),47,14,True,391.16,112.8,181.0,18.4,27.8,15.2,0.0,,242.3,3
TXN-CRT-001-001284,2026-07-08 19:33:41,2026-07-08,Wednesday,19,False,Traditional,8,CASH-122,Card (Local),1,0,False,5.2,55.4,6.6,0.0,34.3,32.3,0.0,,73.3,4
TXN-CRT-001-001285,2026-07-08 19:35:23,2026-07-08,Wednesday,19,False,Traditional,2,CASH-111,Cash,37,7,True,294.1,29.7,199.3,20.7,31.0,36.4,0.0,,287.4,4
TXN-CRT-001-001286,2026-07-08 19:37:08,2026-07-08,Wednesday,19,False,Traditional,7,CASH-112,Card (Local),7,2,True,21.6,90.5,22.9,42.2,32.1,35.5,97.5,Price check required,230.2,3
TXN-CRT-001-001287,2026-07-08 19:43:25,2026-07-08,Wednesday,19,False,Traditional,2,CASH-121,Flous (Mobile),44,18,True,216.55,87.4,143.5,33.6,30.1,22.6,0.0,,229.7,4
TXN-CRT-001-001288,2026-07-08 19:44:46,2026-07-08,Wednesday,19,False,Traditional,6,CASH-117,Cash,11,3,True,37.04,75.4,61.5,30.1,73.0,24.8,0.0,,189.4,3
TXN-CRT-001-001289,2026-07-08 19:45:47,2026-07-08,Wednesday,19,False,Traditional,8,CASH-119,Check,14,1,True,102.99,55.3,55.8,17.2,67.1,26.6,0.0,,166.7,4
TXN-CRT-001-001290,2026-07-08 19:46:17,2026-07-08,Wednesday,19,False,Traditional,3,CASH-124,Cash,23,2,True,141.89,43.5,126.5,22.4,44.3,37.2,0.0,,230.4,4
TXN-CRT-001-001291,2026-07-08 19:46:31,2026-07-08,Wednesday,19,False,Traditional,5,CASH-129,Cash,18,4,True,127.88,113.1,99.6,18.1,45.8,38.9,0.0,,202.4,3
TXN-CRT-001-001292,2026-07-08 19:54:35,2026-07-08,Wednesday,19,False,Traditional,6,CASH-102,Cash,10,1,True,47.23,36.9,53.8,44.9,73.3,19.8,0.0,,191.8,4
TXN-CRT-001-001293,2026-07-08 19:55:04,2026-07-08,Wednesday,19,False,Traditional,1,CASH-114,Check,17,6,True,94.25,28.6,52.2,34.6,84.6,17.5,77.2,Supervisor approval needed,266.1,3
TXN-CRT-001-001294,2026-07-08 20:02:08,2026-07-08,Wednesday,20,False,Traditional,1,CASH-106,Cash,24,8,True,94.82,41.4,86.1,25.8,66.4,28.3,0.0,,206.7,4
TXN-CRT-001-001295,2026-07-08 20:02:46,2026-07-08,Wednesday,20,False,Traditional,1,CASH-131,Flous (Mobile),2,0,False,6.14,24.9,14.6,0.0,25.8,28.6,0.0,,69.0,4
TXN-CRT-001-001296,2026-07-08 20:02:47,2026-07-08,Wednesday,20,False,Traditional,1,CASH-126,Flous (Mobile),1,0,False,4.84,87.7,7.4,0.0,34.5,18.7,0.0,,60.6,3
TXN-CRT-001-001297,2026-07-08 20:02:54,2026-07-08,Wednesday,20,False,Traditional,1,CASH-135,Cash,14,2,True,79.55,55.3,86.4,22.6,33.7,24.8,0.0,,167.5,4
TXN-CRT-001-001298,2026-07-08 20:08:48,2026-07-08,Wednesday,20,False,Traditional,1,CASH-107,Cash,6,3,True,21.84,7.5,33.9,45.0,32.9,39.9,0.0,,151.6,4
TXN-CRT-001-001299,2026-07-08 20:11:49,2026-07-08,Wednesday,20,False,Traditional,2,CASH-104,Card (Local),21,5,True,182.17,68.5,150.9,44.0,33.0,19.0,0.0,,246.9,3
TXN-CRT-001-001300,2026-07-08 20:13:09,2026-07-08,Wednesday,20,False,Traditional,6,CASH-106,Cash,8,2,True,21.3,42.5,37.6,16.2,47.4,24.6,0.0,,125.9,4
TXN-CRT-001-001301,2026-07-08 20:18:58,2026-07-08,Wednesday,20,False,Traditional,3,CASH-114,Card (International),14,3,True,48.87,50.5,44.4,42.6,29.9,39.8,0.0,,156.8,4
TXN-CRT-001-001302,2026-07-08 20:28:41,2026-07-08,Wednesday,20,False,Express (<10 items),12,CASH-138,Cash,7,2,True,33.41,60.4,41.7,29.8,60.3,37.5,0.0,,169.3,4
TXN-CRT-001-001303,2026-07-08 20:36:23,2026-07-08,Wednesday,20,False,Traditional,2,CASH-118,Cash,17,4,True,132.36,33.4,119.8,24.1,73.6,32.5,0.0,,250.0,4
TXN-CRT-001-001304,2026-07-08 20:37:46,2026-07-08,Wednesday,20,False,Traditional,4,CASH-131,Card (International),5,1,True,28.14,28.3,25.0,40.9,26.9,26.2,0.0,,119.0,4
TXN-CRT-001-001305,2026-07-08 20:42:21,2026-07-08,Wednesday,20,False,Traditional,8,CASH-104,Cash,1,0,False,5.52,75.6,6.5,0.0,67.1,16.3,0.0,,89.9,3
TXN-CRT-001-001306,2026-07-08 20:42:25,2026-07-08,Wednesday,20,False,Self-Service,9,,Cash,3,1,True,9.08,17.7,15.3,73.5,25.9,40.2,0.0,,155.0,4
TXN-CRT-001-001307,2026-07-08 20:45:45,2026-07-08,Wednesday,20,False,Traditional,8,CASH-131,Cash,45,10,True,390.84,22.5,247.1,40.9,73.3,18.6,0.0,,380.0,4
TXN-CRT-001-001308,2026-07-08 20:46:50,2026-07-08,Wednesday,20,False,Traditional,6,CASH-113,Cash,6,0,False,37.39,26.8,39.1,0.0,31.9,21.9,0.0,,92.9,4
TXN-CRT-001-001309,2026-07-08 20:51:43,2026-07-08,Wednesday,20,False,Traditional,1,CASH-104,Card (Local),23,5,True,161.21,96.8,90.8,16.9,30.7,31.7,0.0,,170.0,3
TXN-CRT-001-001310,2026-07-08 20:55:08,2026-07-08,Wednesday,20,False,Traditional,1,CASH-133,Card (International),3,0,False,8.5,116.1,17.6,0.0,39.8,27.1,0.0,,84.5,3
TXN-CRT-001-001311,2026-07-08 20:56:08,2026-07-08,Wednesday,20,False,Traditional,3,CASH-107,Cash,5,1,True,27.53,26.6,31.3,43.6,60.5,20.8,0.0,,156.2,4
TXN-CRT-001-001312,2026-07-08 20:57:20,2026-07-08,Wednesday,20,False,Self-Service,10,,Card (Local),16,6,True,116.41,22.8,147.0,64.7,20.9,47.8,0.0,,280.4,4
TXN-CRT-001-001313,2026-07-08 20:59:09,2026-07-08,Wednesday,20,False,Traditional,6,CASH-119,Card (Local),14,1,True,69.69,54.8,98.5,34.4,34.5,30.7,0.0,,198.1,4
TXN-CRT-001-001314,2026-07-08 21:06:15,2026-07-08,Wednesday,21,False,Traditional,7,CASH-106,Cash,45,9,True,396.74,42.5,215.9,34.5,50.8,27.0,0.0,,328.1,3
TXN-CRT-001-001315,2026-07-08 21:32:45,2026-07-08,Wednesday,21,False,Traditional,2,CASH-118,Cash,44,8,True,401.4,88.8,312.1,23.2,57.5,20.8,0.0,,413.7,3
TXN-CRT-001-001316,2026-07-08 21:35:17,2026-07-08,Wednesday,21,False,Traditional,5,CASH-112,Flous (Mobile),27,7,True,154.87,71.4,129.1,34.5,21.6,30.4,0.0,,215.6,4
TXN-CRT-001-001317,2026-07-08 21:51:58,2026-07-08,Wednesday,21,False,Traditional,5,CASH-115,Card (Local),19,4,True,94.07,150.8,69.9,39.6,30.3,32.0,0.0,,171.8,3
TXN-CRT-001-001318,2026-07-08 21:54:39,2026-07-08,Wednesday,21,False,Traditional,5,CASH-129,Card (Local),14,4,True,94.95,23.8,82.2,34.5,23.4,22.8,0.0,,163.0,4
TXN-CRT-001-001319,2026-07-08 21:56:50,2026-07-08,Wednesday,21,False,Traditional,3,CASH-123,Card (Local),11,2,True,81.23,87.9,30.6,15.2,26.0,36.4,0.0,,108.2,3
TXN-CRT-001-001320,2026-07-08 21:58:07,2026-07-08,Wednesday,21,False,Traditional,2,CASH-129,Cash,44,12,True,352.31,37.0,219.0,26.2,61.2,28.8,0.0,,335.2,4
TXN-CRT-001-001321,2026-07-09 08:13:01,2026-07-09,Thursday,8,False,Traditional,3,CASH-118,Card (Local),19,7,True,77.93,21.6,75.8,23.5,27.8,30.3,0.0,,157.4,4
TXN-CRT-001-001322,2026-07-09 08:45:12,2026-07-09,Thursday,8,False,Traditional,8,CASH-122,Cash,18,7,True,64.63,36.5,62.8,25.4,43.9,25.4,0.0,,157.5,4
TXN-CRT-001-001323,2026-07-09 08:54:54,2026-07-09,Thursday,8,False,Self-Service,10,,Card (Local),8,4,True,28.13,39.6,36.1,41.1,23.5,37.4,147.2,Barcode not scanning,285.2,3
TXN-CRT-001-001324,2026-07-09 09:04:43,2026-07-09,Thursday,9,False,Traditional,8,CASH-118,Cash,2,1,True,14.19,109.1,10.5,37.2,38.9,19.3,0.0,,105.9,3
TXN-CRT-001-001325,2026-07-09 09:21:49,2026-07-09,Thursday,9,False,Express (<10 items),12,CASH-141,Cash,44,15,True,229.43,12.1,214.6,20.9,67.3,19.7,79.1,Price check required,401.6,3
TXN-CRT-001-001326,2026-07-09 10:04:23,2026-07-09,Thursday,10,False,Traditional,3,CASH-108,Cash,10,1,True,45.72,27.3,42.6,17.9,45.7,31.5,0.0,,137.6,4
TXN-CRT-001-001327,2026-07-09 10:09:31,2026-07-09,Thursday,10,False,Traditional,3,CASH-129,Check,14,2,True,52.24,52.9,99.5,36.1,85.8,15.6,0.0,,237.1,4
TXN-CRT-001-001328,2026-07-09 10:12:46,2026-07-09,Thursday,10,False,Traditional,5,CASH-115,Cash,5,0,False,15.61,20.4,20.2,0.0,30.4,20.8,0.0,,71.3,4
TXN-CRT-001-001329,2026-07-09 10:23:16,2026-07-09,Thursday,10,False,Traditional,1,CASH-113,Cash,32,9,True,251.86,141.1,229.1,21.9,62.8,33.4,158.0,Item return/exchange,505.1,2
TXN-CRT-001-001330,2026-07-09 10:28:02,2026-07-09,Thursday,10,False,Traditional,6,CASH-101,Cash,2,1,True,8.07,155.8,5.3,16.9,36.9,37.1,0.0,,96.2,3
TXN-CRT-001-001331,2026-07-09 10:29:35,2026-07-09,Thursday,10,False,Traditional,7,CASH-105,Cash,31,6,True,231.87,49.8,99.3,22.8,46.0,32.6,0.0,,200.7,4
TXN-CRT-001-001332,2026-07-09 10:40:15,2026-07-09,Thursday,10,False,Traditional,8,CASH-127,Card (Local),6,2,True,45.22,75.8,38.6,29.0,34.3,16.0,0.0,,117.9,3
TXN-CRT-001-001333,2026-07-09 10:58:08,2026-07-09,Thursday,10,False,Traditional,1,CASH-122,Card (Local),37,11,True,126.92,126.2,256.0,39.8,20.9,30.8,0.0,,347.5,3
TXN-CRT-001-001334,2026-07-09 10:58:08,2026-07-09,Thursday,10,False,Express (<10 items),13,CASH-140,Cash,24,9,True,198.78,44.7,63.3,16.9,64.6,28.2,0.0,,173.0,4
TXN-CRT-001-001335,2026-07-09 10:58:14,2026-07-09,Thursday,10,False,Express (<10 items),13,CASH-144,Cash,6,2,True,39.96,72.7,37.7,25.6,68.0,31.9,0.0,,163.2,3
TXN-CRT-001-001336,2026-07-09 10:58:36,2026-07-09,Thursday,10,False,Traditional,1,CASH-130,Card (International),18,8,True,77.18,18.2,121.6,24.6,28.5,35.5,54.2,Item return/exchange,264.4,3
TXN-CRT-001-001337,2026-07-09 11:09:28,2026-07-09,Thursday,11,False,Traditional,1,CASH-126,Cash,10,2,True,28.35,7.9,40.9,32.4,37.2,36.4,0.0,,146.9,4
TXN-CRT-001-001338,2026-07-09 11:16:15,2026-07-09,Thursday,11,False,Traditional,1,CASH-124,Cash,7,1,True,51.42,95.1,25.1,17.6,55.3,38.8,0.0,,136.9,4
TXN-CRT-001-001339,2026-07-09 11:17:07,2026-07-09,Thursday,11,False,Traditional,1,CASH-129,Cash,34,9,True,256.92,46.9,253.0,41.9,74.8,27.6,0.0,,397.3,4
TXN-CRT-001-001340,2026-07-09 11:20:26,2026-07-09,Thursday,11,False,Traditional,5,CASH-134,Cash,13,3,True,103.04,152.8,48.1,39.5,61.6,23.4,0.0,,172.6,3
TXN-CRT-001-001341,2026-07-09 11:21:34,2026-07-09,Thursday,11,False,Traditional,4,CASH-106,Cash,13,0,False,55.74,31.0,90.3,0.0,58.7,15.7,0.0,,164.6,4
TXN-CRT-001-001342,2026-07-09 11:22:56,2026-07-09,Thursday,11,False,Traditional,7,CASH-124,Card (Local),7,2,True,44.41,16.8,50.0,17.9,31.6,21.1,0.0,,120.5,4
TXN-CRT-001-001343,2026-07-09 11:26:10,2026-07-09,Thursday,11,False,Self-Service,10,,Card (Local),12,4,True,44.45,88.8,102.0,23.6,18.8,22.0,0.0,,166.4,4
TXN-CRT-001-001344,2026-07-09 11:35:05,2026-07-09,Thursday,11,False,Traditional,6,CASH-105,Flous (Mobile),36,11,True,237.37,144.7,103.6,22.6,30.9,26.2,0.0,,183.3,3
TXN-CRT-001-001345,2026-07-09 11:38:08,2026-07-09,Thursday,11,False,Traditional,2,CASH-127,Cash,12,2,True,76.25,18.3,45.7,27.7,46.2,28.8,0.0,,148.4,4
TXN-CRT-001-001346,2026-07-09 11:39:47,2026-07-09,Thursday,11,False,Traditional,6,CASH-126,Cash,45,11,True,407.44,23.5,256.8,34.0,34.2,16.6,0.0,,341.6,3
TXN-CRT-001-001347,2026-07-09 11:40:51,2026-07-09,Thursday,11,False,Traditional,5,CASH-123,Cash,44,10,True,266.12,122.9,236.3,40.9,67.7,20.2,0.0,,365.1,3
TXN-CRT-001-001348,2026-07-09 11:43:01,2026-07-09,Thursday,11,False,Traditional,3,CASH-122,Check,6,0,False,44.53,184.5,15.6,0.0,49.4,22.8,0.0,,87.8,3
TXN-CRT-001-001349,2026-07-09 11:43:21,2026-07-09,Thursday,11,False,Express (<10 items),13,CASH-137,Card (Local),7,2,True,22.04,73.1,21.5,24.2,19.8,25.3,36.7,Price check required,127.5,3
TXN-CRT-001-001350,2026-07-09 11:43:54,2026-07-09,Thursday,11,False,Traditional,7,CASH-129,Card (Local),35,6,True,203.0,28.8,139.0,26.9,19.1,30.7,0.0,,215.7,4
TXN-CRT-001-001351,2026-07-09 11:48:21,2026-07-09,Thursday,11,False,Self-Service,11,,Cash,12,1,True,33.15,115.7,59.8,45.6,53.6,24.0,0.0,,182.9,4
TXN-CRT-001-001352,2026-07-09 12:03:36,2026-07-09,Thursday,12,False,Traditional,2,CASH-110,Cash,1,1,True,7.86,40.2,6.3,45.0,59.2,18.2,0.0,,128.7,4
TXN-CRT-001-001353,2026-07-09 12:05:38,2026-07-09,Thursday,12,False,Traditional,4,CASH-125,Cash,9,0,False,50.38,29.6,65.7,0.0,46.2,36.5,0.0,,148.4,4
TXN-CRT-001-001354,2026-07-09 12:11:10,2026-07-09,Thursday,12,False,Traditional,7,CASH-117,Card (Local),19,8,True,92.36,33.3,59.9,17.6,24.4,34.5,0.0,,136.4,4
TXN-CRT-001-001355,2026-07-09 12:12:05,2026-07-09,Thursday,12,False,Traditional,3,CASH-110,Flous (Mobile),29,7,True,138.33,80.9,188.6,33.0,35.2,38.5,0.0,,295.3,4
TXN-CRT-001-001356,2026-07-09 12:17:36,2026-07-09,Thursday,12,False,Self-Service,10,,Check,6,4,True,28.85,51.9,70.9,65.2,63.8,33.1,0.0,,233.1,4
TXN-CRT-001-001357,2026-07-09 12:18:10,2026-07-09,Thursday,12,False,Self-Service,11,,Card (Local),5,0,False,23.37,70.2,24.0,0.0,25.9,22.3,0.0,,72.1,4
TXN-CRT-001-001358,2026-07-09 12:19:43,2026-07-09,Thursday,12,False,Traditional,4,CASH-105,Cash,41,11,True,207.47,90.5,226.8,17.5,73.5,20.6,0.0,,338.5,3
TXN-CRT-001-001359,2026-07-09 12:20:21,2026-07-09,Thursday,12,False,Traditional,6,CASH-114,Check,25,5,True,234.34,41.9,142.0,19.8,53.9,26.9,84.2,Promo code issue,326.8,3
TXN-CRT-001-001360,2026-07-09 12:23:18,2026-07-09,Thursday,12,False,Traditional,6,CASH-128,Card (Local),18,6,True,75.07,98.6,67.8,25.2,26.5,38.2,0.0,,157.8,4
TXN-CRT-001-001361,2026-07-09 12:28:58,2026-07-09,Thursday,12,False,Self-Service,11,,Cash,26,6,True,260.03,50.5,140.0,51.8,39.0,36.2,0.0,,267.0,4
TXN-CRT-001-001362,2026-07-09 12:30:15,2026-07-09,Thursday,12,False,Traditional,1,CASH-104,Cash,13,2,True,51.43,33.7,34.5,43.9,53.9,25.1,0.0,,157.4,4
TXN-CRT-001-001363,2026-07-09 12:34:06,2026-07-09,Thursday,12,False,Traditional,6,CASH-108,Cash,26,9,True,227.28,13.4,153.1,22.4,56.7,17.7,0.0,,249.9,4
TXN-CRT-001-001364,2026-07-09 12:39:17,2026-07-09,Thursday,12,False,Traditional,5,CASH-131,Cash,12,2,True,31.54,40.5,78.3,30.3,56.0,37.7,0.0,,202.3,4
TXN-CRT-001-001365,2026-07-09 12:39:44,2026-07-09,Thursday,12,False,Traditional,3,CASH-106,Cash,8,0,False,51.8,131.6,59.4,0.0,56.9,21.0,0.0,,137.2,3
TXN-CRT-001-001366,2026-07-09 12:41:57,2026-07-09,Thursday,12,False,Traditional,7,CASH-120,Card (Local),24,5,True,179.52,87.3,76.8,25.9,22.7,22.6,0.0,,148.1,4
TXN-CRT-001-001367,2026-07-09 12:47:59,2026-07-09,Thursday,12,False,Traditional,1,CASH-131,Cash,13,4,True,54.05,69.9,47.8,20.5,29.1,29.1,0.0,,126.4,3
TXN-CRT-001-001368,2026-07-09 12:57:50,2026-07-09,Thursday,12,False,Self-Service,11,,Cash,48,10,True,185.63,19.9,532.3,38.9,47.8,24.2,100.2,Item return/exchange,743.4,2
TXN-CRT-001-001369,2026-07-09 12:58:13,2026-07-09,Thursday,12,False,Traditional,1,CASH-111,Cash,11,2,True,87.62,32.8,31.6,25.7,47.9,31.4,0.0,,136.6,4
TXN-CRT-001-001370,2026-07-09 12:58:55,2026-07-09,Thursday,12,False,Traditional,8,CASH-112,Flous (Mobile),41,6,True,343.21,79.1,243.3,25.4,33.6,23.7,0.0,,326.0,3
TXN-CRT-001-001371,2026-07-09 13:01:19,2026-07-09,Thursday,13,False,Express (<10 items),12,CASH-138,Card (Local),43,11,True,135.31,93.2,138.5,23.5,30.9,15.9,0.0,,208.8,3
TXN-CRT-001-001372,2026-07-09 13:01:31,2026-07-09,Thursday,13,False,Traditional,7,CASH-119,Cash,8,3,True,20.45,88.7,56.7,36.2,58.9,26.4,0.0,,178.3,4
TXN-CRT-001-001373,2026-07-09 13:02:42,2026-07-09,Thursday,13,False,Self-Service,9,,Flous (Mobile),28,6,True,206.29,60.4,241.0,75.6,37.5,39.3,0.0,,393.4,3
TXN-CRT-001-001374,2026-07-09 13:13:29,2026-07-09,Thursday,13,False,Traditional,4,CASH-122,Flous (Mobile),14,3,True,108.91,26.2,44.5,44.2,22.1,38.1,0.0,,148.9,4
TXN-CRT-001-001375,2026-07-09 13:14:22,2026-07-09,Thursday,13,False,Traditional,7,CASH-113,Cash,41,7,True,348.62,93.3,195.9,19.2,58.3,38.1,143.4,Barcode not scanning,454.9,2
TXN-CRT-001-001376,2026-07-09 13:18:21,2026-07-09,Thursday,13,False,Self-Service,11,,Cash,14,2,True,47.77,32.6,138.0,82.4,39.8,23.2,0.0,,283.3,4
TXN-CRT-001-001377,2026-07-09 13:19:29,2026-07-09,Thursday,13,False,Traditional,8,CASH-107,Card (International),25,4,True,242.85,94.2,146.1,31.1,25.4,38.6,0.0,,241.2,3
TXN-CRT-001-001378,2026-07-09 13:22:45,2026-07-09,Thursday,13,False,Traditional,6,CASH-126,Flous (Mobile),14,3,True,94.8,40.6,97.1,43.6,39.7,28.8,0.0,,209.2,4
TXN-CRT-001-001379,2026-07-09 13:26:07,2026-07-09,Thursday,13,False,Traditional,1,CASH-121,Check,8,2,True,61.56,147.7,23.3,27.6,87.6,18.7,0.0,,157.1,3
TXN-CRT-001-001380,2026-07-09 13:29:44,2026-07-09,Thursday,13,False,Traditional,3,CASH-106,Flous (Mobile),7,4,True,51.46,37.3,44.4,24.0,38.9,27.4,0.0,,134.8,4
TXN-CRT-001-001381,2026-07-09 13:31:56,2026-07-09,Thursday,13,False,Traditional,3,CASH-125,Card (Local),13,1,True,49.53,36.7,69.1,27.4,19.4,35.1,0.0,,151.1,4
TXN-CRT-001-001382,2026-07-09 13:44:28,2026-07-09,Thursday,13,False,Traditional,2,CASH-119,Card (Local),26,7,True,105.2,47.3,130.3,29.0,18.2,21.1,0.0,,198.5,4
TXN-CRT-001-001383,2026-07-09 13:46:30,2026-07-09,Thursday,13,False,Express (<10 items),12,CASH-140,Cash,19,5,True,107.32,26.5,122.2,34.8,36.2,33.9,0.0,,227.1,4
TXN-CRT-001-001384,2026-07-09 13:48:36,2026-07-09,Thursday,13,False,Traditional,5,CASH-107,Cash,22,5,True,92.7,22.6,69.8,40.2,58.0,34.3,0.0,,202.3,4
TXN-CRT-001-001385,2026-07-09 13:52:05,2026-07-09,Thursday,13,False,Traditional,1,CASH-101,Cash,9,4,True,66.99,25.8,50.1,29.5,69.6,30.0,0.0,,179.2,4
TXN-CRT-001-001386,2026-07-09 14:12:45,2026-07-09,Thursday,14,False,Traditional,2,CASH-122,Card (Local),15,2,True,66.25,119.9,42.0,21.4,31.2,21.5,0.0,,116.1,3
TXN-CRT-001-001387,2026-07-09 14:14:58,2026-07-09,Thursday,14,False,Traditional,7,CASH-118,Card (Local),2,0,False,7.12,23.9,10.1,0.0,19.7,26.6,0.0,,56.5,4
TXN-CRT-001-001388,2026-07-09 14:19:12,2026-07-09,Thursday,14,False,Traditional,5,CASH-101,Card (International),30,8,True,129.43,37.0,206.8,30.0,39.7,18.6,0.0,,295.1,4
TXN-CRT-001-001389,2026-07-09 14:30:50,2026-07-09,Thursday,14,False,Express (<10 items),12,CASH-136,Cash,49,11,True,209.17,195.5,232.8,15.7,67.8,18.0,0.0,,334.3,2
TXN-CRT-001-001390,2026-07-09 14:31:52,2026-07-09,Thursday,14,False,Traditional,1,CASH-134,Card (Local),13,0,False,35.41,96.2,76.7,0.0,19.0,27.8,0.0,,123.5,4
TXN-CRT-001-001391,2026-07-09 14:34:09,2026-07-09,Thursday,14,False,Traditional,5,CASH-121,Cash,1,0,False,6.95,95.0,3.9,0.0,31.8,17.1,0.0,,52.8,3
TXN-CRT-001-001392,2026-07-09 14:39:21,2026-07-09,Thursday,14,False,Traditional,5,CASH-115,Cash,7,1,True,52.38,176.5,30.0,26.4,43.6,27.8,0.0,,127.7,3
TXN-CRT-001-001393,2026-07-09 14:40:06,2026-07-09,Thursday,14,False,Traditional,3,CASH-134,Card (International),21,6,True,186.16,46.2,101.2,32.8,47.4,26.9,70.7,Payment terminal error,279.0,3
TXN-CRT-001-001394,2026-07-09 14:43:18,2026-07-09,Thursday,14,False,Traditional,8,CASH-101,Card (Local),19,3,True,149.22,8.5,73.2,36.9,20.6,37.2,0.0,,167.9,4
TXN-CRT-001-001395,2026-07-09 14:50:40,2026-07-09,Thursday,14,False,Traditional,8,CASH-118,Check,28,6,True,160.57,89.0,135.7,15.9,80.6,39.2,0.0,,271.3,4
TXN-CRT-001-001396,2026-07-09 14:54:53,2026-07-09,Thursday,14,False,Traditional,4,CASH-111,Cash,9,2,True,33.7,42.5,31.9,19.1,29.6,31.2,0.0,,111.9,4
TXN-CRT-001-001397,2026-07-09 14:56:56,2026-07-09,Thursday,14,False,Traditional,4,CASH-102,Cash,26,6,True,153.0,196.6,81.1,39.6,37.9,30.9,0.0,,189.5,3
TXN-CRT-001-001398,2026-07-09 15:02:38,2026-07-09,Thursday,15,False,Traditional,7,CASH-130,Cash,22,10,True,215.72,7.3,147.0,42.0,57.0,15.7,45.4,Item return/exchange,307.1,3
TXN-CRT-001-001399,2026-07-09 15:10:50,2026-07-09,Thursday,15,False,Traditional,4,CASH-126,Cash,10,0,False,37.43,22.6,45.1,0.0,54.2,16.3,160.7,Supervisor approval needed,276.2,4
TXN-CRT-001-001400,2026-07-09 15:22:26,2026-07-09,Thursday,15,False,Traditional,2,CASH-107,Flous (Mobile),17,7,True,80.35,31.6,48.9,35.2,25.3,31.2,0.0,,140.6,4
TXN-CRT-001-001401,2026-07-09 15:24:19,2026-07-09,Thursday,15,False,Traditional,7,CASH-103,Card (Local),6,2,True,31.64,46.9,42.8,34.6,34.1,33.7,0.0,,145.2,4
TXN-CRT-001-001402,2026-07-09 16:08:10,2026-07-09,Thursday,16,False,Traditional,5,CASH-130,Flous (Mobile),14,5,True,77.69,15.4,49.0,23.0,22.7,34.4,0.0,,129.1,4
TXN-CRT-001-001403,2026-07-09 16:08:44,2026-07-09,Thursday,16,False,Traditional,4,CASH-135,Cash,37,9,True,268.22,65.1,246.5,18.3,59.3,31.7,0.0,,355.7,3
TXN-CRT-001-001404,2026-07-09 16:18:01,2026-07-09,Thursday,16,False,Traditional,3,CASH-128,Flous (Mobile),13,3,True,47.38,30.2,79.0,24.3,34.7,25.3,0.0,,163.4,4
TXN-CRT-001-001405,2026-07-09 16:31:10,2026-07-09,Thursday,16,False,Traditional,2,CASH-122,Cash,32,11,True,180.63,100.6,165.4,40.5,41.5,20.2,0.0,,267.7,3
TXN-CRT-001-001406,2026-07-09 16:36:50,2026-07-09,Thursday,16,False,Traditional,3,CASH-106,Flous (Mobile),19,7,True,67.64,125.5,142.2,24.5,39.4,25.0,0.0,,231.2,3
TXN-CRT-001-001407,2026-07-09 16:37:43,2026-07-09,Thursday,16,False,Traditional,7,CASH-115,Cash,7,1,True,23.74,38.7,39.9,26.1,51.7,21.7,0.0,,139.4,4
TXN-CRT-001-001408,2026-07-09 16:57:46,2026-07-09,Thursday,16,False,Traditional,5,CASH-107,Cash,18,3,True,129.13,73.0,118.5,34.7,73.4,19.6,0.0,,246.2,4
TXN-CRT-001-001409,2026-07-09 17:10:20,2026-07-09,Thursday,17,False,Traditional,3,CASH-107,Cash,16,4,True,74.68,50.2,55.6,31.7,54.7,35.6,0.0,,177.5,4
TXN-CRT-001-001410,2026-07-09 17:12:07,2026-07-09,Thursday,17,False,Self-Service,11,,Check,13,5,True,44.17,47.4,152.8,64.6,83.8,25.1,0.0,,326.3,3
TXN-CRT-001-001411,2026-07-09 17:22:07,2026-07-09,Thursday,17,False,Traditional,5,CASH-132,Cash,5,1,True,24.24,14.2,20.9,42.8,49.8,16.1,0.0,,129.6,4
TXN-CRT-001-001412,2026-07-09 17:22:57,2026-07-09,Thursday,17,False,Traditional,7,CASH-102,Cash,13,4,True,33.02,45.4,75.8,17.6,59.3,37.3,0.0,,190.0,4
TXN-CRT-001-001413,2026-07-09 17:39:14,2026-07-09,Thursday,17,False,Traditional,5,CASH-134,Flous (Mobile),3,1,True,16.37,93.7,19.6,25.8,35.8,35.6,0.0,,116.8,3
TXN-CRT-001-001414,2026-07-09 17:40:27,2026-07-09,Thursday,17,False,Traditional,3,CASH-130,Cash,4,2,True,17.63,66.4,17.2,23.4,60.1,27.3,0.0,,127.9,4
TXN-CRT-001-001415,2026-07-09 17:44:32,2026-07-09,Thursday,17,False,Traditional,1,CASH-134,Cash,13,3,True,85.88,23.1,51.0,42.3,53.3,21.6,0.0,,168.2,4
TXN-CRT-001-001416,2026-07-09 17:50:03,2026-07-09,Thursday,17,False,Express (<10 items),12,CASH-137,Cash,10,2,True,54.61,14.3,24.8,39.2,27.4,15.2,0.0,,106.6,4
TXN-CRT-001-001417,2026-07-09 17:52:40,2026-07-09,Thursday,17,False,Traditional,7,CASH-122,Cash,42,16,True,281.37,44.2,288.5,42.7,44.5,28.7,0.0,,404.4,3
TXN-CRT-001-001418,2026-07-09 17:58:34,2026-07-09,Thursday,17,False,Traditional,3,CASH-129,Flous (Mobile),12,3,True,84.89,27.0,74.5,28.7,36.1,35.1,0.0,,174.4,4
TXN-CRT-001-001419,2026-07-09 18:06:50,2026-07-09,Thursday,18,False,Traditional,6,CASH-117,Card (International),26,8,True,242.94,29.8,142.2,38.6,45.4,29.1,0.0,,255.2,4
TXN-CRT-001-001420,2026-07-09 18:13:34,2026-07-09,Thursday,18,False,Express (<10 items),13,CASH-145,Cash,16,3,True,47.96,27.4,108.8,26.4,54.1,18.5,157.0,Price check required,364.8,2
TXN-CRT-001-001421,2026-07-09 18:13:39,2026-07-09,Thursday,18,False,Traditional,4,CASH-108,Check,23,7,True,192.23,50.7,111.3,40.8,52.7,39.4,0.0,,244.2,4
TXN-CRT-001-001422,2026-07-09 18:22:50,2026-07-09,Thursday,18,False,Traditional,2,CASH-128,Cash,9,1,True,61.11,76.7,49.6,16.3,62.8,16.5,0.0,,145.2,4
TXN-CRT-001-001423,2026-07-09 18:25:29,2026-07-09,Thursday,18,False,Traditional,5,CASH-132,Cash,44,9,True,335.4,26.2,245.2,44.6,36.1,36.1,0.0,,362.0,4
TXN-CRT-001-001424,2026-07-09 18:26:25,2026-07-09,Thursday,18,False,Traditional,5,CASH-105,Cash,16,5,True,119.88,25.2,77.5,28.2,32.2,38.8,0.0,,176.7,4
TXN-CRT-001-001425,2026-07-09 18:26:57,2026-07-09,Thursday,18,False,Express (<10 items),12,CASH-142,Cash,31,8,True,238.69,16.8,231.4,36.2,39.8,18.1,0.0,,325.6,3
TXN-CRT-001-001426,2026-07-09 18:32:19,2026-07-09,Thursday,18,False,Express (<10 items),13,CASH-141,Cash,12,4,True,92.79,57.1,28.0,16.8,66.3,33.7,0.0,,144.8,4
TXN-CRT-001-001427,2026-07-09 18:35:57,2026-07-09,Thursday,18,False,Traditional,1,CASH-128,Check,4,0,False,12.59,92.2,25.5,0.0,54.9,31.8,0.0,,112.2,4
TXN-CRT-001-001428,2026-07-09 18:38:21,2026-07-09,Thursday,18,False,Express (<10 items),13,CASH-143,Card (International),22,6,True,134.15,45.9,138.5,23.0,28.9,28.9,0.0,,219.3,4
TXN-CRT-001-001429,2026-07-09 18:39:34,2026-07-09,Thursday,18,False,Traditional,5,CASH-104,Cash,1,0,False,3.59,76.9,5.9,0.0,37.1,17.3,0.0,,60.3,4
TXN-CRT-001-001430,2026-07-09 18:42:19,2026-07-09,Thursday,18,False,Self-Service,11,,Card (Local),15,4,True,77.19,110.0,127.6,40.7,33.7,29.2,0.0,,231.2,4
TXN-CRT-001-001431,2026-07-09 18:45:27,2026-07-09,Thursday,18,False,Traditional,7,CASH-134,Card (Local),7,1,True,29.4,59.9,48.9,36.3,24.0,26.4,0.0,,135.6,4
TXN-CRT-001-001432,2026-07-09 18:46:30,2026-07-09,Thursday,18,False,Traditional,3,CASH-128,Check,20,6,True,90.89,23.6,61.6,28.5,49.7,17.7,0.0,,157.4,4
TXN-CRT-001-001433,2026-07-09 18:49:11,2026-07-09,Thursday,18,False,Traditional,6,CASH-128,Flous (Mobile),48,15,True,236.64,21.4,189.1,36.8,33.2,18.6,0.0,,277.7,4
TXN-CRT-001-001434,2026-07-09 18:50:41,2026-07-09,Thursday,18,False,Traditional,6,CASH-132,Cash,14,2,True,64.56,24.9,72.0,19.0,32.3,32.1,0.0,,155.3,4
TXN-CRT-001-001435,2026-07-09 18:52:50,2026-07-09,Thursday,18,False,Traditional,5,CASH-135,Card (International),30,6,True,245.24,159.7,99.2,33.0,30.2,36.6,0.0,,199.0,3
TXN-CRT-001-001436,2026-07-09 18:53:27,2026-07-09,Thursday,18,False,Traditional,1,CASH-135,Card (Local),16,5,True,96.4,190.1,78.1,18.1,24.9,35.4,0.0,,156.5,3
TXN-CRT-001-001437,2026-07-09 18:55:51,2026-07-09,Thursday,18,False,Traditional,3,CASH-122,Card (Local),15,5,True,84.22,37.5,95.0,23.3,18.7,33.2,0.0,,170.2,4
TXN-CRT-001-001438,2026-07-09 18:57:42,2026-07-09,Thursday,18,False,Traditional,7,CASH-108,Cash,42,12,True,353.8,106.3,244.4,18.0,33.2,24.4,0.0,,320.0,3
TXN-CRT-001-001439,2026-07-09 18:59:08,2026-07-09,Thursday,18,False,Traditional,4,CASH-128,Cash,38,11,True,326.94,119.5,276.8,43.9,42.5,38.4,0.0,,401.7,3
TXN-CRT-001-001440,2026-07-09 18:59:47,2026-07-09,Thursday,18,False,Traditional,6,CASH-112,Card (Local),28,6,True,134.13,14.5,182.7,31.0,28.3,15.9,0.0,,257.8,4
TXN-CRT-001-001441,2026-07-09 19:00:47,2026-07-09,Thursday,19,False,Express (<10 items),13,CASH-136,Cash,10,2,True,29.18,153.7,39.2,32.6,33.5,38.7,0.0,,144.0,3
TXN-CRT-001-001442,2026-07-09 19:00:48,2026-07-09,Thursday,19,False,Traditional,3,CASH-113,Cash,17,3,True,63.92,41.2,103.5,19.0,64.0,37.5,0.0,,224.1,4
TXN-CRT-001-001443,2026-07-09 19:07:42,2026-07-09,Thursday,19,False,Traditional,5,CASH-124,Card (Local),8,1,True,41.19,39.6,51.8,20.5,28.6,23.0,0.0,,123.8,4
TXN-CRT-001-001444,2026-07-09 19:10:13,2026-07-09,Thursday,19,False,Traditional,4,CASH-110,Cash,14,4,True,52.87,17.4,98.7,21.9,56.9,37.0,0.0,,214.6,4
TXN-CRT-001-001445,2026-07-09 19:11:01,2026-07-09,Thursday,19,False,Self-Service,11,,Card (Local),15,2,True,70.56,160.4,176.6,44.4,25.1,42.4,0.0,,288.5,3
TXN-CRT-001-001446,2026-07-09 19:12:52,2026-07-09,Thursday,19,False,Traditional,1,CASH-134,Card (Local),31,12,True,309.78,52.9,205.4,25.3,18.7,18.4,96.2,Supervisor approval needed,364.0,3
TXN-CRT-001-001447,2026-07-09 19:15:21,2026-07-09,Thursday,19,False,Traditional,2,CASH-124,Check,38,12,True,191.39,149.8,107.9,20.8,71.4,21.3,0.0,,221.4,3
TXN-CRT-001-001448,2026-07-09 19:17:42,2026-07-09,Thursday,19,False,Traditional,8,CASH-130,Cash,13,5,True,80.25,114.6,66.4,43.7,53.5,34.7,0.0,,198.3,3
TXN-CRT-001-001449,2026-07-09 19:22:42,2026-07-09,Thursday,19,False,Express (<10 items),13,CASH-145,Cash,1,1,True,5.3,22.8,6.4,41.2,28.4,37.6,0.0,,113.7,4
TXN-CRT-001-001450,2026-07-09 19:24:31,2026-07-09,Thursday,19,False,Traditional,5,CASH-120,Card (Local),34,8,True,291.74,54.2,103.9,15.8,21.1,29.0,0.0,,169.8,4
TXN-CRT-001-001451,2026-07-09 19:28:29,2026-07-09,Thursday,19,False,Traditional,7,CASH-104,Flous (Mobile),7,3,True,21.46,29.3,19.8,28.6,20.6,35.2,0.0,,104.2,4
TXN-CRT-001-001452,2026-07-09 19:28:41,2026-07-09,Thursday,19,False,Traditional,5,CASH-105,Check,20,3,True,149.63,32.3,55.2,33.7,82.1,26.7,0.0,,197.6,4
TXN-CRT-001-001453,2026-07-09 19:30:01,2026-07-09,Thursday,19,False,Self-Service,10,,Cash,1,0,False,6.36,69.1,10.3,0.0,31.5,34.3,0.0,,76.1,3
TXN-CRT-001-001454,2026-07-09 19:30:05,2026-07-09,Thursday,19,False,Traditional,1,CASH-122,Cash,13,4,True,96.16,85.5,94.0,43.2,62.1,27.9,176.8,Supervisor approval needed,404.1,2
TXN-CRT-001-001455,2026-07-09 19:31:46,2026-07-09,Thursday,19,False,Traditional,4,CASH-119,Flous (Mobile),49,8,True,284.15,8.2,290.2,28.6,38.2,24.3,0.0,,381.4,3
TXN-CRT-001-001456,2026-07-09 19:33:31,2026-07-09,Thursday,19,False,Express (<10 items),12,CASH-137,Cash,4,3,True,26.86,5.1,22.5,19.5,52.2,15.5,0.0,,109.7,4
TXN-CRT-001-001457,2026-07-09 19:37:13,2026-07-09,Thursday,19,False,Traditional,6,CASH-124,Card (Local),13,4,True,34.39,33.1,63.2,20.2,27.5,30.7,0.0,,141.6,4
TXN-CRT-001-001458,2026-07-09 19:38:17,2026-07-09,Thursday,19,False,Traditional,4,CASH-102,Cash,10,3,True,56.41,62.0,32.8,37.6,51.1,36.1,0.0,,157.7,4
TXN-CRT-001-001459,2026-07-09 19:40:37,2026-07-09,Thursday,19,False,Traditional,3,CASH-126,Cash,40,8,True,199.34,120.9,169.4,22.4,74.8,32.5,0.0,,299.1,3
TXN-CRT-001-001460,2026-07-09 19:43:28,2026-07-09,Thursday,19,False,Traditional,5,CASH-133,Cash,35,10,True,226.23,52.3,222.7,18.9,35.5,35.3,0.0,,312.4,4
TXN-CRT-001-001461,2026-07-09 19:44:54,2026-07-09,Thursday,19,False,Traditional,6,CASH-122,Cash,8,0,False,58.48,41.0,56.3,0.0,69.7,27.9,0.0,,153.9,4
TXN-CRT-001-001462,2026-07-09 19:44:57,2026-07-09,Thursday,19,False,Traditional,3,CASH-106,Card (Local),4,2,True,15.95,76.0,17.0,28.8,25.6,30.5,0.0,,101.9,4
TXN-CRT-001-001463,2026-07-09 19:46:27,2026-07-09,Thursday,19,False,Traditional,8,CASH-107,Check,20,3,True,71.02,23.3,69.7,39.6,67.5,28.5,0.0,,205.2,4
TXN-CRT-001-001464,2026-07-09 19:49:37,2026-07-09,Thursday,19,False,Traditional,1,CASH-135,Cash,11,3,True,70.16,53.3,75.0,41.6,39.2,16.7,0.0,,172.4,4
TXN-CRT-001-001465,2026-07-09 19:53:26,2026-07-09,Thursday,19,False,Express (<10 items),13,CASH-144,Card (International),22,4,True,124.06,45.1,76.5,23.4,48.7,38.3,107.0,Promo code issue,293.8,3
TXN-CRT-001-001466,2026-07-09 19:53:40,2026-07-09,Thursday,19,False,Traditional,1,CASH-106,Cash,2,0,False,14.46,56.4,9.2,0.0,57.5,27.9,0.0,,94.6,4
TXN-CRT-001-001467,2026-07-09 20:01:21,2026-07-09,Thursday,20,False,Express (<10 items),13,CASH-137,Card (Local),6,1,True,26.7,110.7,24.9,25.1,34.8,29.7,0.0,,114.5,4
TXN-CRT-001-001468,2026-07-09 20:02:24,2026-07-09,Thursday,20,False,Traditional,1,CASH-125,Cash,22,4,True,129.71,10.0,65.7,25.1,39.8,35.7,0.0,,166.3,4
TXN-CRT-001-001469,2026-07-09 20:06:27,2026-07-09,Thursday,20,False,Self-Service,10,,Flous (Mobile),8,3,True,51.67,47.1,91.6,59.7,22.6,25.3,0.0,,199.2,4
TXN-CRT-001-001470,2026-07-09 20:06:27,2026-07-09,Thursday,20,False,Traditional,4,CASH-132,Card (International),34,7,True,166.01,85.3,142.6,31.2,28.1,34.2,0.0,,236.2,4
TXN-CRT-001-001471,2026-07-09 20:08:14,2026-07-09,Thursday,20,False,Traditional,4,CASH-135,Card (Local),3,0,False,9.23,72.4,12.1,0.0,34.4,20.6,0.0,,67.2,3
TXN-CRT-001-001472,2026-07-09 20:10:43,2026-07-09,Thursday,20,False,Traditional,4,CASH-132,Flous (Mobile),8,2,True,30.46,11.1,50.6,24.7,20.9,38.9,0.0,,135.1,4
TXN-CRT-001-001473,2026-07-09 20:16:11,2026-07-09,Thursday,20,False,Self-Service,9,,Card (Local),50,11,True,407.41,8.4,329.8,61.2,21.3,28.9,0.0,,441.2,3
TXN-CRT-001-001474,2026-07-09 20:30:51,2026-07-09,Thursday,20,False,Traditional,6,CASH-113,Check,14,3,True,69.0,81.0,95.1,42.1,45.3,34.6,0.0,,217.1,4
TXN-CRT-001-001475,2026-07-09 20:34:51,2026-07-09,Thursday,20,False,Traditional,4,CASH-118,Card (Local),23,8,True,221.2,10.5,139.7,41.6,25.6,39.2,0.0,,246.2,4
TXN-CRT-001-001476,2026-07-09 20:40:32,2026-07-09,Thursday,20,False,Traditional,5,CASH-133,Flous (Mobile),7,1,True,22.88,54.0,48.8,31.8,37.5,25.5,0.0,,143.6,4
TXN-CRT-001-001477,2026-07-09 20:43:02,2026-07-09,Thursday,20,False,Traditional,6,CASH-104,Cash,19,2,True,96.21,105.8,126.7,43.1,69.9,38.7,0.0,,278.4,4
TXN-CRT-001-001478,2026-07-09 20:45:59,2026-07-09,Thursday,20,False,Traditional,2,CASH-121,Cash,24,5,True,231.01,13.6,113.6,33.6,72.9,17.2,0.0,,237.2,4
TXN-CRT-001-001479,2026-07-09 20:50:29,2026-07-09,Thursday,20,False,Traditional,7,CASH-108,Card (Local),10,2,True,65.77,150.4,65.6,28.1,28.9,39.5,0.0,,162.0,3
TXN-CRT-001-001480,2026-07-09 20:56:52,2026-07-09,Thursday,20,False,Traditional,4,CASH-117,Cash,31,8,True,253.32,79.1,91.7,28.4,36.8,29.5,0.0,,186.4,3
TXN-CRT-001-001481,2026-07-09 21:12:15,2026-07-09,Thursday,21,False,Traditional,3,CASH-126,Card (Local),19,4,True,57.26,261.2,132.3,21.5,26.0,16.8,0.0,,196.7,3
TXN-CRT-001-001482,2026-07-09 21:25:48,2026-07-09,Thursday,21,False,Traditional,2,CASH-127,Cash,12,4,True,65.99,34.0,64.5,41.4,30.5,33.5,0.0,,169.9,4
TXN-CRT-001-001483,2026-07-09 21:44:41,2026-07-09,Thursday,21,False,Traditional,2,CASH-129,Card (Local),17,1,True,108.72,124.6,99.4,30.6,20.5,37.3,0.0,,187.9,3
TXN-CRT-001-001484,2026-07-09 21:45:28,2026-07-09,Thursday,21,False,Traditional,2,CASH-124,Cash,18,4,True,70.18,37.1,133.8,28.2,25.7,26.0,0.0,,213.7,4
TXN-CRT-001-001485,2026-07-09 21:48:06,2026-07-09,Thursday,21,False,Traditional,8,CASH-130,Cash,7,1,True,48.22,51.5,34.4,32.7,44.4,16.7,0.0,,128.2,4
TXN-CRT-001-001486,2026-07-09 21:55:00,2026-07-09,Thursday,21,False,Traditional,8,CASH-107,Cash,13,4,True,55.48,28.7,61.6,26.8,54.0,39.6,0.0,,182.0,4
TXN-CRT-001-001487,2026-07-09 21:59:09,2026-07-09,Thursday,21,False,Traditional,2,CASH-125,Check,11,6,True,83.87,49.7,77.2,19.2,42.5,39.3,0.0,,178.1,4
TXN-CRT-001-001488,2026-07-10 08:52:44,2026-07-10,Friday,8,True,Traditional,1,CASH-121,Cash,13,3,True,89.07,96.2,94.9,35.0,72.4,19.0,0.0,,221.3,3
TXN-CRT-001-001489,2026-07-10 09:09:07,2026-07-10,Friday,9,True,Traditional,4,CASH-119,Cash,26,12,True,213.63,153.9,190.3,38.3,30.9,24.1,0.0,,283.6,3
TXN-CRT-001-001490,2026-07-10 09:22:38,2026-07-10,Friday,9,True,Traditional,4,CASH-102,Card (Local),15,3,True,117.45,24.0,111.8,44.7,20.6,21.2,147.1,Payment terminal error,345.4,2
TXN-CRT-001-001491,2026-07-10 09:41:41,2026-07-10,Friday,9,True,Traditional,2,CASH-109,Card (Local),44,6,True,235.77,57.6,255.1,40.9,23.9,29.7,0.0,,349.6,4
TXN-CRT-001-001492,2026-07-10 09:41:57,2026-07-10,Friday,9,True,Traditional,4,CASH-113,Cash,10,1,True,52.1,31.9,32.1,24.1,42.0,24.7,117.1,Item return/exchange,240.0,3
TXN-CRT-001-001493,2026-07-10 09:45:05,2026-07-10,Friday,9,True,Traditional,8,CASH-107,Cash,13,3,True,63.35,59.9,88.0,41.3,41.7,27.3,0.0,,198.2,4
TXN-CRT-001-001494,2026-07-10 09:47:34,2026-07-10,Friday,9,True,Traditional,4,CASH-113,Cash,28,6,True,237.41,106.1,127.0,33.2,59.9,20.1,0.0,,240.2,4
TXN-CRT-001-001495,2026-07-10 09:48:22,2026-07-10,Friday,9,True,Traditional,3,CASH-119,Check,17,2,True,61.04,34.2,119.9,17.2,85.5,21.1,0.0,,243.7,4
TXN-CRT-001-001496,2026-07-10 10:05:21,2026-07-10,Friday,10,True,Traditional,7,CASH-112,Cash,17,4,True,62.04,70.0,71.3,20.7,54.4,23.1,0.0,,169.4,4
TXN-CRT-001-001497,2026-07-10 10:06:31,2026-07-10,Friday,10,True,Traditional,6,CASH-125,Cash,3,0,False,11.37,22.7,15.5,0.0,55.8,32.0,0.0,,103.4,4
TXN-CRT-001-001498,2026-07-10 10:07:17,2026-07-10,Friday,10,True,Traditional,4,CASH-113,Cash,13,1,True,44.67,112.1,61.3,36.6,47.1,39.1,0.0,,184.1,4
TXN-CRT-001-001499,2026-07-10 10:07:56,2026-07-10,Friday,10,True,Traditional,1,CASH-125,Cash,9,1,True,51.68,87.4,58.6,27.8,26.2,21.8,0.0,,134.4,3
TXN-CRT-001-001500,2026-07-10 10:10:17,2026-07-10,Friday,10,True,Self-Service,10,,Card (International),50,16,True,319.76,26.3,623.3,36.1,49.8,43.5,0.0,,752.8,4
TXN-CRT-001-001501,2026-07-10 10:18:00,2026-07-10,Friday,10,True,Traditional,1,CASH-123,Cash,10,2,True,44.69,25.8,29.0,41.0,49.4,22.7,0.0,,142.1,4
TXN-CRT-001-001502,2026-07-10 10:18:46,2026-07-10,Friday,10,True,Traditional,2,CASH-130,Cash,37,11,True,241.59,129.5,128.9,31.8,29.1,33.2,0.0,,223.1,3
TXN-CRT-001-001503,2026-07-10 10:31:14,2026-07-10,Friday,10,True,Traditional,2,CASH-107,Cash,22,6,True,159.16,183.3,154.4,22.2,70.5,26.5,0.0,,273.5,3
TXN-CRT-001-001504,2026-07-10 10:32:28,2026-07-10,Friday,10,True,Traditional,8,CASH-115,Cash,11,2,True,67.76,27.3,31.9,25.7,48.9,27.2,0.0,,133.7,4
TXN-CRT-001-001505,2026-07-10 10:35:10,2026-07-10,Friday,10,True,Traditional,6,CASH-123,Cash,17,3,True,132.26,96.6,43.0,24.8,73.6,35.8,0.0,,177.2,4
TXN-CRT-001-001506,2026-07-10 10:36:59,2026-07-10,Friday,10,True,Traditional,7,CASH-130,Card (International),32,7,True,201.39,38.3,99.5,19.5,44.0,33.1,0.0,,196.1,4
TXN-CRT-001-001507,2026-07-10 10:43:47,2026-07-10,Friday,10,True,Traditional,2,CASH-102,Card (International),37,10,True,210.58,129.7,143.2,29.7,34.0,20.8,46.3,Item return/exchange,274.1,2
TXN-CRT-001-001508,2026-07-10 11:00:16,2026-07-10,Friday,11,True,Traditional,8,CASH-103,Flous (Mobile),6,1,True,40.88,40.0,33.1,30.0,23.5,20.2,0.0,,106.8,4
TXN-CRT-001-001509,2026-07-10 11:01:25,2026-07-10,Friday,11,True,Traditional,7,CASH-107,Flous (Mobile),11,2,True,71.98,82.6,59.0,17.5,23.2,20.1,0.0,,119.8,4
TXN-CRT-001-001510,2026-07-10 11:10:47,2026-07-10,Friday,11,True,Traditional,1,CASH-128,Card (Local),11,1,True,59.59,56.3,75.3,40.0,26.9,36.0,0.0,,178.3,4
TXN-CRT-001-001511,2026-07-10 11:12:15,2026-07-10,Friday,11,True,Traditional,1,CASH-119,Cash,2,1,True,14.12,5.7,6.2,31.9,26.2,26.5,0.0,,90.8,4
TXN-CRT-001-001512,2026-07-10 11:17:36,2026-07-10,Friday,11,True,Traditional,3,CASH-123,Card (International),19,4,True,104.09,24.2,67.6,44.1,41.5,15.2,0.0,,168.4,4
TXN-CRT-001-001513,2026-07-10 11:21:55,2026-07-10,Friday,11,True,Express (<10 items),12,CASH-137,Flous (Mobile),34,9,True,306.13,81.5,216.0,38.4,28.4,38.1,0.0,,320.9,3
TXN-CRT-001-001514,2026-07-10 11:33:31,2026-07-10,Friday,11,True,Traditional,1,CASH-110,Card (International),12,3,True,58.86,74.7,51.8,39.8,31.6,33.4,0.0,,156.6,3
TXN-CRT-001-001515,2026-07-10 11:34:11,2026-07-10,Friday,11,True,Traditional,1,CASH-111,Cash,25,9,True,199.74,61.9,149.5,26.7,39.8,25.4,0.0,,241.5,3
TXN-CRT-001-001516,2026-07-10 11:38:32,2026-07-10,Friday,11,True,Traditional,2,CASH-118,Cash,20,5,True,136.74,157.5,73.1,17.5,29.9,32.1,0.0,,152.7,3
TXN-CRT-001-001517,2026-07-10 11:43:29,2026-07-10,Friday,11,True,Traditional,6,CASH-104,Flous (Mobile),12,3,True,31.19,92.1,52.2,34.6,29.8,34.7,0.0,,151.3,4
TXN-CRT-001-001518,2026-07-10 11:43:34,2026-07-10,Friday,11,True,Self-Service,10,,Card (Local),6,3,True,31.76,84.2,53.8,80.4,30.2,31.5,0.0,,196.0,3
TXN-CRT-001-001519,2026-07-10 11:50:12,2026-07-10,Friday,11,True,Traditional,2,CASH-112,Check,23,7,True,135.35,5.6,112.8,26.8,68.1,18.1,0.0,,225.8,4
TXN-CRT-001-001520,2026-07-10 11:52:02,2026-07-10,Friday,11,True,Self-Service,11,,Cash,34,5,True,224.4,95.3,337.7,58.5,40.5,46.4,0.0,,483.2,3
TXN-CRT-001-001521,2026-07-10 11:53:15,2026-07-10,Friday,11,True,Traditional,3,CASH-115,Cash,22,4,True,124.92,11.8,62.8,25.9,39.4,30.6,0.0,,158.6,4
TXN-CRT-001-001522,2026-07-10 11:56:16,2026-07-10,Friday,11,True,Express (<10 items),12,CASH-144,Cash,1,1,True,6.79,29.9,5.0,30.0,74.8,26.7,0.0,,136.6,4
TXN-CRT-001-001523,2026-07-10 11:57:52,2026-07-10,Friday,11,True,Traditional,4,CASH-129,Card (International),8,3,True,58.5,11.9,31.0,20.0,35.8,32.2,0.0,,119.0,4
TXN-CRT-001-001524,2026-07-10 11:59:56,2026-07-10,Friday,11,True,Traditional,7,CASH-135,Cash,3,1,True,19.66,71.3,17.9,27.4,55.4,29.9,0.0,,130.5,4
TXN-CRT-001-001525,2026-07-10 12:02:44,2026-07-10,Friday,12,True,Traditional,6,CASH-113,Cash,18,5,True,52.94,109.1,115.5,22.0,51.3,34.6,0.0,,223.4,4
TXN-CRT-001-001526,2026-07-10 12:03:25,2026-07-10,Friday,12,True,Traditional,8,CASH-103,Check,26,7,True,178.87,46.7,73.0,39.0,47.0,25.4,0.0,,184.4,4
TXN-CRT-001-001527,2026-07-10 12:05:01,2026-07-10,Friday,12,True,Traditional,8,CASH-113,Cash,5,1,True,16.87,47.9,17.6,16.1,33.1,36.7,0.0,,103.5,4
TXN-CRT-001-001528,2026-07-10 12:07:03,2026-07-10,Friday,12,True,Traditional,5,CASH-135,Flous (Mobile),32,9,True,153.33,22.2,88.9,17.7,33.9,40.0,0.0,,180.5,4
TXN-CRT-001-001529,2026-07-10 12:07:46,2026-07-10,Friday,12,True,Traditional,5,CASH-108,Cash,17,2,True,113.09,107.9,62.8,39.6,69.8,17.7,0.0,,190.0,4
TXN-CRT-001-001530,2026-07-10 12:09:17,2026-07-10,Friday,12,True,Traditional,2,CASH-119,Flous (Mobile),22,9,True,160.69,13.1,150.6,22.9,20.4,23.8,0.0,,217.7,4
TXN-CRT-001-001531,2026-07-10 12:11:15,2026-07-10,Friday,12,True,Traditional,7,CASH-130,Card (Local),47,14,True,399.25,56.3,193.5,30.7,23.4,18.3,0.0,,266.0,4
TXN-CRT-001-001532,2026-07-10 12:11:19,2026-07-10,Friday,12,True,Traditional,1,CASH-126,Flous (Mobile),4,1,True,18.93,46.2,13.1,26.8,26.9,21.9,0.0,,88.6,4
TXN-CRT-001-001533,2026-07-10 12:12:09,2026-07-10,Friday,12,True,Traditional,4,CASH-104,Flous (Mobile),39,8,True,339.19,66.3,186.7,22.6,29.1,38.8,0.0,,277.2,3
TXN-CRT-001-001534,2026-07-10 12:16:21,2026-07-10,Friday,12,True,Traditional,7,CASH-118,Cash,6,0,False,29.76,88.9,17.2,0.0,47.7,29.3,0.0,,94.1,3
TXN-CRT-001-001535,2026-07-10 12:16:52,2026-07-10,Friday,12,True,Traditional,6,CASH-101,Cash,12,3,True,66.46,44.2,69.0,28.7,71.3,31.4,0.0,,200.4,4
TXN-CRT-001-001536,2026-07-10 12:19:36,2026-07-10,Friday,12,True,Traditional,6,CASH-126,Cash,33,9,True,182.38,95.8,242.4,43.7,70.7,25.8,0.0,,382.5,3
TXN-CRT-001-001537,2026-07-10 12:20:59,2026-07-10,Friday,12,True,Traditional,3,CASH-112,Card (Local),40,11,True,352.55,48.6,231.4,21.1,32.3,32.8,0.0,,317.6,3
TXN-CRT-001-001538,2026-07-10 12:27:21,2026-07-10,Friday,12,True,Traditional,1,CASH-128,Flous (Mobile),16,3,True,47.98,64.6,96.8,37.3,28.7,21.3,0.0,,184.2,4
TXN-CRT-001-001539,2026-07-10 12:27:50,2026-07-10,Friday,12,True,Traditional,2,CASH-110,Cash,19,5,True,146.33,18.8,98.2,19.2,72.2,24.7,48.4,Promo code issue,262.7,3
TXN-CRT-001-001540,2026-07-10 12:32:35,2026-07-10,Friday,12,True,Traditional,5,CASH-111,Card (Local),23,8,True,192.55,35.7,143.7,44.8,31.2,37.9,0.0,,257.6,4
TXN-CRT-001-001541,2026-07-10 12:44:05,2026-07-10,Friday,12,True,Traditional,2,CASH-110,Cash,31,3,True,161.38,10.5,118.4,27.7,55.1,30.8,0.0,,232.1,4
TXN-CRT-001-001542,2026-07-10 12:44:44,2026-07-10,Friday,12,True,Traditional,2,CASH-123,Card (International),5,1,True,28.27,52.5,36.2,32.8,34.8,37.1,0.0,,140.9,4
TXN-CRT-001-001543,2026-07-10 12:56:43,2026-07-10,Friday,12,True,Traditional,5,CASH-123,Check,29,9,True,234.53,85.4,113.7,27.9,83.0,35.9,0.0,,260.5,3
TXN-CRT-001-001544,2026-07-10 12:58:28,2026-07-10,Friday,12,True,Traditional,2,CASH-113,Cash,15,4,True,87.45,42.5,81.7,20.7,49.1,33.2,0.0,,184.7,4
TXN-CRT-001-001545,2026-07-10 12:58:46,2026-07-10,Friday,12,True,Express (<10 items),13,CASH-143,Cash,14,4,True,85.44,46.4,86.1,41.3,31.6,39.7,0.0,,198.7,4
TXN-CRT-001-001546,2026-07-10 13:00:33,2026-07-10,Friday,13,True,Traditional,4,CASH-128,Cash,13,3,True,60.7,67.1,64.6,17.3,63.0,32.0,0.0,,176.9,4
TXN-CRT-001-001547,2026-07-10 13:05:03,2026-07-10,Friday,13,True,Traditional,4,CASH-111,Card (Local),16,8,True,113.17,72.5,65.0,36.6,29.5,18.2,111.0,Item return/exchange,260.3,2
TXN-CRT-001-001548,2026-07-10 13:07:51,2026-07-10,Friday,13,True,Traditional,7,CASH-108,Cash,44,7,True,245.36,10.0,209.9,18.0,31.4,34.4,0.0,,293.8,4
TXN-CRT-001-001549,2026-07-10 13:19:21,2026-07-10,Friday,13,True,Traditional,8,CASH-101,Cash,17,4,True,79.76,30.5,96.6,32.2,56.7,37.5,0.0,,223.0,4
TXN-CRT-001-001550,2026-07-10 13:23:51,2026-07-10,Friday,13,True,Traditional,6,CASH-124,Cash,45,7,True,247.28,11.8,198.6,39.8,65.8,33.1,0.0,,337.2,4
TXN-CRT-001-001551,2026-07-10 13:26:52,2026-07-10,Friday,13,True,Express (<10 items),12,CASH-139,Cash,7,1,True,30.69,36.5,19.4,26.7,46.3,20.4,0.0,,112.8,4
TXN-CRT-001-001552,2026-07-10 13:31:26,2026-07-10,Friday,13,True,Traditional,3,CASH-112,Card (Local),24,5,True,248.54,138.7,132.2,44.6,24.0,28.0,0.0,,228.8,3
TXN-CRT-001-001553,2026-07-10 13:31:58,2026-07-10,Friday,13,True,Traditional,7,CASH-129,Card (Local),29,5,True,161.78,86.2,178.6,26.5,23.5,31.8,0.0,,260.4,4
TXN-CRT-001-001554,2026-07-10 13:33:26,2026-07-10,Friday,13,True,Self-Service,9,,Cash,22,9,True,133.23,49.7,131.6,52.1,72.2,37.9,0.0,,293.8,4
TXN-CRT-001-001555,2026-07-10 13:36:32,2026-07-10,Friday,13,True,Traditional,3,CASH-109,Card (International),19,8,True,115.11,164.9,74.5,35.2,47.3,16.5,0.0,,173.5,3
TXN-CRT-001-001556,2026-07-10 13:38:30,2026-07-10,Friday,13,True,Traditional,3,CASH-129,Card (Local),18,4,True,46.86,62.6,92.6,20.7,34.1,16.2,0.0,,163.7,3
TXN-CRT-001-001557,2026-07-10 13:40:41,2026-07-10,Friday,13,True,Traditional,4,CASH-109,Cash,34,9,True,152.8,224.8,87.5,43.6,55.0,33.4,0.0,,219.6,3
TXN-CRT-001-001558,2026-07-10 13:45:27,2026-07-10,Friday,13,True,Traditional,3,CASH-103,Cash,30,8,True,221.72,55.4,102.6,16.6,54.2,38.5,0.0,,212.0,4
TXN-CRT-001-001559,2026-07-10 13:48:36,2026-07-10,Friday,13,True,Traditional,2,CASH-128,Card (International),5,2,True,18.54,30.3,32.3,15.7,31.6,15.1,0.0,,94.7,4
TXN-CRT-001-001560,2026-07-10 13:49:05,2026-07-10,Friday,13,True,Self-Service,9,,Check,33,9,True,181.84,17.5,163.9,54.7,44.8,36.7,0.0,,300.1,3
TXN-CRT-001-001561,2026-07-10 13:49:21,2026-07-10,Friday,13,True,Traditional,8,CASH-126,Cash,13,0,False,76.77,79.9,53.9,0.0,59.5,38.5,0.0,,151.8,3
TXN-CRT-001-001562,2026-07-10 13:52:30,2026-07-10,Friday,13,True,Traditional,5,CASH-130,Cash,9,3,True,29.16,36.2,61.6,29.2,57.2,27.2,0.0,,175.3,4
TXN-CRT-001-001563,2026-07-10 13:53:00,2026-07-10,Friday,13,True,Traditional,6,CASH-124,Cash,35,10,True,192.66,55.3,132.5,26.9,46.9,26.1,0.0,,232.4,4
TXN-CRT-001-001564,2026-07-10 13:55:54,2026-07-10,Friday,13,True,Traditional,6,CASH-118,Card (Local),14,3,True,41.69,71.1,50.8,24.6,27.5,17.7,0.0,,120.5,4
TXN-CRT-001-001565,2026-07-10 13:57:24,2026-07-10,Friday,13,True,Traditional,7,CASH-101,Cash,29,10,True,209.85,24.1,86.6,42.3,45.3,17.6,0.0,,191.8,4
TXN-CRT-001-001566,2026-07-10 14:01:03,2026-07-10,Friday,14,True,Traditional,2,CASH-124,Cash,9,4,True,22.79,61.8,33.6,21.5,63.6,33.6,0.0,,152.4,4
TXN-CRT-001-001567,2026-07-10 14:10:39,2026-07-10,Friday,14,True,Traditional,2,CASH-132,Card (Local),1,0,False,2.76,43.0,3.8,0.0,25.9,16.3,0.0,,46.0,4
TXN-CRT-001-001568,2026-07-10 14:14:36,2026-07-10,Friday,14,True,Traditional,5,CASH-114,Card (Local),15,4,True,117.12,12.6,42.7,16.8,28.9,20.2,0.0,,108.5,4
TXN-CRT-001-001569,2026-07-10 14:21:24,2026-07-10,Friday,14,True,Traditional,1,CASH-102,Cash,4,4,True,30.5,73.8,27.1,34.1,53.5,25.9,0.0,,140.6,4
TXN-CRT-001-001570,2026-07-10 14:39:22,2026-07-10,Friday,14,True,Traditional,5,CASH-116,Cash,25,5,True,131.39,80.8,169.3,31.2,55.7,37.1,0.0,,293.3,4
TXN-CRT-001-001571,2026-07-10 14:44:31,2026-07-10,Friday,14,True,Traditional,3,CASH-130,Card (Local),9,2,True,24.34,121.5,62.6,39.4,26.0,20.4,0.0,,148.4,3
TXN-CRT-001-001572,2026-07-10 14:46:50,2026-07-10,Friday,14,True,Traditional,7,CASH-121,Cash,14,2,True,65.8,18.0,74.5,39.9,55.2,30.1,97.5,Price check required,297.2,3
TXN-CRT-001-001573,2026-07-10 14:59:52,2026-07-10,Friday,14,True,Traditional,1,CASH-116,Cash,4,2,True,18.81,186.0,23.8,18.3,74.3,23.7,0.0,,140.0,3
TXN-CRT-001-001574,2026-07-10 15:06:11,2026-07-10,Friday,15,True,Self-Service,10,,Flous (Mobile),10,3,True,75.79,26.3,96.8,56.1,39.0,44.1,0.0,,235.9,4
TXN-CRT-001-001575,2026-07-10 15:16:13,2026-07-10,Friday,15,True,Traditional,1,CASH-131,Cash,27,4,True,248.49,6.5,167.3,27.6,58.7,39.6,168.9,Payment terminal error,462.1,3
TXN-CRT-001-001576,2026-07-10 15:20:49,2026-07-10,Friday,15,True,Traditional,6,CASH-117,Card (Local),6,4,True,16.81,51.3,40.7,36.6,23.5,17.2,71.4,Barcode not scanning,189.5,3
TXN-CRT-001-001577,2026-07-10 15:34:42,2026-07-10,Friday,15,True,Traditional,4,CASH-124,Flous (Mobile),20,6,True,157.32,66.3,69.0,22.5,24.3,21.7,0.0,,137.5,4
TXN-CRT-001-001578,2026-07-10 15:48:27,2026-07-10,Friday,15,True,Traditional,8,CASH-104,Cash,41,13,True,342.21,44.5,271.4,37.5,53.2,34.9,0.0,,396.9,4
TXN-CRT-001-001579,2026-07-10 15:48:40,2026-07-10,Friday,15,True,Traditional,7,CASH-133,Cash,22,2,True,132.97,17.8,82.8,19.7,63.0,38.1,38.5,Item return/exchange,242.1,3
TXN-CRT-001-001580,2026-07-10 15:50:09,2026-07-10,Friday,15,True,Traditional,7,CASH-134,Card (Local),29,7,True,242.95,33.9,94.3,42.6,34.3,24.9,0.0,,196.1,4
TXN-CRT-001-001581,2026-07-10 15:56:53,2026-07-10,Friday,15,True,Traditional,7,CASH-114,Flous (Mobile),5,2,True,28.24,63.5,20.5,28.9,20.9,30.7,0.0,,101.0,3
TXN-CRT-001-001582,2026-07-10 16:00:29,2026-07-10,Friday,16,True,Traditional,1,CASH-101,Check,9,2,True,33.8,204.2,63.9,42.7,56.0,27.1,167.4,Supervisor approval needed,357.0,2
TXN-CRT-001-001583,2026-07-10 16:02:52,2026-07-10,Friday,16,True,Traditional,2,CASH-126,Card (Local),38,11,True,167.54,18.6,197.7,26.2,18.7,16.1,39.0,Payment terminal error,297.6,3
TXN-CRT-001-001584,2026-07-10 16:03:39,2026-07-10,Friday,16,True,Traditional,2,CASH-109,Cash,24,8,True,141.47,30.1,85.4,44.3,42.1,33.3,0.0,,205.0,4
TXN-CRT-001-001585,2026-07-10 16:07:41,2026-07-10,Friday,16,True,Express (<10 items),12,CASH-145,Card (Local),20,4,True,122.49,14.3,157.3,41.5,22.8,24.2,0.0,,245.9,4
TXN-CRT-001-001586,2026-07-10 16:19:47,2026-07-10,Friday,16,True,Traditional,7,CASH-117,Cash,21,7,True,211.93,36.4,102.8,31.6,40.5,26.6,73.4,Payment terminal error,274.8,3
TXN-CRT-001-001587,2026-07-10 16:20:34,2026-07-10,Friday,16,True,Traditional,1,CASH-134,Cash,13,2,True,47.2,46.9,74.0,21.6,60.6,35.5,0.0,,191.6,4
TXN-CRT-001-001588,2026-07-10 16:20:53,2026-07-10,Friday,16,True,Traditional,1,CASH-108,Cash,2,0,False,14.54,100.2,12.9,0.0,63.0,25.3,0.0,,101.3,3
TXN-CRT-001-001589,2026-07-10 16:49:40,2026-07-10,Friday,16,True,Traditional,4,CASH-129,Cash,28,3,True,145.15,64.4,109.9,39.7,28.3,22.4,0.0,,200.2,4
TXN-CRT-001-001590,2026-07-10 16:57:21,2026-07-10,Friday,16,True,Traditional,1,CASH-104,Card (International),22,5,True,132.72,134.4,77.1,18.6,32.8,20.1,0.0,,148.6,3
TXN-CRT-001-001591,2026-07-10 17:03:44,2026-07-10,Friday,17,True,Traditional,4,CASH-118,Cash,15,3,True,88.42,48.6,94.2,39.5,50.7,17.7,0.0,,202.2,4
TXN-CRT-001-001592,2026-07-10 17:10:04,2026-07-10,Friday,17,True,Express (<10 items),13,CASH-145,Cash,39,12,True,183.82,1.2,267.4,35.2,42.9,35.4,0.0,,381.0,3
TXN-CRT-001-001593,2026-07-10 17:13:20,2026-07-10,Friday,17,True,Traditional,7,CASH-127,Cash,11,3,True,53.83,66.6,59.4,24.8,45.6,16.0,0.0,,145.8,4
TXN-CRT-001-001594,2026-07-10 17:16:43,2026-07-10,Friday,17,True,Traditional,7,CASH-132,Flous (Mobile),10,2,True,32.55,9.1,71.1,42.6,24.6,20.5,0.0,,158.7,4
TXN-CRT-001-001595,2026-07-10 17:18:22,2026-07-10,Friday,17,True,Traditional,2,CASH-110,Card (International),36,10,True,155.56,98.1,117.6,32.1,34.9,21.8,0.0,,206.4,3
TXN-CRT-001-001596,2026-07-10 17:21:34,2026-07-10,Friday,17,True,Traditional,1,CASH-120,Cash,28,3,True,197.74,48.6,89.6,15.3,33.0,39.3,0.0,,177.1,4
TXN-CRT-001-001597,2026-07-10 17:27:44,2026-07-10,Friday,17,True,Traditional,7,CASH-109,Cash,16,2,True,65.32,29.0,47.4,23.0,42.7,37.9,0.0,,151.0,4
TXN-CRT-001-001598,2026-07-10 17:32:40,2026-07-10,Friday,17,True,Traditional,3,CASH-129,Cash,6,2,True,45.21,16.4,40.2,20.9,57.1,20.7,0.0,,138.9,4
TXN-CRT-001-001599,2026-07-10 17:40:12,2026-07-10,Friday,17,True,Traditional,8,CASH-106,Flous (Mobile),8,2,True,28.65,32.7,21.8,17.1,22.9,25.7,0.0,,87.5,4
TXN-CRT-001-001600,2026-07-10 17:51:41,2026-07-10,Friday,17,True,Self-Service,9,,Card (Local),21,7,True,121.33,46.9,137.2,22.2,31.4,24.7,0.0,,215.5,4
TXN-CRT-001-001601,2026-07-10 17:57:12,2026-07-10,Friday,17,True,Traditional,6,CASH-105,Card (Local),12,3,True,89.05,168.8,38.6,15.5,31.2,24.0,0.0,,109.3,3
TXN-CRT-001-001602,2026-07-10 18:09:53,2026-07-10,Friday,18,True,Traditional,4,CASH-128,Card (Local),32,9,True,220.71,43.8,129.8,44.4,21.2,18.8,0.0,,214.2,4
TXN-CRT-001-001603,2026-07-10 18:11:35,2026-07-10,Friday,18,True,Traditional,2,CASH-114,Cash,45,13,True,291.62,59.0,195.6,17.6,74.5,31.7,0.0,,319.3,4
TXN-CRT-001-001604,2026-07-10 18:14:14,2026-07-10,Friday,18,True,Traditional,3,CASH-129,Card (International),29,12,True,149.07,45.8,154.8,41.9,38.9,15.6,0.0,,251.3,4
TXN-CRT-001-001605,2026-07-10 18:20:25,2026-07-10,Friday,18,True,Traditional,4,CASH-134,Card (Local),12,2,True,43.76,59.1,70.6,35.0,31.8,20.0,111.9,Promo code issue,269.2,3
TXN-CRT-001-001606,2026-07-10 18:21:51,2026-07-10,Friday,18,True,Traditional,5,CASH-102,Cash,28,7,True,146.19,56.5,200.7,34.8,57.8,33.8,0.0,,327.1,4
TXN-CRT-001-001607,2026-07-10 18:25:16,2026-07-10,Friday,18,True,Traditional,6,CASH-103,Cash,11,3,True,65.23,49.3,65.3,15.7,72.5,26.0,0.0,,179.5,4
TXN-CRT-001-001608,2026-07-10 18:29:31,2026-07-10,Friday,18,True,Traditional,6,CASH-118,Card (Local),7,5,True,19.23,28.1,28.1,27.9,24.7,30.2,0.0,,110.9,4
TXN-CRT-001-001609,2026-07-10 18:30:22,2026-07-10,Friday,18,True,Traditional,1,CASH-129,Flous (Mobile),2,0,False,8.05,82.0,7.2,0.0,38.6,35.5,0.0,,81.3,4
TXN-CRT-001-001610,2026-07-10 18:31:12,2026-07-10,Friday,18,True,Traditional,7,CASH-110,Cash,12,3,True,58.29,18.6,63.9,24.3,50.9,27.6,0.0,,166.7,4
TXN-CRT-001-001611,2026-07-10 18:38:52,2026-07-10,Friday,18,True,Self-Service,11,,Flous (Mobile),39,9,True,152.07,71.6,471.2,23.7,31.6,30.0,0.0,,556.5,3
TXN-CRT-001-001612,2026-07-10 18:40:31,2026-07-10,Friday,18,True,Traditional,3,CASH-101,Card (International),8,2,True,34.97,83.1,26.6,29.3,29.6,24.5,0.0,,110.0,3
TXN-CRT-001-001613,2026-07-10 18:43:07,2026-07-10,Friday,18,True,Traditional,7,CASH-111,Cash,8,1,True,42.51,7.0,25.9,39.2,63.9,23.2,0.0,,152.2,4
TXN-CRT-001-001614,2026-07-10 18:44:45,2026-07-10,Friday,18,True,Traditional,2,CASH-134,Cash,47,7,True,311.48,17.0,154.8,22.4,72.3,32.9,0.0,,282.4,4
TXN-CRT-001-001615,2026-07-10 18:44:55,2026-07-10,Friday,18,True,Traditional,8,CASH-135,Cash,1,0,False,7.1,8.3,7.1,0.0,66.0,30.1,0.0,,103.3,4
TXN-CRT-001-001616,2026-07-10 18:48:06,2026-07-10,Friday,18,True,Traditional,8,CASH-111,Card (Local),28,6,True,203.07,117.9,204.5,36.8,22.6,19.4,0.0,,283.4,3
TXN-CRT-001-001617,2026-07-10 18:49:36,2026-07-10,Friday,18,True,Express (<10 items),13,CASH-139,Cash,10,1,True,35.38,31.7,51.7,22.5,68.9,25.8,0.0,,168.9,4
TXN-CRT-001-001618,2026-07-10 18:50:05,2026-07-10,Friday,18,True,Traditional,3,CASH-129,Cash,2,0,False,8.3,113.6,5.5,0.0,30.0,38.9,0.0,,74.4,3
TXN-CRT-001-001619,2026-07-10 18:53:28,2026-07-10,Friday,18,True,Traditional,4,CASH-132,Cash,41,6,True,216.64,37.6,254.9,17.6,27.4,24.5,0.0,,324.4,4
TXN-CRT-001-001620,2026-07-10 18:54:05,2026-07-10,Friday,18,True,Traditional,5,CASH-101,Card (Local),6,3,True,24.47,20.1,20.1,39.4,24.6,33.5,0.0,,117.5,4
TXN-CRT-001-001621,2026-07-10 18:57:06,2026-07-10,Friday,18,True,Traditional,5,CASH-129,Cash,17,5,True,62.99,26.9,86.9,29.1,74.0,39.2,0.0,,229.1,4
TXN-CRT-001-001622,2026-07-10 18:57:33,2026-07-10,Friday,18,True,Traditional,1,CASH-131,Cash,9,3,True,37.73,55.7,33.8,41.8,37.7,15.5,0.0,,128.8,4
TXN-CRT-001-001623,2026-07-10 18:58:43,2026-07-10,Friday,18,True,Traditional,2,CASH-103,Cash,3,1,True,20.23,82.5,21.5,37.8,58.8,30.6,0.0,,148.7,4
TXN-CRT-001-001624,2026-07-10 19:04:03,2026-07-10,Friday,19,True,Express (<10 items),12,CASH-137,Card (Local),2,1,True,5.86,30.3,14.4,24.7,31.6,20.7,0.0,,91.4,4
TXN-CRT-001-001625,2026-07-10 19:04:52,2026-07-10,Friday,19,True,Traditional,5,CASH-121,Card (International),5,1,True,26.15,95.7,13.7,31.8,38.5,32.4,0.0,,116.4,4
TXN-CRT-001-001626,2026-07-10 19:09:08,2026-07-10,Friday,19,True,Traditional,1,CASH-111,Cash,3,1,True,11.11,43.0,9.0,22.4,26.4,24.9,0.0,,82.7,4
TXN-CRT-001-001627,2026-07-10 19:14:54,2026-07-10,Friday,19,True,Traditional,8,CASH-120,Card (International),26,6,True,181.24,47.0,99.8,27.6,26.7,18.4,0.0,,172.5,4
TXN-CRT-001-001628,2026-07-10 19:16:06,2026-07-10,Friday,19,True,Traditional,4,CASH-112,Card (Local),15,5,True,103.18,25.4,106.4,29.8,26.4,39.2,0.0,,201.8,4
TXN-CRT-001-001629,2026-07-10 19:16:12,2026-07-10,Friday,19,True,Traditional,6,CASH-118,Card (Local),11,3,True,57.81,23.0,80.8,31.5,18.0,34.4,0.0,,164.8,4
TXN-CRT-001-001630,2026-07-10 19:16:40,2026-07-10,Friday,19,True,Traditional,5,CASH-119,Card (Local),13,2,True,60.29,86.5,42.9,39.0,19.3,20.4,0.0,,121.6,4
TXN-CRT-001-001631,2026-07-10 19:20:33,2026-07-10,Friday,19,True,Traditional,4,CASH-116,Cash,42,8,True,218.24,18.7,182.1,15.9,56.4,21.0,0.0,,275.4,4
TXN-CRT-001-001632,2026-07-10 19:20:34,2026-07-10,Friday,19,True,Traditional,8,CASH-106,Cash,40,11,True,349.37,37.5,130.4,17.2,34.7,35.3,0.0,,217.7,4
TXN-CRT-001-001633,2026-07-10 19:26:20,2026-07-10,Friday,19,True,Traditional,3,CASH-103,Card (Local),24,6,True,241.75,89.5,151.2,21.5,19.1,34.2,0.0,,226.0,4
TXN-CRT-001-001634,2026-07-10 19:27:32,2026-07-10,Friday,19,True,Traditional,7,CASH-109,Card (Local),37,6,True,201.26,10.2,125.3,20.0,18.8,21.1,0.0,,185.2,4
TXN-CRT-001-001635,2026-07-10 19:34:23,2026-07-10,Friday,19,True,Self-Service,9,,Card (Local),10,2,True,71.31,120.0,119.6,22.1,28.6,38.1,0.0,,208.4,3
TXN-CRT-001-001636,2026-07-10 19:34:47,2026-07-10,Friday,19,True,Traditional,4,CASH-114,Cash,12,3,True,39.03,20.4,86.9,17.9,63.7,27.1,0.0,,195.7,4
TXN-CRT-001-001637,2026-07-10 19:35:55,2026-07-10,Friday,19,True,Traditional,4,CASH-110,Flous (Mobile),19,7,True,105.96,120.3,133.4,35.9,20.3,32.5,0.0,,222.1,3
TXN-CRT-001-001638,2026-07-10 19:37:32,2026-07-10,Friday,19,True,Traditional,6,CASH-107,Card (Local),20,2,True,54.56,18.7,115.6,34.2,30.8,17.0,0.0,,197.5,4
TXN-CRT-001-001639,2026-07-10 19:40:38,2026-07-10,Friday,19,True,Express (<10 items),12,CASH-136,Cash,15,3,True,94.28,86.3,108.1,41.5,66.0,19.4,0.0,,235.0,4
TXN-CRT-001-001640,2026-07-10 19:41:24,2026-07-10,Friday,19,True,Self-Service,9,,Cash,13,5,True,44.87,30.9,81.1,82.7,50.5,43.3,0.0,,257.7,4
TXN-CRT-001-001641,2026-07-10 19:44:38,2026-07-10,Friday,19,True,Traditional,2,CASH-114,Card (International),49,13,True,325.52,173.2,346.2,24.4,43.0,22.6,0.0,,436.2,3
TXN-CRT-001-001642,2026-07-10 19:50:25,2026-07-10,Friday,19,True,Traditional,6,CASH-126,Card (International),30,6,True,178.1,40.8,92.0,44.3,26.5,32.9,0.0,,195.7,4
TXN-CRT-001-001643,2026-07-10 19:53:42,2026-07-10,Friday,19,True,Traditional,8,CASH-131,Cash,14,5,True,110.4,16.4,35.8,29.5,51.7,19.7,68.2,Price check required,204.7,3
TXN-CRT-001-001644,2026-07-10 19:56:14,2026-07-10,Friday,19,True,Traditional,1,CASH-117,Flous (Mobile),24,6,True,100.76,71.6,134.8,34.7,34.7,28.0,0.0,,232.1,4
TXN-CRT-001-001645,2026-07-10 19:56:18,2026-07-10,Friday,19,True,Traditional,1,CASH-103,Cash,9,2,True,47.29,33.9,47.0,36.8,39.2,32.8,0.0,,155.8,4
TXN-CRT-001-001646,2026-07-10 19:56:22,2026-07-10,Friday,19,True,Traditional,6,CASH-103,Cash,4,3,True,17.42,76.9,13.6,21.1,30.7,31.7,86.2,Promo code issue,183.2,3
TXN-CRT-001-001647,2026-07-10 19:58:23,2026-07-10,Friday,19,True,Traditional,2,CASH-112,Flous (Mobile),11,5,True,81.08,119.1,75.4,21.4,25.3,16.9,0.0,,139.0,3
TXN-CRT-001-001648,2026-07-10 20:02:28,2026-07-10,Friday,20,True,Traditional,5,CASH-122,Flous (Mobile),13,3,True,66.94,88.0,76.9,37.6,23.7,26.3,0.0,,164.5,4
TXN-CRT-001-001649,2026-07-10 20:06:56,2026-07-10,Friday,20,True,Traditional,5,CASH-117,Card (Local),1,0,False,7.69,9.5,3.2,0.0,32.8,37.1,0.0,,73.1,4
TXN-CRT-001-001650,2026-07-10 20:27:25,2026-07-10,Friday,20,True,Traditional,3,CASH-110,Flous (Mobile),30,6,True,147.22,18.3,91.8,28.1,31.3,33.1,0.0,,184.3,4
TXN-CRT-001-001651,2026-07-10 20:29:46,2026-07-10,Friday,20,True,Traditional,1,CASH-132,Cash,11,0,False,44.35,60.3,80.0,0.0,62.3,19.2,0.0,,161.4,3
TXN-CRT-001-001652,2026-07-10 20:30:34,2026-07-10,Friday,20,True,Traditional,8,CASH-102,Flous (Mobile),18,1,True,76.81,65.0,106.2,18.0,35.1,25.0,0.0,,184.4,4
TXN-CRT-001-001653,2026-07-10 20:44:41,2026-07-10,Friday,20,True,Traditional,5,CASH-133,Cash,3,0,False,17.23,14.8,9.2,0.0,46.7,38.1,0.0,,93.9,4
TXN-CRT-001-001654,2026-07-10 20:45:45,2026-07-10,Friday,20,True,Traditional,3,CASH-114,Cash,7,4,True,18.12,20.0,43.5,27.3,31.8,29.9,0.0,,132.5,4
TXN-CRT-001-001655,2026-07-10 20:49:55,2026-07-10,Friday,20,True,Traditional,7,CASH-107,Cash,38,13,True,316.69,125.2,113.2,20.7,44.8,21.4,0.0,,200.1,3
TXN-CRT-001-001656,2026-07-10 20:51:01,2026-07-10,Friday,20,True,Express (<10 items),13,CASH-144,Cash,19,5,True,70.53,27.9,92.6,20.1,27.0,29.3,0.0,,169.1,4
TXN-CRT-001-001657,2026-07-10 21:00:07,2026-07-10,Friday,21,True,Traditional,7,CASH-108,Cash,45,12,True,280.28,82.1,266.8,42.9,41.9,31.0,171.8,Price check required,554.5,2
TXN-CRT-001-001658,2026-07-10 21:00:13,2026-07-10,Friday,21,True,Traditional,5,CASH-135,Cash,50,5,True,280.8,107.6,215.3,20.9,55.4,22.0,129.7,Price check required,443.3,3
TXN-CRT-001-001659,2026-07-10 21:04:38,2026-07-10,Friday,21,True,Traditional,8,CASH-104,Cash,12,2,True,85.86,27.0,56.8,38.9,25.1,21.5,0.0,,142.3,4
TXN-CRT-001-001660,2026-07-10 21:28:49,2026-07-10,Friday,21,True,Traditional,2,CASH-116,Cash,10,0,False,59.93,45.7,52.4,0.0,45.6,27.2,147.3,Promo code issue,272.5,3
TXN-CRT-001-001661,2026-07-10 21:53:12,2026-07-10,Friday,21,True,Traditional,5,CASH-118,Card (Local),34,10,True,260.44,82.2,127.6,28.6,26.4,33.3,0.0,,215.9,3
TXN-CRT-001-001662,2026-07-10 21:53:40,2026-07-10,Friday,21,True,Traditional,3,CASH-113,Cash,50,9,True,327.66,9.4,306.5,44.9,57.5,24.8,0.0,,433.7,4
TXN-CRT-001-001663,2026-07-11 08:07:33,2026-07-11,Saturday,8,True,Self-Service,11,,Cash,20,7,True,107.48,39.0,213.4,46.2,60.9,20.2,0.0,,340.8,4
TXN-CRT-001-001664,2026-07-11 08:12:37,2026-07-11,Saturday,8,True,Traditional,6,CASH-102,Card (International),28,8,True,159.9,115.3,92.9,20.0,41.0,39.5,0.0,,193.5,3
TXN-CRT-001-001665,2026-07-11 08:13:37,2026-07-11,Saturday,8,True,Express (<10 items),13,CASH-143,Flous (Mobile),27,5,True,168.84,63.8,159.5,31.9,22.4,32.2,0.0,,246.1,3
TXN-CRT-001-001666,2026-07-11 08:26:52,2026-07-11,Saturday,8,True,Self-Service,11,,Card (International),11,1,True,60.31,64.3,56.1,25.0,45.7,27.7,0.0,,154.3,4
TXN-CRT-001-001667,2026-07-11 08:30:30,2026-07-11,Saturday,8,True,Traditional,4,CASH-107,Cash,18,5,True,89.69,96.0,62.6,26.5,26.6,37.1,0.0,,152.8,3
TXN-CRT-001-001668,2026-07-11 08:55:43,2026-07-11,Saturday,8,True,Express (<10 items),12,CASH-140,Card (International),31,11,True,260.0,30.5,114.3,16.2,32.9,16.7,0.0,,180.1,4
TXN-CRT-001-001669,2026-07-11 09:01:21,2026-07-11,Saturday,9,True,Traditional,6,CASH-135,Cash,22,7,True,196.68,19.4,133.5,23.2,72.5,35.0,0.0,,264.3,4
TXN-CRT-001-001670,2026-07-11 09:04:03,2026-07-11,Saturday,9,True,Traditional,2,CASH-114,Cash,1,0,False,4.78,61.2,4.8,0.0,58.4,21.8,0.0,,85.0,3
TXN-CRT-001-001671,2026-07-11 09:17:50,2026-07-11,Saturday,9,True,Traditional,5,CASH-103,Cash,11,3,True,55.77,32.5,72.2,28.2,46.8,27.8,0.0,,174.9,4
TXN-CRT-001-001672,2026-07-11 10:02:51,2026-07-11,Saturday,10,True,Self-Service,9,,Card (International),6,1,True,37.42,30.7,37.4,39.2,44.8,44.9,0.0,,166.3,4
TXN-CRT-001-001673,2026-07-11 10:14:01,2026-07-11,Saturday,10,True,Self-Service,11,,Cash,8,6,True,37.06,18.8,65.7,57.2,29.0,27.4,0.0,,179.3,4
TXN-CRT-001-001674,2026-07-11 10:18:10,2026-07-11,Saturday,10,True,Traditional,5,CASH-122,Cash,40,12,True,204.65,71.1,204.2,32.3,70.7,17.5,0.0,,324.8,3
TXN-CRT-001-001675,2026-07-11 10:27:10,2026-07-11,Saturday,10,True,Traditional,4,CASH-120,Cash,2,1,True,13.9,41.8,13.4,39.6,41.8,25.2,0.0,,120.0,4
TXN-CRT-001-001676,2026-07-11 10:36:47,2026-07-11,Saturday,10,True,Traditional,3,CASH-123,Flous (Mobile),8,2,True,62.45,19.2,36.1,28.2,38.0,29.6,0.0,,131.9,4
TXN-CRT-001-001677,2026-07-11 10:37:02,2026-07-11,Saturday,10,True,Traditional,4,CASH-102,Card (Local),10,3,True,28.69,100.1,38.4,27.0,18.5,27.1,0.0,,111.0,4
TXN-CRT-001-001678,2026-07-11 10:39:42,2026-07-11,Saturday,10,True,Traditional,2,CASH-109,Cash,19,4,True,116.38,37.0,122.6,28.5,40.3,16.9,0.0,,208.3,4
TXN-CRT-001-001679,2026-07-11 10:48:09,2026-07-11,Saturday,10,True,Traditional,3,CASH-132,Card (Local),17,1,True,124.99,72.4,116.5,29.0,31.6,18.2,0.0,,195.2,3
TXN-CRT-001-001680,2026-07-11 10:49:25,2026-07-11,Saturday,10,True,Traditional,4,CASH-123,Card (Local),8,2,True,23.83,146.0,28.2,15.1,30.0,23.8,0.0,,97.1,3
TXN-CRT-001-001681,2026-07-11 11:03:16,2026-07-11,Saturday,11,True,Traditional,5,CASH-135,Card (Local),6,3,True,27.3,99.0,28.6,41.2,25.5,31.4,0.0,,126.7,4
TXN-CRT-001-001682,2026-07-11 11:04:57,2026-07-11,Saturday,11,True,Express (<10 items),12,CASH-142,Cash,8,2,True,42.77,135.4,23.3,33.5,42.7,29.7,0.0,,129.2,3
TXN-CRT-001-001683,2026-07-11 11:15:50,2026-07-11,Saturday,11,True,Traditional,7,CASH-134,Flous (Mobile),15,2,True,87.74,97.6,77.4,30.7,31.1,34.6,0.0,,173.8,4
TXN-CRT-001-001684,2026-07-11 11:21:17,2026-07-11,Saturday,11,True,Traditional,7,CASH-124,Cash,9,4,True,24.16,39.2,45.1,20.2,47.9,19.3,0.0,,132.5,4
TXN-CRT-001-001685,2026-07-11 11:24:10,2026-07-11,Saturday,11,True,Traditional,1,CASH-107,Card (Local),44,9,True,171.64,24.1,318.9,21.4,30.3,32.5,0.0,,403.2,3
TXN-CRT-001-001686,2026-07-11 11:29:03,2026-07-11,Saturday,11,True,Self-Service,10,,Cash,14,2,True,106.19,37.6,118.2,55.5,65.8,27.3,0.0,,266.8,4
TXN-CRT-001-001687,2026-07-11 11:29:56,2026-07-11,Saturday,11,True,Self-Service,11,,Cash,3,0,False,10.25,39.8,26.5,0.0,55.3,35.9,0.0,,117.7,4
TXN-CRT-001-001688,2026-07-11 11:32:24,2026-07-11,Saturday,11,True,Traditional,1,CASH-132,Cash,24,6,True,191.96,118.5,94.3,23.6,31.8,26.4,0.0,,176.1,3
TXN-CRT-001-001689,2026-07-11 11:34:01,2026-07-11,Saturday,11,True,Traditional,8,CASH-118,Card (Local),11,3,True,58.78,33.2,40.3,36.7,24.7,31.9,0.0,,133.6,4
TXN-CRT-001-001690,2026-07-11 11:34:20,2026-07-11,Saturday,11,True,Traditional,3,CASH-133,Cash,21,5,True,152.99,14.9,77.7,17.3,61.7,25.4,0.0,,182.1,4
TXN-CRT-001-001691,2026-07-11 11:40:00,2026-07-11,Saturday,11,True,Traditional,7,CASH-120,Card (International),9,3,True,54.67,58.7,30.0,44.1,36.8,23.3,0.0,,134.3,4
TXN-CRT-001-001692,2026-07-11 11:44:36,2026-07-11,Saturday,11,True,Traditional,2,CASH-127,Cash,18,4,True,127.93,51.3,65.3,22.0,40.6,15.1,0.0,,143.0,4
TXN-CRT-001-001693,2026-07-11 11:48:12,2026-07-11,Saturday,11,True,Traditional,8,CASH-129,Card (Local),27,8,True,162.08,25.2,88.8,40.6,25.0,19.9,0.0,,174.2,4
TXN-CRT-001-001694,2026-07-11 11:57:16,2026-07-11,Saturday,11,True,Traditional,7,CASH-117,Card (International),42,8,True,204.27,35.7,117.4,22.9,46.9,17.3,0.0,,204.5,4
TXN-CRT-001-001695,2026-07-11 12:05:26,2026-07-11,Saturday,12,True,Traditional,1,CASH-135,Card (Local),9,3,True,66.17,138.2,31.3,41.5,34.7,19.4,0.0,,127.0,3
TXN-CRT-001-001696,2026-07-11 12:06:04,2026-07-11,Saturday,12,True,Traditional,8,CASH-110,Card (International),11,3,True,29.51,70.9,39.1,20.1,46.7,28.9,0.0,,134.9,3
TXN-CRT-001-001697,2026-07-11 12:06:42,2026-07-11,Saturday,12,True,Traditional,3,CASH-111,Card (Local),14,4,True,104.26,38.0,50.2,25.9,18.5,21.9,0.0,,116.6,4
TXN-CRT-001-001698,2026-07-11 12:09:15,2026-07-11,Saturday,12,True,Traditional,4,CASH-113,Cash,42,10,True,192.52,25.0,272.8,18.5,70.4,31.3,0.0,,393.0,3
TXN-CRT-001-001699,2026-07-11 12:15:47,2026-07-11,Saturday,12,True,Express (<10 items),13,CASH-138,Card (International),39,11,True,200.26,188.2,133.4,19.4,26.9,26.7,0.0,,206.4,3
TXN-CRT-001-001700,2026-07-11 12:18:38,2026-07-11,Saturday,12,True,Traditional,4,CASH-135,Cash,4,0,False,21.2,157.7,21.5,0.0,39.7,29.2,0.0,,90.4,3
TXN-CRT-001-001701,2026-07-11 12:23:28,2026-07-11,Saturday,12,True,Express (<10 items),12,CASH-142,Card (Local),6,3,True,21.97,93.2,24.4,17.4,27.4,33.0,0.0,,102.2,4
TXN-CRT-001-001702,2026-07-11 12:27:43,2026-07-11,Saturday,12,True,Traditional,6,CASH-117,Card (International),15,1,True,70.2,41.3,84.4,24.0,30.9,17.7,0.0,,157.1,4
TXN-CRT-001-001703,2026-07-11 12:36:50,2026-07-11,Saturday,12,True,Traditional,6,CASH-111,Cash,5,0,False,30.23,24.0,16.5,0.0,30.6,39.5,0.0,,86.6,4
TXN-CRT-001-001704,2026-07-11 12:38:44,2026-07-11,Saturday,12,True,Traditional,4,CASH-122,Cash,11,3,True,67.79,24.8,68.9,34.3,33.7,21.3,0.0,,158.1,4
TXN-CRT-001-001705,2026-07-11 12:45:51,2026-07-11,Saturday,12,True,Traditional,3,CASH-101,Cash,6,2,True,15.73,40.9,20.3,32.9,50.1,26.1,0.0,,129.3,4
TXN-CRT-001-001706,2026-07-11 12:49:23,2026-07-11,Saturday,12,True,Traditional,1,CASH-120,Card (International),20,2,True,94.5,33.1,122.8,24.7,41.3,30.5,0.0,,219.4,4
TXN-CRT-001-001707,2026-07-11 12:51:06,2026-07-11,Saturday,12,True,Traditional,5,CASH-127,Flous (Mobile),45,15,True,359.22,48.7,224.1,37.9,31.4,18.0,0.0,,311.4,4
TXN-CRT-001-001708,2026-07-11 13:01:51,2026-07-11,Saturday,13,True,Traditional,1,CASH-118,Card (Local),50,19,True,234.05,46.9,125.5,28.9,31.8,21.5,0.0,,207.8,4
TXN-CRT-001-001709,2026-07-11 13:10:16,2026-07-11,Saturday,13,True,Traditional,6,CASH-130,Card (Local),12,3,True,42.08,20.8,69.1,38.9,21.7,21.9,0.0,,151.7,4
TXN-CRT-001-001710,2026-07-11 13:11:01,2026-07-11,Saturday,13,True,Traditional,7,CASH-106,Flous (Mobile),19,5,True,66.67,21.4,64.4,35.6,24.7,23.5,0.0,,148.2,4
TXN-CRT-001-001711,2026-07-11 13:13:48,2026-07-11,Saturday,13,True,Traditional,2,CASH-132,Cash,34,10,True,233.19,38.3,236.1,20.1,41.2,19.9,138.6,Price check required,456.0,3
TXN-CRT-001-001712,2026-07-11 13:17:14,2026-07-11,Saturday,13,True,Traditional,3,CASH-119,Cash,5,1,True,37.56,45.9,16.0,27.1,40.0,38.8,0.0,,121.9,4
TXN-CRT-001-001713,2026-07-11 13:21:41,2026-07-11,Saturday,13,True,Traditional,7,CASH-109,Card (Local),22,5,True,199.29,130.5,113.9,35.4,34.6,38.5,0.0,,222.4,3
TXN-CRT-001-001714,2026-07-11 13:24:20,2026-07-11,Saturday,13,True,Traditional,6,CASH-125,Flous (Mobile),13,5,True,76.42,61.2,80.9,44.6,32.7,38.0,0.0,,196.3,4
TXN-CRT-001-001715,2026-07-11 13:29:17,2026-07-11,Saturday,13,True,Traditional,1,CASH-124,Flous (Mobile),8,4,True,53.93,59.5,20.5,27.6,34.9,24.7,0.0,,107.8,4
TXN-CRT-001-001716,2026-07-11 13:35:46,2026-07-11,Saturday,13,True,Express (<10 items),12,CASH-144,Cash,13,6,True,64.83,63.0,60.4,33.8,37.1,26.1,0.0,,157.5,4
TXN-CRT-001-001717,2026-07-11 13:36:27,2026-07-11,Saturday,13,True,Traditional,7,CASH-135,Cash,4,0,False,24.23,109.9,12.0,0.0,65.6,35.0,0.0,,112.6,3
TXN-CRT-001-001718,2026-07-11 13:36:55,2026-07-11,Saturday,13,True,Traditional,6,CASH-120,Cash,23,4,True,145.09,410.8,117.2,29.7,72.8,30.7,0.0,,250.4,3
TXN-CRT-001-001719,2026-07-11 13:37:18,2026-07-11,Saturday,13,True,Express (<10 items),12,CASH-136,Cash,9,1,True,60.12,31.0,18.9,38.2,46.9,23.7,46.1,Supervisor approval needed,173.8,3
TXN-CRT-001-001720,2026-07-11 13:38:31,2026-07-11,Saturday,13,True,Traditional,7,CASH-127,Cash,10,2,True,62.19,178.6,40.9,19.2,74.5,17.0,166.5,Price check required,318.1,1
TXN-CRT-001-001721,2026-07-11 13:47:43,2026-07-11,Saturday,13,True,Traditional,5,CASH-128,Card (International),5,1,True,34.73,12.9,17.2,44.5,29.1,38.2,0.0,,129.0,4
TXN-CRT-001-001722,2026-07-11 13:48:11,2026-07-11,Saturday,13,True,Traditional,2,CASH-106,Cash,35,8,True,144.73,38.6,160.2,44.9,68.0,39.0,0.0,,312.1,4
TXN-CRT-001-001723,2026-07-11 13:55:40,2026-07-11,Saturday,13,True,Traditional,7,CASH-110,Flous (Mobile),15,4,True,54.43,18.8,46.0,20.2,31.1,37.2,0.0,,134.4,4
TXN-CRT-001-001724,2026-07-11 13:56:24,2026-07-11,Saturday,13,True,Traditional,7,CASH-118,Cash,18,6,True,86.06,80.3,108.2,31.4,32.1,15.9,0.0,,187.6,3
TXN-CRT-001-001725,2026-07-11 14:01:48,2026-07-11,Saturday,14,True,Traditional,6,CASH-123,Card (Local),18,6,True,75.16,97.1,80.6,26.4,28.3,30.9,0.0,,166.2,3
TXN-CRT-001-001726,2026-07-11 14:03:32,2026-07-11,Saturday,14,True,Traditional,7,CASH-102,Cash,13,5,True,90.64,15.0,65.3,22.8,26.6,16.5,42.7,Barcode not scanning,174.1,3
TXN-CRT-001-001727,2026-07-11 14:11:22,2026-07-11,Saturday,14,True,Traditional,2,CASH-106,Cash,7,0,False,44.31,105.6,22.3,0.0,44.6,31.0,0.0,,97.9,4
TXN-CRT-001-001728,2026-07-11 14:11:29,2026-07-11,Saturday,14,True,Express (<10 items),12,CASH-137,Cash,25,3,True,229.98,64.1,108.0,40.3,70.9,16.7,0.0,,235.9,4
TXN-CRT-001-001729,2026-07-11 14:25:38,2026-07-11,Saturday,14,True,Traditional,1,CASH-128,Check,6,2,True,31.62,89.1,32.4,20.1,75.2,36.1,0.0,,163.8,4
TXN-CRT-001-001730,2026-07-11 14:26:01,2026-07-11,Saturday,14,True,Traditional,8,CASH-103,Card (International),5,1,True,25.74,116.5,30.2,33.0,36.4,23.1,0.0,,122.7,3
TXN-CRT-001-001731,2026-07-11 14:30:32,2026-07-11,Saturday,14,True,Traditional,7,CASH-107,Cash,23,6,True,172.59,82.0,107.7,41.9,69.9,32.6,0.0,,252.0,3
TXN-CRT-001-001732,2026-07-11 14:32:07,2026-07-11,Saturday,14,True,Traditional,2,CASH-111,Cash,8,0,False,33.86,12.3,26.8,0.0,36.5,23.5,0.0,,86.8,4
TXN-CRT-001-001733,2026-07-11 14:39:36,2026-07-11,Saturday,14,True,Traditional,3,CASH-118,Flous (Mobile),10,2,True,79.68,35.6,53.7,34.8,32.0,28.4,0.0,,148.9,4
TXN-CRT-001-001734,2026-07-11 14:52:55,2026-07-11,Saturday,14,True,Traditional,4,CASH-108,Cash,15,4,True,64.12,14.0,66.7,28.0,48.5,33.0,0.0,,176.2,4
TXN-CRT-001-001735,2026-07-11 14:53:16,2026-07-11,Saturday,14,True,Traditional,6,CASH-107,Cash,14,5,True,36.69,6.2,60.8,21.6,38.6,31.8,0.0,,152.8,4
TXN-CRT-001-001736,2026-07-11 15:03:25,2026-07-11,Saturday,15,True,Self-Service,11,,Card (Local),23,9,True,180.51,17.7,91.0,68.6,34.6,30.2,0.0,,224.4,4
TXN-CRT-001-001737,2026-07-11 15:06:10,2026-07-11,Saturday,15,True,Traditional,6,CASH-107,Check,20,5,True,65.19,37.9,124.2,41.2,66.5,34.2,0.0,,266.2,4
TXN-CRT-001-001738,2026-07-11 15:15:04,2026-07-11,Saturday,15,True,Traditional,2,CASH-127,Cash,20,5,True,141.13,169.6,111.9,43.9,46.3,15.4,0.0,,217.5,3
TXN-CRT-001-001739,2026-07-11 15:21:39,2026-07-11,Saturday,15,True,Traditional,5,CASH-104,Cash,24,8,True,175.19,48.1,85.4,24.2,48.4,37.9,102.9,Price check required,298.9,3
TXN-CRT-001-001740,2026-07-11 15:32:34,2026-07-11,Saturday,15,True,Traditional,4,CASH-130,Flous (Mobile),10,3,True,60.64,64.5,64.9,17.6,21.8,22.3,0.0,,126.5,3
TXN-CRT-001-001741,2026-07-11 15:44:44,2026-07-11,Saturday,15,True,Traditional,5,CASH-126,Cash,10,2,True,55.86,31.8,58.2,26.4,66.9,22.1,0.0,,173.6,4
TXN-CRT-001-001742,2026-07-11 16:00:30,2026-07-11,Saturday,16,True,Traditional,7,CASH-112,Cash,14,6,True,93.9,41.7,36.6,38.6,67.7,23.6,0.0,,166.5,4
TXN-CRT-001-001743,2026-07-11 16:04:44,2026-07-11,Saturday,16,True,Traditional,3,CASH-107,Card (Local),10,4,True,67.07,51.9,50.1,44.5,28.3,20.9,0.0,,143.7,4
TXN-CRT-001-001744,2026-07-11 16:10:42,2026-07-11,Saturday,16,True,Traditional,4,CASH-102,Flous (Mobile),49,16,True,313.48,39.9,181.4,19.7,25.5,21.1,0.0,,247.8,4
TXN-CRT-001-001745,2026-07-11 16:11:33,2026-07-11,Saturday,16,True,Traditional,5,CASH-126,Cash,30,6,True,216.13,74.6,189.6,43.4,41.5,35.6,0.0,,310.0,3
TXN-CRT-001-001746,2026-07-11 16:17:57,2026-07-11,Saturday,16,True,Traditional,5,CASH-111,Check,6,1,True,27.89,29.0,27.5,35.5,58.1,34.4,0.0,,155.5,4
TXN-CRT-001-001747,2026-07-11 16:26:03,2026-07-11,Saturday,16,True,Traditional,1,CASH-127,Card (Local),1,1,True,3.53,13.0,3.6,41.3,22.3,35.3,0.0,,102.5,4
TXN-CRT-001-001748,2026-07-11 16:30:43,2026-07-11,Saturday,16,True,Traditional,1,CASH-112,Cash,2,0,False,5.67,10.2,8.5,0.0,71.0,18.9,55.6,Barcode not scanning,154.0,3
TXN-CRT-001-001749,2026-07-11 16:30:59,2026-07-11,Saturday,16,True,Traditional,3,CASH-106,Check,8,3,True,23.07,91.9,57.5,37.3,81.5,25.5,0.0,,201.8,3
TXN-CRT-001-001750,2026-07-11 16:38:49,2026-07-11,Saturday,16,True,Traditional,8,CASH-125,Cash,5,0,False,33.48,2.9,33.6,0.0,27.6,31.5,0.0,,92.7,4
TXN-CRT-001-001751,2026-07-11 16:39:38,2026-07-11,Saturday,16,True,Traditional,4,CASH-118,Cash,17,6,True,96.53,41.1,108.2,40.6,67.6,29.7,0.0,,246.1,4
TXN-CRT-001-001752,2026-07-11 16:53:47,2026-07-11,Saturday,16,True,Traditional,1,CASH-131,Card (Local),34,9,True,338.7,18.3,114.8,23.2,29.7,36.2,0.0,,203.8,4
TXN-CRT-001-001753,2026-07-11 17:01:49,2026-07-11,Saturday,17,True,Traditional,1,CASH-112,Cash,25,4,True,96.04,76.6,172.2,21.3,56.2,27.4,0.0,,277.1,3
TXN-CRT-001-001754,2026-07-11 17:01:57,2026-07-11,Saturday,17,True,Traditional,7,CASH-102,Cash,8,2,True,55.62,49.3,43.4,43.1,55.8,18.6,0.0,,160.8,4
TXN-CRT-001-001755,2026-07-11 17:10:36,2026-07-11,Saturday,17,True,Express (<10 items),13,CASH-138,Cash,13,4,True,74.07,50.2,68.3,16.1,25.0,29.0,0.0,,138.5,4
TXN-CRT-001-001756,2026-07-11 17:12:30,2026-07-11,Saturday,17,True,Traditional,7,CASH-104,Cash,16,5,True,107.47,53.6,67.4,36.4,72.1,22.1,0.0,,198.0,4
TXN-CRT-001-001757,2026-07-11 17:20:55,2026-07-11,Saturday,17,True,Express (<10 items),12,CASH-142,Flous (Mobile),29,7,True,210.62,52.2,169.2,24.6,36.7,28.6,179.0,Item return/exchange,438.1,2
TXN-CRT-001-001758,2026-07-11 17:23:36,2026-07-11,Saturday,17,True,Traditional,1,CASH-113,Card (Local),32,11,True,252.43,13.0,230.7,41.1,24.4,21.2,0.0,,317.3,4
TXN-CRT-001-001759,2026-07-11 17:28:51,2026-07-11,Saturday,17,True,Traditional,2,CASH-105,Check,40,10,True,247.62,33.4,156.9,17.1,46.5,25.9,0.0,,246.4,4
TXN-CRT-001-001760,2026-07-11 17:34:12,2026-07-11,Saturday,17,True,Traditional,7,CASH-120,Cash,16,4,True,50.56,23.1,61.7,30.3,32.0,24.9,0.0,,149.0,4
TXN-CRT-001-001761,2026-07-11 17:37:22,2026-07-11,Saturday,17,True,Traditional,4,CASH-105,Cash,23,3,True,139.12,27.0,87.8,27.2,28.4,30.0,0.0,,173.4,4
TXN-CRT-001-001762,2026-07-11 17:39:57,2026-07-11,Saturday,17,True,Traditional,2,CASH-103,Cash,5,3,True,39.06,52.8,17.2,19.3,34.0,24.6,0.0,,95.1,4
TXN-CRT-001-001763,2026-07-11 17:40:15,2026-07-11,Saturday,17,True,Traditional,2,CASH-109,Cash,18,3,True,121.18,92.3,99.3,39.9,58.0,32.3,45.4,Promo code issue,274.8,3
TXN-CRT-001-001764,2026-07-11 17:42:54,2026-07-11,Saturday,17,True,Traditional,4,CASH-118,Cash,9,2,True,60.74,90.1,25.5,17.6,69.2,24.6,0.0,,136.8,3
TXN-CRT-001-001765,2026-07-11 17:44:12,2026-07-11,Saturday,17,True,Traditional,6,CASH-117,Card (International),14,5,True,52.97,59.8,49.2,39.8,45.1,20.8,0.0,,154.9,4
TXN-CRT-001-001766,2026-07-11 17:52:18,2026-07-11,Saturday,17,True,Traditional,1,CASH-114,Flous (Mobile),20,3,True,59.95,35.0,87.4,23.4,30.6,22.5,0.0,,163.9,4
TXN-CRT-001-001767,2026-07-11 17:53:28,2026-07-11,Saturday,17,True,Traditional,1,CASH-112,Check,9,2,True,59.01,50.2,58.7,27.9,73.2,31.9,0.0,,191.8,4
TXN-CRT-001-001768,2026-07-11 17:55:49,2026-07-11,Saturday,17,True,Traditional,2,CASH-123,Cash,3,0,False,22.71,82.2,21.3,0.0,29.4,26.8,0.0,,77.4,3
TXN-CRT-001-001769,2026-07-11 18:07:19,2026-07-11,Saturday,18,True,Traditional,7,CASH-120,Flous (Mobile),1,1,True,5.44,26.8,2.7,19.8,38.2,15.8,0.0,,76.4,4
TXN-CRT-001-001770,2026-07-11 18:11:20,2026-07-11,Saturday,18,True,Traditional,1,CASH-101,Cash,1,0,False,7.02,48.6,4.6,0.0,61.2,33.1,0.0,,98.9,4
TXN-CRT-001-001771,2026-07-11 18:17:55,2026-07-11,Saturday,18,True,Traditional,5,CASH-123,Cash,1,1,True,4.19,31.6,7.2,38.5,47.7,36.3,0.0,,129.8,4
TXN-CRT-001-001772,2026-07-11 18:19:28,2026-07-11,Saturday,18,True,Traditional,2,CASH-128,Flous (Mobile),5,2,True,19.72,26.5,36.4,26.3,27.1,22.5,0.0,,112.3,4
TXN-CRT-001-001773,2026-07-11 18:25:24,2026-07-11,Saturday,18,True,Self-Service,10,,Card (Local),8,2,True,37.83,46.3,34.6,60.5,23.6,45.8,0.0,,164.5,4
TXN-CRT-001-001774,2026-07-11 18:29:31,2026-07-11,Saturday,18,True,Express (<10 items),12,CASH-144,Cash,8,3,True,32.85,35.2,35.1,18.3,70.1,18.5,0.0,,142.0,4
TXN-CRT-001-001775,2026-07-11 18:31:49,2026-07-11,Saturday,18,True,Traditional,6,CASH-125,Cash,49,13,True,193.72,60.8,263.2,26.1,36.8,16.2,0.0,,342.3,3
TXN-CRT-001-001776,2026-07-11 18:38:26,2026-07-11,Saturday,18,True,Traditional,1,CASH-119,Cash,10,2,True,57.52,35.6,62.6,20.8,37.5,31.3,0.0,,152.1,4
TXN-CRT-001-001777,2026-07-11 18:48:22,2026-07-11,Saturday,18,True,Traditional,8,CASH-110,Card (Local),6,2,True,37.67,43.1,21.2,35.4,34.7,22.8,0.0,,114.0,4
TXN-CRT-001-001778,2026-07-11 18:56:58,2026-07-11,Saturday,18,True,Traditional,7,CASH-126,Cash,17,7,True,104.67,12.9,69.3,37.4,26.4,15.6,0.0,,148.7,4
TXN-CRT-001-001779,2026-07-11 18:57:08,2026-07-11,Saturday,18,True,Traditional,3,CASH-108,Check,34,8,True,292.08,84.8,88.0,19.2,79.8,15.4,0.0,,202.2,4
TXN-CRT-001-001780,2026-07-11 19:00:29,2026-07-11,Saturday,19,True,Traditional,4,CASH-132,Cash,22,4,True,225.76,85.9,133.9,24.6,75.0,33.7,0.0,,267.1,3
TXN-CRT-001-001781,2026-07-11 19:06:58,2026-07-11,Saturday,19,True,Traditional,8,CASH-112,Cash,10,2,True,41.64,23.1,65.7,29.3,32.9,38.3,0.0,,166.2,4
TXN-CRT-001-001782,2026-07-11 19:16:41,2026-07-11,Saturday,19,True,Self-Service,11,,Cash,18,4,True,142.97,25.0,130.1,80.8,37.7,24.1,0.0,,272.7,4
TXN-CRT-001-001783,2026-07-11 19:19:45,2026-07-11,Saturday,19,True,Traditional,7,CASH-118,Cash,24,3,True,160.56,54.9,160.2,32.4,37.5,19.4,0.0,,249.4,4
TXN-CRT-001-001784,2026-07-11 19:28:29,2026-07-11,Saturday,19,True,Traditional,3,CASH-130,Cash,24,6,True,163.77,32.6,112.4,24.8,48.9,19.2,0.0,,205.4,4
TXN-CRT-001-001785,2026-07-11 19:31:18,2026-07-11,Saturday,19,True,Traditional,1,CASH-109,Card (Local),21,5,True,168.13,59.4,56.0,21.9,31.6,38.9,0.0,,148.4,4
TXN-CRT-001-001786,2026-07-11 19:34:34,2026-07-11,Saturday,19,True,Self-Service,11,,Flous (Mobile),36,10,True,138.13,122.8,213.2,28.7,23.6,27.9,0.0,,293.4,3
TXN-CRT-001-001787,2026-07-11 19:39:03,2026-07-11,Saturday,19,True,Traditional,6,CASH-132,Flous (Mobile),35,8,True,179.1,24.1,185.4,41.8,31.8,37.3,0.0,,296.3,4
TXN-CRT-001-001788,2026-07-11 19:39:03,2026-07-11,Saturday,19,True,Traditional,4,CASH-114,Card (International),18,5,True,126.13,89.5,130.8,24.0,40.1,38.8,0.0,,233.7,3
TXN-CRT-001-001789,2026-07-11 19:40:05,2026-07-11,Saturday,19,True,Traditional,5,CASH-105,Flous (Mobile),13,5,True,63.9,20.5,79.6,33.7,21.3,32.7,0.0,,167.4,4
TXN-CRT-001-001790,2026-07-11 19:40:20,2026-07-11,Saturday,19,True,Traditional,5,CASH-134,Card (Local),20,8,True,50.22,26.9,81.4,39.5,29.2,22.3,0.0,,172.3,4
TXN-CRT-001-001791,2026-07-11 19:41:11,2026-07-11,Saturday,19,True,Traditional,1,CASH-132,Flous (Mobile),30,8,True,174.08,55.2,112.7,24.6,24.8,29.6,40.9,Barcode not scanning,232.6,3
TXN-CRT-001-001792,2026-07-11 19:42:07,2026-07-11,Saturday,19,True,Traditional,8,CASH-103,Cash,1,0,False,3.39,74.0,3.3,0.0,68.7,39.5,0.0,,111.5,4
TXN-CRT-001-001793,2026-07-11 19:43:42,2026-07-11,Saturday,19,True,Traditional,8,CASH-128,Cash,50,18,True,433.74,120.3,309.4,26.3,51.9,23.3,0.0,,410.8,3
TXN-CRT-001-001794,2026-07-11 19:43:51,2026-07-11,Saturday,19,True,Traditional,8,CASH-104,Cash,7,2,True,52.63,148.6,17.8,17.1,54.4,34.1,0.0,,123.3,3
TXN-CRT-001-001795,2026-07-11 19:44:16,2026-07-11,Saturday,19,True,Traditional,5,CASH-120,Cash,15,3,True,98.76,38.3,63.5,16.4,69.7,22.5,0.0,,172.0,4
TXN-CRT-001-001796,2026-07-11 19:51:43,2026-07-11,Saturday,19,True,Traditional,7,CASH-118,Cash,36,6,True,212.21,48.2,97.8,43.0,59.0,20.7,0.0,,220.5,4
TXN-CRT-001-001797,2026-07-11 20:00:16,2026-07-11,Saturday,20,True,Traditional,3,CASH-125,Check,8,1,True,55.72,61.7,50.4,43.6,85.2,33.6,0.0,,212.7,4
TXN-CRT-001-001798,2026-07-11 20:03:08,2026-07-11,Saturday,20,True,Traditional,1,CASH-110,Cash,15,2,True,95.03,46.6,89.8,16.7,59.6,31.7,0.0,,197.8,4
TXN-CRT-001-001799,2026-07-11 20:05:08,2026-07-11,Saturday,20,True,Traditional,8,CASH-102,Cash,6,0,False,40.83,38.0,42.0,0.0,26.6,30.9,0.0,,99.5,4
TXN-CRT-001-001800,2026-07-11 20:10:06,2026-07-11,Saturday,20,True,Traditional,3,CASH-114,Card (Local),12,5,True,75.79,30.8,72.1,27.7,29.4,17.6,0.0,,146.8,4
TXN-CRT-001-001801,2026-07-11 20:12:51,2026-07-11,Saturday,20,True,Express (<10 items),13,CASH-143,Cash,7,2,True,49.15,74.7,32.7,29.6,55.9,35.0,0.0,,153.3,4
TXN-CRT-001-001802,2026-07-11 20:14:41,2026-07-11,Saturday,20,True,Traditional,7,CASH-119,Cash,12,4,True,34.97,120.9,53.1,23.0,49.1,36.1,0.0,,161.3,3
TXN-CRT-001-001803,2026-07-11 20:24:11,2026-07-11,Saturday,20,True,Traditional,3,CASH-119,Cash,12,4,True,77.83,11.4,47.3,20.4,50.1,38.0,0.0,,155.9,4
TXN-CRT-001-001804,2026-07-11 20:35:04,2026-07-11,Saturday,20,True,Traditional,3,CASH-123,Cash,50,15,True,203.99,40.5,342.3,37.8,62.7,27.2,0.0,,470.1,4
TXN-CRT-001-001805,2026-07-11 20:39:04,2026-07-11,Saturday,20,True,Traditional,6,CASH-131,Cash,50,16,True,381.84,11.7,209.6,17.7,42.8,16.3,0.0,,286.4,4
TXN-CRT-001-001806,2026-07-11 20:39:14,2026-07-11,Saturday,20,True,Traditional,1,CASH-105,Card (International),5,3,True,29.94,71.6,22.3,43.1,26.8,24.0,0.0,,116.1,4
TXN-CRT-001-001807,2026-07-11 20:44:15,2026-07-11,Saturday,20,True,Traditional,2,CASH-105,Card (Local),24,6,True,222.17,26.3,143.1,25.9,25.1,25.4,0.0,,219.5,4
TXN-CRT-001-001808,2026-07-11 20:48:40,2026-07-11,Saturday,20,True,Traditional,8,CASH-128,Cash,3,2,True,11.16,109.8,13.7,44.6,69.6,39.5,0.0,,167.4,4
TXN-CRT-001-001809,2026-07-11 20:49:42,2026-07-11,Saturday,20,True,Traditional,8,CASH-131,Cash,2,1,True,6.25,43.0,9.2,37.4,44.4,25.2,115.3,Barcode not scanning,231.5,3
TXN-CRT-001-001810,2026-07-11 20:58:10,2026-07-11,Saturday,20,True,Traditional,7,CASH-113,Cash,5,0,False,36.78,72.3,20.3,0.0,59.8,17.9,0.0,,98.0,3
TXN-CRT-001-001811,2026-07-11 20:59:42,2026-07-11,Saturday,20,True,Traditional,1,CASH-119,Card (International),47,13,True,325.73,23.6,169.0,32.6,35.4,19.7,0.0,,256.7,4
TXN-CRT-001-001812,2026-07-11 21:03:00,2026-07-11,Saturday,21,True,Traditional,3,CASH-110,Cash,44,12,True,368.86,53.6,309.4,42.9,50.5,24.3,0.0,,427.2,3
TXN-CRT-001-001813,2026-07-11 21:05:32,2026-07-11,Saturday,21,True,Traditional,2,CASH-105,Cash,7,3,True,21.46,53.1,19.9,18.9,72.4,31.0,0.0,,142.2,4
TXN-CRT-001-001814,2026-07-11 21:11:49,2026-07-11,Saturday,21,True,Traditional,5,CASH-117,Card (International),6,1,True,36.47,64.6,32.0,40.4,47.3,29.0,0.0,,148.6,4
TXN-CRT-001-001815,2026-07-11 21:19:10,2026-07-11,Saturday,21,True,Traditional,1,CASH-110,Cash,8,2,True,31.11,29.1,55.1,32.4,52.7,28.1,0.0,,168.3,4
TXN-CRT-001-001816,2026-07-11 21:23:57,2026-07-11,Saturday,21,True,Express (<10 items),13,CASH-137,Cash,16,1,True,107.97,103.4,104.9,44.7,62.0,17.1,0.0,,228.8,3
TXN-CRT-001-001817,2026-07-11 21:31:44,2026-07-11,Saturday,21,True,Traditional,5,CASH-107,Cash,18,4,True,136.18,61.9,65.2,25.4,49.7,16.3,0.0,,156.6,3
TXN-CRT-001-001818,2026-07-11 21:43:14,2026-07-11,Saturday,21,True,Traditional,2,CASH-118,Flous (Mobile),8,0,False,48.96,117.0,35.5,0.0,37.5,39.7,0.0,,112.8,3
TXN-CRT-001-001819,2026-07-11 21:44:24,2026-07-11,Saturday,21,True,Traditional,4,CASH-102,Flous (Mobile),26,7,True,253.12,13.2,110.2,31.9,21.6,21.3,0.0,,184.9,4
TXN-CRT-001-001820,2026-07-11 21:51:47,2026-07-11,Saturday,21,True,Traditional,4,CASH-130,Card (Local),10,4,True,30.12,53.9,72.1,19.0,22.8,29.7,0.0,,143.5,4
TXN-CRT-001-001821,2026-07-11 21:57:41,2026-07-11,Saturday,21,True,Traditional,4,CASH-105,Cash,41,8,True,179.2,41.7,104.5,29.6,35.2,17.7,0.0,,187.1,4
TXN-CRT-001-001822,2026-07-12 08:54:01,2026-07-12,Sunday,8,False,Traditional,8,CASH-115,Card (Local),21,5,True,168.85,150.8,112.4,30.1,25.2,26.7,0.0,,194.4,3
TXN-CRT-001-001823,2026-07-12 09:09:54,2026-07-12,Sunday,9,False,Traditional,4,CASH-128,Check,14,2,True,39.19,75.9,36.2,30.7,73.4,20.7,0.0,,160.9,4
TXN-CRT-001-001824,2026-07-12 09:12:21,2026-07-12,Sunday,9,False,Traditional,2,CASH-125,Check,28,4,True,191.62,47.1,128.8,19.5,49.6,25.3,0.0,,223.3,4
TXN-CRT-001-001825,2026-07-12 09:27:14,2026-07-12,Sunday,9,False,Traditional,3,CASH-120,Cash,30,7,True,201.64,72.7,145.6,34.2,42.6,26.4,0.0,,248.8,4
TXN-CRT-001-001826,2026-07-12 09:38:46,2026-07-12,Sunday,9,False,Traditional,6,CASH-109,Card (International),10,1,True,73.39,34.2,61.6,20.0,40.2,22.7,149.9,Price check required,294.4,3
TXN-CRT-001-001827,2026-07-12 10:03:38,2026-07-12,Sunday,10,False,Traditional,6,CASH-101,Cash,11,3,True,39.82,66.4,73.6,36.3,35.9,33.6,0.0,,179.4,3
TXN-CRT-001-001828,2026-07-12 10:06:45,2026-07-12,Sunday,10,False,Express (<10 items),12,CASH-143,Cash,43,6,True,281.23,207.9,114.3,24.3,51.2,32.7,0.0,,222.5,3
TXN-CRT-001-001829,2026-07-12 10:11:27,2026-07-12,Sunday,10,False,Traditional,4,CASH-104,Card (Local),6,0,False,32.08,30.6,35.8,0.0,24.5,33.7,0.0,,94.0,4
TXN-CRT-001-001830,2026-07-12 10:17:12,2026-07-12,Sunday,10,False,Traditional,6,CASH-113,Cash,2,0,False,14.88,53.2,11.8,0.0,36.5,23.5,0.0,,71.8,4
TXN-CRT-001-001831,2026-07-12 10:17:36,2026-07-12,Sunday,10,False,Express (<10 items),13,CASH-144,Flous (Mobile),14,4,True,108.99,25.5,41.2,37.6,20.3,21.1,0.0,,120.1,4
TXN-CRT-001-001832,2026-07-12 10:35:43,2026-07-12,Sunday,10,False,Traditional,2,CASH-115,Cash,29,3,True,112.52,21.8,73.0,40.3,67.8,31.8,0.0,,212.9,4
TXN-CRT-001-001833,2026-07-12 10:36:12,2026-07-12,Sunday,10,False,Traditional,8,CASH-119,Cash,27,7,True,119.74,90.1,112.0,35.0,45.7,18.5,80.2,Item return/exchange,291.3,3
TXN-CRT-001-001834,2026-07-12 10:36:51,2026-07-12,Sunday,10,False,Traditional,2,CASH-112,Flous (Mobile),41,13,True,368.81,17.4,300.9,41.2,34.2,17.3,0.0,,393.7,4
TXN-CRT-001-001835,2026-07-12 10:37:22,2026-07-12,Sunday,10,False,Traditional,8,CASH-130,Flous (Mobile),17,5,True,103.39,65.7,85.2,17.4,29.7,30.1,0.0,,162.3,4
TXN-CRT-001-001836,2026-07-12 10:43:58,2026-07-12,Sunday,10,False,Traditional,1,CASH-108,Cash,4,0,False,26.95,86.3,14.2,0.0,44.6,24.6,0.0,,83.4,3
TXN-CRT-001-001837,2026-07-12 10:47:33,2026-07-12,Sunday,10,False,Traditional,4,CASH-115,Cash,18,5,True,127.46,35.3,103.6,43.2,40.2,19.4,66.9,Payment terminal error,273.2,4
TXN-CRT-001-001838,2026-07-12 10:49:30,2026-07-12,Sunday,10,False,Traditional,3,CASH-117,Card (Local),27,8,True,232.18,114.2,196.0,24.8,26.8,23.4,0.0,,270.9,3
TXN-CRT-001-001839,2026-07-12 11:12:59,2026-07-12,Sunday,11,False,Self-Service,11,,Cash,4,0,False,30.82,107.5,50.1,0.0,27.5,25.2,0.0,,102.7,4
TXN-CRT-001-001840,2026-07-12 11:16:23,2026-07-12,Sunday,11,False,Traditional,2,CASH-110,Check,7,3,True,42.93,35.2,27.2,44.8,81.6,27.3,0.0,,180.9,4
TXN-CRT-001-001841,2026-07-12 11:20:07,2026-07-12,Sunday,11,False,Traditional,2,CASH-120,Flous (Mobile),1,1,True,2.61,15.0,5.7,20.9,34.8,31.5,0.0,,93.0,4
TXN-CRT-001-001842,2026-07-12 11:22:13,2026-07-12,Sunday,11,False,Traditional,3,CASH-132,Cash,19,7,True,62.89,69.4,71.3,25.3,67.3,26.2,0.0,,190.1,3
TXN-CRT-001-001843,2026-07-12 11:27:13,2026-07-12,Sunday,11,False,Traditional,1,CASH-104,Cash,37,12,True,250.57,46.0,169.2,39.9,54.1,23.6,0.0,,286.8,4
TXN-CRT-001-001844,2026-07-12 11:28:56,2026-07-12,Sunday,11,False,Traditional,7,CASH-127,Cash,22,7,True,149.9,55.6,146.1,36.9,27.7,25.1,0.0,,235.9,4
TXN-CRT-001-001845,2026-07-12 11:32:49,2026-07-12,Sunday,11,False,Express (<10 items),12,CASH-140,Flous (Mobile),48,13,True,337.39,68.8,139.8,18.8,37.2,25.0,0.0,,220.6,3
TXN-CRT-001-001846,2026-07-12 11:34:57,2026-07-12,Sunday,11,False,Traditional,4,CASH-109,Cash,3,1,True,12.05,12.4,20.2,33.7,64.8,30.1,0.0,,148.8,4
TXN-CRT-001-001847,2026-07-12 11:35:45,2026-07-12,Sunday,11,False,Traditional,7,CASH-109,Cash,39,12,True,166.03,33.6,128.7,36.7,72.8,20.9,0.0,,259.2,4
TXN-CRT-001-001848,2026-07-12 11:43:10,2026-07-12,Sunday,11,False,Traditional,4,CASH-109,Cash,30,8,True,200.33,140.5,100.4,15.1,60.7,23.2,0.0,,199.4,3
TXN-CRT-001-001849,2026-07-12 11:45:02,2026-07-12,Sunday,11,False,Self-Service,11,,Card (Local),10,2,True,31.18,56.9,82.1,31.4,24.8,22.5,0.0,,160.8,4
TXN-CRT-001-001850,2026-07-12 11:46:12,2026-07-12,Sunday,11,False,Traditional,6,CASH-121,Cash,47,11,True,346.22,72.2,221.0,40.2,31.9,37.6,0.0,,330.6,3
TXN-CRT-001-001851,2026-07-12 11:53:46,2026-07-12,Sunday,11,False,Traditional,3,CASH-129,Cash,10,4,True,72.22,53.4,31.7,43.4,62.5,17.7,0.0,,155.4,4
TXN-CRT-001-001852,2026-07-12 11:56:24,2026-07-12,Sunday,11,False,Traditional,8,CASH-107,Flous (Mobile),38,4,True,179.18,70.7,157.3,23.1,38.6,31.7,158.6,Supervisor approval needed,409.2,2
TXN-CRT-001-001853,2026-07-12 12:00:31,2026-07-12,Sunday,12,False,Self-Service,10,,Flous (Mobile),37,11,True,193.19,106.0,341.5,42.3,23.8,45.6,0.0,,453.2,3
TXN-CRT-001-001854,2026-07-12 12:05:23,2026-07-12,Sunday,12,False,Traditional,6,CASH-127,Card (International),26,10,True,97.74,6.7,161.2,24.6,37.0,35.2,0.0,,258.1,4
TXN-CRT-001-001855,2026-07-12 12:08:32,2026-07-12,Sunday,12,False,Self-Service,10,,Cash,18,5,True,46.66,82.4,147.7,37.2,67.2,30.3,0.0,,282.4,4
TXN-CRT-001-001856,2026-07-12 12:23:19,2026-07-12,Sunday,12,False,Traditional,2,CASH-119,Cash,5,4,True,29.68,46.5,31.9,43.7,70.8,32.7,0.0,,179.1,4
TXN-CRT-001-001857,2026-07-12 12:27:57,2026-07-12,Sunday,12,False,Traditional,4,CASH-104,Card (Local),16,5,True,80.15,92.4,47.2,26.0,23.9,25.0,0.0,,122.2,3
TXN-CRT-001-001858,2026-07-12 12:29:50,2026-07-12,Sunday,12,False,Traditional,4,CASH-102,Cash,11,0,False,65.95,36.3,37.8,0.0,72.3,29.1,0.0,,139.2,4
TXN-CRT-001-001859,2026-07-12 12:42:50,2026-07-12,Sunday,12,False,Traditional,8,CASH-118,Flous (Mobile),28,9,True,273.54,35.2,173.8,37.9,39.2,33.9,0.0,,284.8,4
TXN-CRT-001-001860,2026-07-12 12:48:20,2026-07-12,Sunday,12,False,Traditional,2,CASH-133,Card (Local),26,5,True,185.59,16.8,114.9,15.5,20.0,34.5,0.0,,184.8,4
TXN-CRT-001-001861,2026-07-12 12:52:12,2026-07-12,Sunday,12,False,Traditional,5,CASH-124,Cash,40,10,True,330.96,47.5,227.4,15.9,44.1,29.0,0.0,,316.5,3
TXN-CRT-001-001862,2026-07-12 13:04:11,2026-07-12,Sunday,13,False,Traditional,5,CASH-111,Flous (Mobile),1,0,False,3.7,15.8,3.6,0.0,20.7,28.3,0.0,,52.6,4
TXN-CRT-001-001863,2026-07-12 13:08:07,2026-07-12,Sunday,13,False,Traditional,5,CASH-117,Check,29,6,True,243.48,44.4,216.8,28.2,40.0,18.5,0.0,,303.5,4
TXN-CRT-001-001864,2026-07-12 13:09:11,2026-07-12,Sunday,13,False,Traditional,1,CASH-108,Cash,43,10,True,319.97,55.6,301.7,42.8,60.6,28.8,0.0,,433.8,4
TXN-CRT-001-001865,2026-07-12 13:09:15,2026-07-12,Sunday,13,False,Express (<10 items),12,CASH-140,Card (Local),28,6,True,172.75,27.2,171.2,37.8,27.8,25.7,0.0,,262.5,4
TXN-CRT-001-001866,2026-07-12 13:09:19,2026-07-12,Sunday,13,False,Express (<10 items),13,CASH-139,Cash,6,2,True,42.1,11.0,24.1,19.9,25.9,31.2,0.0,,101.1,4
TXN-CRT-001-001867,2026-07-12 13:19:15,2026-07-12,Sunday,13,False,Traditional,1,CASH-118,Cash,4,2,True,20.66,8.3,25.5,30.1,74.3,24.4,0.0,,154.3,4
TXN-CRT-001-001868,2026-07-12 13:20:22,2026-07-12,Sunday,13,False,Traditional,3,CASH-124,Cash,1,0,False,2.53,20.9,2.5,0.0,57.0,29.5,0.0,,89.0,4
TXN-CRT-001-001869,2026-07-12 13:21:27,2026-07-12,Sunday,13,False,Traditional,7,CASH-128,Card (Local),20,3,True,69.65,7.7,84.8,34.8,23.5,35.1,0.0,,178.2,4
TXN-CRT-001-001870,2026-07-12 13:28:55,2026-07-12,Sunday,13,False,Traditional,5,CASH-120,Check,20,6,True,130.94,54.5,134.7,32.7,64.5,15.8,0.0,,247.6,4
TXN-CRT-001-001871,2026-07-12 13:34:27,2026-07-12,Sunday,13,False,Traditional,1,CASH-127,Cash,49,14,True,261.78,211.6,323.1,21.0,37.2,24.8,0.0,,406.1,3
TXN-CRT-001-001872,2026-07-12 13:35:49,2026-07-12,Sunday,13,False,Traditional,2,CASH-126,Cash,13,5,True,79.53,16.5,32.9,43.4,74.7,21.8,0.0,,172.7,4
TXN-CRT-001-001873,2026-07-12 13:36:02,2026-07-12,Sunday,13,False,Traditional,7,CASH-114,Card (Local),11,0,False,45.54,245.2,57.7,0.0,27.1,33.7,0.0,,118.4,3
TXN-CRT-001-001874,2026-07-12 13:42:25,2026-07-12,Sunday,13,False,Traditional,5,CASH-131,Cash,20,7,True,122.34,53.0,116.1,37.7,50.9,27.6,0.0,,232.2,4
TXN-CRT-001-001875,2026-07-12 13:43:45,2026-07-12,Sunday,13,False,Traditional,5,CASH-106,Flous (Mobile),30,8,True,181.17,61.4,83.7,19.8,24.2,17.4,0.0,,145.2,4
TXN-CRT-001-001876,2026-07-12 13:43:49,2026-07-12,Sunday,13,False,Traditional,1,CASH-133,Cash,43,12,True,137.29,11.8,279.7,27.7,69.1,18.2,0.0,,394.6,4
TXN-CRT-001-001877,2026-07-12 13:57:35,2026-07-12,Sunday,13,False,Traditional,4,CASH-103,Cash,29,4,True,297.61,56.3,144.3,30.3,27.4,15.8,0.0,,217.8,4
TXN-CRT-001-001878,2026-07-12 13:58:24,2026-07-12,Sunday,13,False,Traditional,8,CASH-106,Cash,13,3,True,65.28,31.9,35.9,15.4,29.5,22.3,0.0,,103.2,4
TXN-CRT-001-001879,2026-07-12 13:59:31,2026-07-12,Sunday,13,False,Traditional,4,CASH-109,Card (International),20,4,True,77.35,134.6,81.5,38.6,44.2,15.3,167.5,Item return/exchange,347.2,1
TXN-CRT-001-001880,2026-07-12 14:01:34,2026-07-12,Sunday,14,False,Traditional,5,CASH-103,Cash,34,7,True,193.72,8.3,94.5,41.7,26.7,20.2,0.0,,183.1,4
TXN-CRT-001-001881,2026-07-12 14:02:23,2026-07-12,Sunday,14,False,Traditional,2,CASH-125,Card (International),15,4,True,84.51,32.4,61.5,26.8,47.9,32.7,0.0,,169.0,4
TXN-CRT-001-001882,2026-07-12 14:04:36,2026-07-12,Sunday,14,False,Self-Service,10,,Cash,8,3,True,37.82,24.3,77.1,73.7,36.6,37.2,0.0,,224.7,4
TXN-CRT-001-001883,2026-07-12 14:09:25,2026-07-12,Sunday,14,False,Traditional,8,CASH-114,Cash,7,2,True,48.93,63.2,36.9,23.3,35.5,29.4,0.0,,125.1,3
TXN-CRT-001-001884,2026-07-12 14:10:34,2026-07-12,Sunday,14,False,Traditional,2,CASH-116,Cash,1,0,False,6.37,3.8,5.4,0.0,49.9,28.1,0.0,,83.4,4
TXN-CRT-001-001885,2026-07-12 14:18:39,2026-07-12,Sunday,14,False,Traditional,3,CASH-123,Check,24,6,True,135.59,131.8,84.1,15.4,54.7,38.3,0.0,,192.5,3
TXN-CRT-001-001886,2026-07-12 14:30:34,2026-07-12,Sunday,14,False,Traditional,8,CASH-132,Flous (Mobile),5,1,True,33.43,61.4,18.8,38.8,23.5,30.8,0.0,,111.9,4
TXN-CRT-001-001887,2026-07-12 14:32:33,2026-07-12,Sunday,14,False,Traditional,8,CASH-123,Cash,8,5,True,20.03,58.3,58.7,32.5,27.1,33.9,0.0,,152.1,4
TXN-CRT-001-001888,2026-07-12 14:32:58,2026-07-12,Sunday,14,False,Traditional,3,CASH-131,Cash,10,3,True,75.51,17.3,68.0,15.4,39.7,31.5,0.0,,154.7,4
TXN-CRT-001-001889,2026-07-12 14:33:28,2026-07-12,Sunday,14,False,Traditional,3,CASH-118,Cash,17,3,True,69.96,85.6,112.7,24.4,47.4,30.6,0.0,,215.1,4
TXN-CRT-001-001890,2026-07-12 14:42:58,2026-07-12,Sunday,14,False,Express (<10 items),12,CASH-145,Cash,13,2,True,59.34,79.6,35.0,37.8,32.0,28.9,0.0,,133.8,3
TXN-CRT-001-001891,2026-07-12 14:45:09,2026-07-12,Sunday,14,False,Traditional,1,CASH-130,Cash,22,6,True,136.98,112.6,129.7,44.6,44.5,25.8,0.0,,244.6,3
TXN-CRT-001-001892,2026-07-12 14:50:02,2026-07-12,Sunday,14,False,Traditional,3,CASH-121,Flous (Mobile),3,1,True,18.88,38.5,13.3,20.0,34.6,29.4,0.0,,97.3,4
TXN-CRT-001-001893,2026-07-12 14:56:46,2026-07-12,Sunday,14,False,Traditional,2,CASH-126,Flous (Mobile),5,0,False,13.66,10.9,37.4,0.0,21.4,20.1,0.0,,78.9,4
TXN-CRT-001-001894,2026-07-12 14:57:41,2026-07-12,Sunday,14,False,Traditional,8,CASH-130,Cash,15,5,True,66.78,28.2,60.7,34.4,53.2,35.5,0.0,,183.8,4
TXN-CRT-001-001895,2026-07-12 14:58:22,2026-07-12,Sunday,14,False,Traditional,3,CASH-123,Cash,11,3,True,69.75,94.8,39.5,28.8,39.5,32.5,0.0,,140.3,3
TXN-CRT-001-001896,2026-07-12 15:16:30,2026-07-12,Sunday,15,False,Traditional,2,CASH-127,Flous (Mobile),10,3,True,48.37,32.6,51.4,30.3,28.1,19.0,0.0,,128.9,4
TXN-CRT-001-001897,2026-07-12 15:31:28,2026-07-12,Sunday,15,False,Traditional,4,CASH-118,Card (International),3,0,False,15.77,172.5,17.5,0.0,40.8,36.8,0.0,,95.1,3
TXN-CRT-001-001898,2026-07-12 15:36:01,2026-07-12,Sunday,15,False,Traditional,5,CASH-125,Cash,38,8,True,163.51,87.0,229.1,20.4,62.6,21.1,0.0,,333.1,3
TXN-CRT-001-001899,2026-07-12 15:59:26,2026-07-12,Sunday,15,False,Traditional,7,CASH-128,Cash,23,9,True,155.14,156.9,58.0,18.7,71.7,29.0,0.0,,177.3,3
TXN-CRT-001-001900,2026-07-12 16:08:58,2026-07-12,Sunday,16,False,Traditional,3,CASH-132,Cash,5,2,True,38.39,34.1,15.4,21.7,68.4,16.9,0.0,,122.4,4
TXN-CRT-001-001901,2026-07-12 16:23:29,2026-07-12,Sunday,16,False,Traditional,6,CASH-125,Cash,3,0,False,18.71,67.4,13.7,0.0,42.1,35.7,0.0,,91.5,3
TXN-CRT-001-001902,2026-07-12 16:38:38,2026-07-12,Sunday,16,False,Traditional,8,CASH-126,Cash,48,9,True,448.74,21.1,228.6,17.1,31.8,32.6,0.0,,310.1,4
TXN-CRT-001-001903,2026-07-12 16:56:26,2026-07-12,Sunday,16,False,Traditional,8,CASH-129,Cash,22,5,True,191.39,90.3,128.1,31.6,31.7,15.8,0.0,,207.3,4
TXN-CRT-001-001904,2026-07-12 16:59:51,2026-07-12,Sunday,16,False,Traditional,4,CASH-117,Card (Local),13,3,True,95.22,71.1,92.4,30.9,34.7,26.1,0.0,,184.1,3
TXN-CRT-001-001905,2026-07-12 17:08:32,2026-07-12,Sunday,17,False,Traditional,7,CASH-106,Cash,23,7,True,150.83,83.6,88.5,25.7,56.2,37.7,0.0,,208.2,3
TXN-CRT-001-001906,2026-07-12 17:22:49,2026-07-12,Sunday,17,False,Traditional,4,CASH-115,Cash,26,11,True,178.39,36.7,173.7,21.3,25.6,25.9,0.0,,246.5,4
TXN-CRT-001-001907,2026-07-12 17:27:02,2026-07-12,Sunday,17,False,Express (<10 items),12,CASH-140,Cash,27,6,True,184.49,54.6,87.5,20.1,63.0,26.8,0.0,,197.4,4
TXN-CRT-001-001908,2026-07-12 17:45:04,2026-07-12,Sunday,17,False,Traditional,2,CASH-133,Card (International),15,1,True,80.22,52.5,65.9,25.2,47.0,16.6,0.0,,154.7,4
TXN-CRT-001-001909,2026-07-12 17:45:57,2026-07-12,Sunday,17,False,Traditional,3,CASH-107,Flous (Mobile),13,5,True,52.27,36.8,50.8,40.2,29.5,21.5,0.0,,142.1,4
TXN-CRT-001-001910,2026-07-12 17:51:31,2026-07-12,Sunday,17,False,Traditional,6,CASH-126,Cash,1,0,False,6.42,57.1,6.0,0.0,40.5,20.7,0.0,,67.2,4
TXN-CRT-001-001911,2026-07-12 17:52:07,2026-07-12,Sunday,17,False,Traditional,7,CASH-118,Cash,42,15,True,279.91,64.7,142.3,28.3,40.0,35.2,0.0,,245.8,3
TXN-CRT-001-001912,2026-07-12 17:53:01,2026-07-12,Sunday,17,False,Self-Service,9,,Check,19,5,True,147.9,73.5,235.5,36.8,47.0,32.6,0.0,,351.9,3
TXN-CRT-001-001913,2026-07-12 17:56:14,2026-07-12,Sunday,17,False,Express (<10 items),13,CASH-136,Cash,7,4,True,26.39,36.1,42.1,36.2,65.8,24.1,0.0,,168.3,4
TXN-CRT-001-001914,2026-07-12 17:59:12,2026-07-12,Sunday,17,False,Traditional,4,CASH-114,Cash,41,8,True,155.36,86.9,292.2,39.6,40.7,25.8,0.0,,398.3,3
TXN-CRT-001-001915,2026-07-12 18:15:11,2026-07-12,Sunday,18,False,Traditional,8,CASH-111,Cash,41,6,True,273.57,83.0,263.9,31.3,42.2,23.0,0.0,,360.4,3
TXN-CRT-001-001916,2026-07-12 18:15:28,2026-07-12,Sunday,18,False,Traditional,1,CASH-120,Cash,49,12,True,428.42,74.5,302.8,29.8,26.9,24.2,0.0,,383.7,3
TXN-CRT-001-001917,2026-07-12 18:25:37,2026-07-12,Sunday,18,False,Self-Service,10,,Cash,36,9,True,233.65,91.7,429.6,61.3,52.2,35.1,0.0,,578.2,3
TXN-CRT-001-001918,2026-07-12 18:33:00,2026-07-12,Sunday,18,False,Traditional,7,CASH-110,Flous (Mobile),50,11,True,338.92,43.2,141.9,32.5,25.2,23.1,143.9,Barcode not scanning,366.6,3
TXN-CRT-001-001919,2026-07-12 18:35:46,2026-07-12,Sunday,18,False,Traditional,7,CASH-111,Card (Local),9,5,True,46.49,18.5,45.4,27.8,22.2,30.6,0.0,,126.1,4
TXN-CRT-001-001920,2026-07-12 18:37:33,2026-07-12,Sunday,18,False,Traditional,2,CASH-108,Cash,32,10,True,313.65,83.2,224.0,26.3,59.4,36.4,0.0,,346.1,3
TXN-CRT-001-001921,2026-07-12 18:40:47,2026-07-12,Sunday,18,False,Traditional,8,CASH-128,Flous (Mobile),30,8,True,252.43,31.2,161.7,22.3,32.5,37.1,0.0,,253.7,4
TXN-CRT-001-001922,2026-07-12 18:41:18,2026-07-12,Sunday,18,False,Traditional,8,CASH-117,Cash,8,1,True,22.22,11.5,50.8,28.6,42.0,22.9,0.0,,144.2,4
TXN-CRT-001-001923,2026-07-12 18:41:35,2026-07-12,Sunday,18,False,Traditional,1,CASH-123,Cash,4,1,True,15.64,31.9,16.7,29.1,51.5,38.8,0.0,,136.2,4
TXN-CRT-001-001924,2026-07-12 18:47:55,2026-07-12,Sunday,18,False,Traditional,7,CASH-113,Card (Local),48,14,True,322.89,56.2,166.2,31.3,32.0,20.1,0.0,,249.6,4
TXN-CRT-001-001925,2026-07-12 18:55:46,2026-07-12,Sunday,18,False,Traditional,8,CASH-109,Card (Local),10,2,True,34.12,124.9,38.5,35.3,32.9,18.6,0.0,,125.3,3
TXN-CRT-001-001926,2026-07-12 19:01:41,2026-07-12,Sunday,19,False,Traditional,4,CASH-119,Cash,36,13,True,228.52,65.1,109.8,30.8,58.6,34.3,0.0,,233.5,4
TXN-CRT-001-001927,2026-07-12 19:09:29,2026-07-12,Sunday,19,False,Traditional,7,CASH-119,Cash,1,0,False,2.56,91.3,5.9,0.0,70.5,24.4,0.0,,100.8,4
TXN-CRT-001-001928,2026-07-12 19:20:17,2026-07-12,Sunday,19,False,Traditional,3,CASH-109,Card (Local),1,0,False,4.79,82.0,7.3,0.0,22.3,25.4,0.0,,55.0,4
TXN-CRT-001-001929,2026-07-12 19:22:22,2026-07-12,Sunday,19,False,Traditional,1,CASH-108,Card (Local),14,1,True,40.6,62.8,101.7,44.9,28.8,15.6,0.0,,191.0,3
TXN-CRT-001-001930,2026-07-12 19:25:04,2026-07-12,Sunday,19,False,Traditional,6,CASH-120,Card (Local),8,3,True,39.96,40.6,33.8,44.8,26.0,33.9,0.0,,138.5,4
TXN-CRT-001-001931,2026-07-12 19:25:32,2026-07-12,Sunday,19,False,Traditional,1,CASH-126,Cash,22,6,True,222.71,21.0,131.5,27.4,29.8,39.8,0.0,,228.4,4
TXN-CRT-001-001932,2026-07-12 19:25:47,2026-07-12,Sunday,19,False,Traditional,7,CASH-107,Cash,18,4,True,62.52,186.5,56.1,33.3,33.9,29.3,0.0,,152.6,3
TXN-CRT-001-001933,2026-07-12 19:34:00,2026-07-12,Sunday,19,False,Traditional,3,CASH-101,Cash,4,0,False,29.64,32.6,25.4,0.0,60.6,19.4,0.0,,105.5,4
TXN-CRT-001-001934,2026-07-12 19:35:04,2026-07-12,Sunday,19,False,Traditional,2,CASH-102,Cash,6,0,False,27.44,40.0,21.7,0.0,50.5,32.4,0.0,,104.6,4
TXN-CRT-001-001935,2026-07-12 19:38:12,2026-07-12,Sunday,19,False,Traditional,3,CASH-119,Check,12,2,True,95.03,45.6,75.9,40.7,49.3,21.0,0.0,,186.8,4
TXN-CRT-001-001936,2026-07-12 19:43:50,2026-07-12,Sunday,19,False,Traditional,3,CASH-133,Cash,7,2,True,52.48,31.9,47.9,17.8,50.1,21.9,0.0,,137.7,4
TXN-CRT-001-001937,2026-07-12 19:49:12,2026-07-12,Sunday,19,False,Traditional,4,CASH-113,Cash,28,5,True,275.43,71.9,79.0,31.2,33.2,28.5,0.0,,171.9,3
TXN-CRT-001-001938,2026-07-12 20:00:10,2026-07-12,Sunday,20,False,Traditional,6,CASH-121,Card (International),13,2,True,43.53,32.4,92.5,22.2,31.5,15.1,0.0,,161.3,4
TXN-CRT-001-001939,2026-07-12 20:03:00,2026-07-12,Sunday,20,False,Traditional,6,CASH-103,Cash,4,2,True,30.13,39.3,16.9,21.7,35.2,37.9,0.0,,111.7,4
TXN-CRT-001-001940,2026-07-12 20:05:26,2026-07-12,Sunday,20,False,Traditional,3,CASH-104,Cash,15,4,True,87.26,30.4,69.8,20.7,58.4,36.8,177.6,Promo code issue,363.3,2
TXN-CRT-001-001941,2026-07-12 20:05:49,2026-07-12,Sunday,20,False,Traditional,2,CASH-122,Card (International),4,1,True,30.93,38.6,26.3,31.4,34.5,26.1,0.0,,118.2,4
TXN-CRT-001-001942,2026-07-12 20:07:24,2026-07-12,Sunday,20,False,Traditional,7,CASH-133,Flous (Mobile),6,0,False,33.09,17.7,38.8,0.0,31.7,25.9,0.0,,96.4,4
TXN-CRT-001-001943,2026-07-12 20:13:25,2026-07-12,Sunday,20,False,Traditional,6,CASH-107,Card (Local),8,1,True,29.47,14.0,27.8,38.4,31.5,16.5,0.0,,114.2,4
TXN-CRT-001-001944,2026-07-12 20:16:39,2026-07-12,Sunday,20,False,Traditional,1,CASH-113,Cash,34,8,True,289.62,143.1,229.6,27.2,51.8,24.6,0.0,,333.3,2
TXN-CRT-001-001945,2026-07-12 20:18:57,2026-07-12,Sunday,20,False,Traditional,6,CASH-128,Card (Local),42,8,True,348.84,91.7,149.2,28.1,18.9,32.0,0.0,,228.2,3
TXN-CRT-001-001946,2026-07-12 20:22:43,2026-07-12,Sunday,20,False,Traditional,8,CASH-124,Card (International),30,5,True,222.54,128.4,216.5,20.2,25.5,19.2,0.0,,281.5,3
TXN-CRT-001-001947,2026-07-12 20:23:11,2026-07-12,Sunday,20,False,Traditional,2,CASH-105,Cash,11,4,True,54.78,136.2,51.7,30.6,64.6,31.0,0.0,,177.9,3
TXN-CRT-001-001948,2026-07-12 20:25:02,2026-07-12,Sunday,20,False,Traditional,5,CASH-119,Cash,9,4,True,31.77,23.5,64.5,34.9,44.6,17.0,0.0,,161.0,4
TXN-CRT-001-001949,2026-07-12 20:27:31,2026-07-12,Sunday,20,False,Traditional,7,CASH-126,Flous (Mobile),17,2,True,128.18,124.6,43.9,31.6,27.7,17.6,0.0,,120.8,3
TXN-CRT-001-001950,2026-07-12 20:28:09,2026-07-12,Sunday,20,False,Traditional,3,CASH-104,Cash,24,5,True,155.33,102.9,107.3,41.8,50.7,15.4,0.0,,215.1,3
TXN-CRT-001-001951,2026-07-12 20:32:43,2026-07-12,Sunday,20,False,Traditional,2,CASH-121,Card (International),50,18,True,244.45,38.4,300.2,27.2,40.2,27.9,0.0,,395.5,4
TXN-CRT-001-001952,2026-07-12 20:35:20,2026-07-12,Sunday,20,False,Traditional,3,CASH-106,Cash,6,0,False,16.61,64.6,38.5,0.0,58.4,22.0,0.0,,118.9,3
TXN-CRT-001-001953,2026-07-12 20:41:16,2026-07-12,Sunday,20,False,Traditional,2,CASH-135,Cash,2,1,True,15.42,89.5,5.9,39.2,37.0,36.3,0.0,,118.4,4
TXN-CRT-001-001954,2026-07-12 20:43:07,2026-07-12,Sunday,20,False,Traditional,3,CASH-115,Cash,23,10,True,233.36,76.6,156.2,35.4,36.4,17.4,0.0,,245.4,4
TXN-CRT-001-001955,2026-07-12 20:43:31,2026-07-12,Sunday,20,False,Express (<10 items),13,CASH-143,Card (International),31,13,True,241.87,45.9,169.0,22.0,34.4,19.5,0.0,,244.9,4
TXN-CRT-001-001956,2026-07-12 20:44:33,2026-07-12,Sunday,20,False,Express (<10 items),13,CASH-142,Cash,33,8,True,170.5,56.8,93.7,40.1,40.3,22.3,125.3,Payment terminal error,321.7,3
TXN-CRT-001-001957,2026-07-12 20:45:12,2026-07-12,Sunday,20,False,Traditional,8,CASH-123,Card (Local),22,4,True,143.81,70.2,122.7,42.8,34.2,18.8,0.0,,218.5,3
TXN-CRT-001-001958,2026-07-12 20:51:09,2026-07-12,Sunday,20,False,Traditional,1,CASH-114,Card (Local),45,9,True,212.91,37.4,191.7,37.9,19.8,15.0,0.0,,264.4,4
TXN-CRT-001-001959,2026-07-12 20:54:14,2026-07-12,Sunday,20,False,Traditional,5,CASH-130,Card (Local),16,6,True,75.42,75.7,74.2,16.1,30.4,34.4,0.0,,155.0,4
TXN-CRT-001-001960,2026-07-12 20:57:20,2026-07-12,Sunday,20,False,Traditional,4,CASH-103,Check,41,14,True,182.92,28.3,254.2,38.7,49.1,24.7,92.8,Price check required,459.6,2
TXN-CRT-001-001961,2026-07-12 20:59:15,2026-07-12,Sunday,20,False,Traditional,7,CASH-103,Card (Local),47,12,True,215.34,127.3,267.2,28.3,28.4,23.4,0.0,,347.3,2
TXN-CRT-001-001962,2026-07-12 21:10:27,2026-07-12,Sunday,21,False,Traditional,5,CASH-121,Cash,33,10,True,322.07,99.7,187.1,18.2,66.1,24.5,0.0,,296.0,4
TXN-CRT-001-001963,2026-07-12 21:10:40,2026-07-12,Sunday,21,False,Traditional,1,CASH-130,Check,10,3,True,76.15,90.8,70.1,23.3,88.2,25.4,0.0,,207.0,3
TXN-CRT-001-001964,2026-07-12 21:11:03,2026-07-12,Sunday,21,False,Traditional,3,CASH-135,Card (Local),7,2,True,23.15,66.8,36.6,23.6,34.8,36.8,0.0,,131.9,4
TXN-CRT-001-001965,2026-07-12 21:21:12,2026-07-12,Sunday,21,False,Traditional,3,CASH-114,Cash,17,6,True,100.18,59.8,112.9,42.3,46.5,16.4,0.0,,218.1,4
TXN-CRT-001-001966,2026-07-12 21:26:22,2026-07-12,Sunday,21,False,Traditional,1,CASH-117,Cash,14,4,True,92.52,102.2,82.8,19.6,35.6,28.1,0.0,,166.1,4
TXN-CRT-001-001967,2026-07-12 21:28:25,2026-07-12,Sunday,21,False,Traditional,6,CASH-106,Flous (Mobile),36,9,True,170.88,19.4,137.9,22.6,36.7,26.5,0.0,,223.8,4
TXN-CRT-001-001968,2026-07-12 21:44:43,2026-07-12,Sunday,21,False,Traditional,1,CASH-102,Cash,4,0,False,26.31,25.5,22.8,0.0,25.8,26.6,0.0,,75.2,4
TXN-CRT-001-001969,2026-07-13 08:14:20,2026-07-13,Monday,8,False,Traditional,4,CASH-135,Card (Local),9,3,True,55.24,77.0,45.7,15.7,22.1,31.5,0.0,,115.0,3
TXN-CRT-001-001970,2026-07-13 08:14:46,2026-07-13,Monday,8,False,Traditional,7,CASH-104,Cash,25,6,True,252.02,49.2,142.3,37.5,67.0,25.8,0.0,,272.7,4
TXN-CRT-001-001971,2026-07-13 08:25:59,2026-07-13,Monday,8,False,Traditional,5,CASH-132,Cash,4,0,False,26.08,32.0,20.8,0.0,36.7,20.6,0.0,,78.1,4
TXN-CRT-001-001972,2026-07-13 08:34:07,2026-07-13,Monday,8,False,Traditional,5,CASH-123,Card (Local),10,4,True,56.02,107.5,31.1,37.9,22.3,29.4,0.0,,120.7,3
TXN-CRT-001-001973,2026-07-13 09:00:06,2026-07-13,Monday,9,False,Traditional,3,CASH-103,Cash,12,4,True,44.37,55.6,45.3,39.3,33.5,38.0,0.0,,156.2,4
TXN-CRT-001-001974,2026-07-13 09:03:58,2026-07-13,Monday,9,False,Traditional,5,CASH-122,Cash,20,8,True,63.0,64.5,119.5,23.8,62.9,19.4,147.5,Promo code issue,373.1,2
TXN-CRT-001-001975,2026-07-13 09:11:51,2026-07-13,Monday,9,False,Traditional,6,CASH-104,Card (Local),6,0,False,21.74,109.3,43.7,0.0,33.3,16.8,0.0,,93.9,3
TXN-CRT-001-001976,2026-07-13 09:17:23,2026-07-13,Monday,9,False,Express (<10 items),12,CASH-139,Cash,34,9,True,286.5,45.4,110.3,40.8,59.0,18.5,0.0,,228.6,4
TXN-CRT-001-001977,2026-07-13 09:28:14,2026-07-13,Monday,9,False,Traditional,2,CASH-121,Card (International),14,2,True,46.73,174.2,96.1,31.4,28.0,35.4,0.0,,190.9,3
TXN-CRT-001-001978,2026-07-13 09:43:17,2026-07-13,Monday,9,False,Traditional,5,CASH-118,Flous (Mobile),41,14,True,298.43,21.0,190.7,25.0,20.9,23.2,140.5,Item return/exchange,400.3,2
TXN-CRT-001-001979,2026-07-13 09:44:45,2026-07-13,Monday,9,False,Self-Service,10,,Card (International),15,2,True,48.42,107.1,88.2,48.3,40.0,27.2,0.0,,203.7,3
TXN-CRT-001-001980,2026-07-13 09:46:08,2026-07-13,Monday,9,False,Traditional,8,CASH-124,Cash,9,3,True,51.78,33.7,65.9,37.5,43.3,33.5,0.0,,180.2,4
TXN-CRT-001-001981,2026-07-13 09:47:16,2026-07-13,Monday,9,False,Traditional,8,CASH-108,Cash,6,2,True,32.82,95.8,22.5,26.9,32.6,39.3,0.0,,121.4,4
TXN-CRT-001-001982,2026-07-13 09:54:36,2026-07-13,Monday,9,False,Traditional,1,CASH-114,Card (Local),1,0,False,6.04,28.7,5.0,0.0,22.8,16.2,0.0,,44.0,4
TXN-CRT-001-001983,2026-07-13 09:54:36,2026-07-13,Monday,9,False,Traditional,8,CASH-128,Flous (Mobile),16,7,True,113.29,13.9,115.9,44.1,36.8,27.0,0.0,,223.8,4
TXN-CRT-001-001984,2026-07-13 10:03:40,2026-07-13,Monday,10,False,Traditional,2,CASH-118,Flous (Mobile),5,2,True,23.05,96.6,18.9,32.9,31.8,18.9,0.0,,102.5,4
TXN-CRT-001-001985,2026-07-13 10:04:59,2026-07-13,Monday,10,False,Traditional,6,CASH-103,Flous (Mobile),12,2,True,40.54,38.5,75.5,37.1,20.4,20.6,91.6,Barcode not scanning,245.2,4
TXN-CRT-001-001986,2026-07-13 10:09:26,2026-07-13,Monday,10,False,Traditional,3,CASH-109,Cash,18,1,True,122.8,14.4,118.9,23.6,45.6,21.1,0.0,,209.2,4
TXN-CRT-001-001987,2026-07-13 10:20:48,2026-07-13,Monday,10,False,Traditional,4,CASH-120,Cash,9,1,True,69.02,99.8,51.7,30.5,65.6,23.3,154.5,Item return/exchange,325.6,2
TXN-CRT-001-001988,2026-07-13 10:26:16,2026-07-13,Monday,10,False,Traditional,7,CASH-112,Cash,7,1,True,22.71,59.5,35.4,29.9,30.3,29.6,0.0,,125.2,4
TXN-CRT-001-001989,2026-07-13 10:26:40,2026-07-13,Monday,10,False,Traditional,8,CASH-110,Cash,27,10,True,242.2,38.4,83.4,18.8,35.6,27.2,0.0,,165.0,4
TXN-CRT-001-001990,2026-07-13 10:26:56,2026-07-13,Monday,10,False,Traditional,7,CASH-103,Cash,44,16,True,403.59,66.9,245.1,29.5,39.4,26.8,0.0,,340.9,3
TXN-CRT-001-001991,2026-07-13 10:34:34,2026-07-13,Monday,10,False,Traditional,8,CASH-122,Check,4,0,False,11.22,45.1,21.4,0.0,74.6,26.8,0.0,,122.7,4
TXN-CRT-001-001992,2026-07-13 10:42:55,2026-07-13,Monday,10,False,Traditional,4,CASH-121,Cash,6,1,True,21.03,41.0,22.5,36.4,26.5,32.8,0.0,,118.2,4
TXN-CRT-001-001993,2026-07-13 10:45:26,2026-07-13,Monday,10,False,Traditional,3,CASH-101,Cash,46,12,True,234.15,88.8,236.4,41.7,59.4,37.9,0.0,,375.4,3
TXN-CRT-001-001994,2026-07-13 10:51:23,2026-07-13,Monday,10,False,Traditional,1,CASH-113,Cash,2,0,False,11.27,60.0,8.3,0.0,71.7,33.9,0.0,,113.8,4
TXN-CRT-001-001995,2026-07-13 10:55:45,2026-07-13,Monday,10,False,Traditional,8,CASH-107,Flous (Mobile),48,11,True,293.5,27.2,307.4,33.0,28.1,38.6,0.0,,407.1,3
TXN-CRT-001-001996,2026-07-13 11:00:10,2026-07-13,Monday,11,False,Traditional,5,CASH-110,Card (Local),1,0,False,5.85,50.3,3.6,0.0,24.4,16.5,0.0,,44.5,4
TXN-CRT-001-001997,2026-07-13 11:06:50,2026-07-13,Monday,11,False,Express (<10 items),13,CASH-137,Card (Local),36,9,True,305.82,87.9,234.0,18.1,18.1,17.6,95.5,Promo code issue,383.3,2
TXN-CRT-001-001998,2026-07-13 11:07:08,2026-07-13,Monday,11,False,Traditional,2,CASH-124,Flous (Mobile),10,3,True,39.36,20.3,35.5,34.2,27.1,36.4,0.0,,133.3,4
TXN-CRT-001-001999,2026-07-13 11:07:21,2026-07-13,Monday,11,False,Traditional,2,CASH-122,Cash,43,12,True,365.75,114.1,253.4,32.6,39.1,22.7,0.0,,347.7,3
TXN-CRT-001-002000,2026-07-13 11:11:53,2026-07-13,Monday,11,False,Traditional,8,CASH-123,Card (Local),10,1,True,75.35,58.5,63.7,18.5,18.3,24.9,0.0,,125.4,4
TXN-CRT-001-002001,2026-07-13 11:18:28,2026-07-13,Monday,11,False,Traditional,8,CASH-124,Cash,21,7,True,196.75,55.2,87.0,44.2,43.7,32.2,0.0,,207.2,4
TXN-CRT-001-002002,2026-07-13 11:19:20,2026-07-13,Monday,11,False,Traditional,8,CASH-112,Cash,4,1,True,27.09,57.3,21.2,43.4,71.8,20.4,0.0,,156.8,4
TXN-CRT-001-002003,2026-07-13 11:20:38,2026-07-13,Monday,11,False,Self-Service,10,,Flous (Mobile),8,4,True,60.53,147.7,60.8,49.8,23.0,45.0,0.0,,178.6,3
TXN-CRT-001-002004,2026-07-13 11:23:32,2026-07-13,Monday,11,False,Traditional,3,CASH-118,Card (International),27,6,True,234.92,50.5,101.0,22.3,34.6,21.7,0.0,,179.7,4
TXN-CRT-001-002005,2026-07-13 11:25:54,2026-07-13,Monday,11,False,Traditional,7,CASH-105,Cash,16,6,True,126.92,38.8,110.3,30.5,62.8,20.5,0.0,,224.1,4
TXN-CRT-001-002006,2026-07-13 11:30:24,2026-07-13,Monday,11,False,Traditional,8,CASH-129,Cash,42,14,True,242.51,45.8,236.1,44.3,37.0,24.2,0.0,,341.6,4
TXN-CRT-001-002007,2026-07-13 11:34:30,2026-07-13,Monday,11,False,Traditional,3,CASH-108,Card (Local),13,3,True,95.37,96.6,89.9,26.9,26.9,28.4,0.0,,172.1,4
TXN-CRT-001-002008,2026-07-13 11:38:54,2026-07-13,Monday,11,False,Traditional,3,CASH-128,Cash,35,8,True,163.43,79.3,119.1,39.2,66.8,37.0,0.0,,262.1,4
TXN-CRT-001-002009,2026-07-13 11:41:19,2026-07-13,Monday,11,False,Traditional,6,CASH-126,Cash,14,6,True,53.94,51.1,95.6,17.8,37.7,35.2,0.0,,186.3,4
TXN-CRT-001-002010,2026-07-13 11:42:03,2026-07-13,Monday,11,False,Traditional,4,CASH-122,Cash,48,14,True,413.82,197.2,292.8,28.7,41.5,33.2,0.0,,396.1,3
TXN-CRT-001-002011,2026-07-13 11:42:48,2026-07-13,Monday,11,False,Traditional,8,CASH-121,Cash,46,16,True,244.38,74.8,315.0,28.5,48.2,21.9,0.0,,413.5,3
TXN-CRT-001-002012,2026-07-13 11:47:35,2026-07-13,Monday,11,False,Traditional,1,CASH-114,Card (International),11,4,True,59.33,24.2,61.4,32.3,35.4,28.4,0.0,,157.4,4
TXN-CRT-001-002013,2026-07-13 11:51:41,2026-07-13,Monday,11,False,Self-Service,11,,Cash,37,10,True,287.57,7.0,299.9,68.0,49.0,33.5,0.0,,450.4,4
TXN-CRT-001-002014,2026-07-13 11:51:47,2026-07-13,Monday,11,False,Traditional,6,CASH-125,Cash,33,5,True,176.13,80.0,98.0,42.9,58.2,34.3,0.0,,233.4,3
TXN-CRT-001-002015,2026-07-13 11:53:54,2026-07-13,Monday,11,False,Traditional,1,CASH-103,Cash,8,1,True,60.28,41.0,33.7,21.2,69.9,28.5,0.0,,153.3,4
TXN-CRT-001-002016,2026-07-13 11:54:13,2026-07-13,Monday,11,False,Traditional,7,CASH-108,Flous (Mobile),20,9,True,120.62,13.4,108.1,42.7,30.4,33.6,0.0,,214.8,4
TXN-CRT-001-002017,2026-07-13 11:54:45,2026-07-13,Monday,11,False,Traditional,3,CASH-135,Cash,3,0,False,20.23,47.0,9.1,0.0,58.7,39.2,0.0,,107.0,4
TXN-CRT-001-002018,2026-07-13 12:05:03,2026-07-13,Monday,12,False,Self-Service,11,,Cash,32,5,True,249.93,83.8,282.0,35.0,60.7,24.8,0.0,,402.5,3
TXN-CRT-001-002019,2026-07-13 12:13:33,2026-07-13,Monday,12,False,Traditional,4,CASH-106,Cash,7,2,True,27.04,44.4,41.5,34.8,50.3,31.5,0.0,,158.1,4
TXN-CRT-001-002020,2026-07-13 12:13:34,2026-07-13,Monday,12,False,Traditional,6,CASH-107,Card (International),3,1,True,23.0,49.2,17.7,27.7,48.1,29.7,0.0,,123.2,4
TXN-CRT-001-002021,2026-07-13 12:25:31,2026-07-13,Monday,12,False,Express (<10 items),12,CASH-143,Card (Local),13,2,True,67.59,6.3,55.9,27.3,23.2,16.8,110.7,Barcode not scanning,233.9,3
TXN-CRT-001-002022,2026-07-13 12:28:46,2026-07-13,Monday,12,False,Traditional,5,CASH-101,Card (International),18,3,True,56.93,80.1,84.6,31.7,42.8,26.2,0.0,,185.3,4
TXN-CRT-001-002023,2026-07-13 12:34:53,2026-07-13,Monday,12,False,Express (<10 items),12,CASH-139,Check,34,8,True,149.08,10.6,224.3,39.3,74.7,28.7,175.3,Promo code issue,542.3,2
TXN-CRT-001-002024,2026-07-13 12:36:55,2026-07-13,Monday,12,False,Traditional,6,CASH-109,Card (International),48,6,True,170.8,31.8,321.6,20.0,37.3,29.1,0.0,,407.9,3
TXN-CRT-001-002025,2026-07-13 12:37:24,2026-07-13,Monday,12,False,Traditional,7,CASH-103,Card (Local),14,5,True,85.86,62.3,72.4,26.0,29.0,21.5,0.0,,148.9,4
TXN-CRT-001-002026,2026-07-13 12:38:47,2026-07-13,Monday,12,False,Traditional,7,CASH-116,Cash,3,0,False,12.71,26.7,16.2,0.0,56.2,25.1,0.0,,97.6,4
TXN-CRT-001-002027,2026-07-13 12:40:53,2026-07-13,Monday,12,False,Traditional,6,CASH-110,Cash,25,9,True,138.91,31.4,99.0,36.6,42.4,40.0,0.0,,218.0,4
TXN-CRT-001-002028,2026-07-13 12:44:07,2026-07-13,Monday,12,False,Express (<10 items),13,CASH-141,Check,18,6,True,94.12,60.2,106.2,36.4,43.1,34.9,0.0,,220.6,3
TXN-CRT-001-002029,2026-07-13 12:44:18,2026-07-13,Monday,12,False,Traditional,1,CASH-113,Cash,14,4,True,73.18,63.8,97.9,21.1,51.5,24.2,0.0,,194.7,4
TXN-CRT-001-002030,2026-07-13 12:45:47,2026-07-13,Monday,12,False,Traditional,1,CASH-135,Cash,10,2,True,60.33,52.3,49.7,29.8,31.2,33.8,0.0,,144.4,4
TXN-CRT-001-002031,2026-07-13 12:48:17,2026-07-13,Monday,12,False,Traditional,2,CASH-113,Card (Local),15,4,True,43.55,5.6,56.6,36.3,32.4,21.8,0.0,,147.1,4
TXN-CRT-001-002032,2026-07-13 12:50:25,2026-07-13,Monday,12,False,Traditional,3,CASH-126,Cash,11,2,True,87.43,8.3,27.8,37.4,38.6,34.6,0.0,,138.3,4
TXN-CRT-001-002033,2026-07-13 12:54:44,2026-07-13,Monday,12,False,Traditional,5,CASH-105,Card (Local),26,6,True,148.54,96.6,70.9,22.2,32.6,18.1,0.0,,143.7,3
TXN-CRT-001-002034,2026-07-13 12:59:40,2026-07-13,Monday,12,False,Express (<10 items),12,CASH-140,Card (Local),17,6,True,50.56,37.8,71.3,28.3,34.9,27.2,0.0,,161.7,4
TXN-CRT-001-002035,2026-07-13 13:02:42,2026-07-13,Monday,13,False,Traditional,6,CASH-118,Cash,36,9,True,263.76,219.2,184.3,19.8,61.6,27.6,0.0,,293.4,3
TXN-CRT-001-002036,2026-07-13 13:06:05,2026-07-13,Monday,13,False,Traditional,6,CASH-108,Flous (Mobile),17,6,True,132.82,60.5,106.2,24.2,29.1,20.2,0.0,,179.6,3
TXN-CRT-001-002037,2026-07-13 13:06:20,2026-07-13,Monday,13,False,Traditional,5,CASH-131,Cash,8,1,True,26.45,172.0,59.8,36.3,53.8,33.5,0.0,,183.4,3
TXN-CRT-001-002038,2026-07-13 13:08:16,2026-07-13,Monday,13,False,Traditional,5,CASH-110,Cash,33,6,True,200.36,43.9,225.0,18.4,67.6,38.0,0.0,,349.1,4
TXN-CRT-001-002039,2026-07-13 13:11:27,2026-07-13,Monday,13,False,Traditional,3,CASH-105,Card (Local),17,8,True,120.65,34.1,59.1,27.3,28.7,36.9,0.0,,152.1,4
TXN-CRT-001-002040,2026-07-13 13:11:32,2026-07-13,Monday,13,False,Traditional,7,CASH-127,Card (Local),8,2,True,46.3,80.8,37.8,43.2,26.6,35.9,0.0,,143.5,3
TXN-CRT-001-002041,2026-07-13 13:12:33,2026-07-13,Monday,13,False,Self-Service,10,,Card (International),20,5,True,57.81,110.0,236.1,64.7,41.7,47.3,0.0,,389.8,3
TXN-CRT-001-002042,2026-07-13 13:19:27,2026-07-13,Monday,13,False,Traditional,7,CASH-122,Cash,11,3,True,39.5,44.1,73.7,24.7,73.7,33.6,0.0,,205.7,4
TXN-CRT-001-002043,2026-07-13 13:21:35,2026-07-13,Monday,13,False,Traditional,4,CASH-105,Card (Local),32,6,True,197.83,79.0,183.6,32.7,31.5,32.3,0.0,,280.2,3
TXN-CRT-001-002044,2026-07-13 13:25:03,2026-07-13,Monday,13,False,Traditional,3,CASH-120,Cash,14,4,True,38.1,10.7,43.4,24.7,60.7,15.1,0.0,,143.9,4
TXN-CRT-001-002045,2026-07-13 13:31:27,2026-07-13,Monday,13,False,Self-Service,10,,Flous (Mobile),24,3,True,130.4,24.2,229.1,53.3,39.3,24.7,0.0,,346.4,4
TXN-CRT-001-002046,2026-07-13 13:35:35,2026-07-13,Monday,13,False,Traditional,5,CASH-135,Cash,4,1,True,16.47,68.5,25.9,16.4,31.0,37.5,0.0,,110.8,3
TXN-CRT-001-002047,2026-07-13 13:37:06,2026-07-13,Monday,13,False,Traditional,3,CASH-108,Card (Local),13,3,True,103.74,38.0,58.3,29.8,24.0,27.0,0.0,,139.1,4
TXN-CRT-001-002048,2026-07-13 13:39:48,2026-07-13,Monday,13,False,Traditional,4,CASH-105,Cash,49,16,True,243.54,62.2,229.8,44.7,69.1,29.4,0.0,,372.9,3
TXN-CRT-001-002049,2026-07-13 13:39:58,2026-07-13,Monday,13,False,Traditional,3,CASH-107,Cash,29,7,True,180.22,69.3,172.3,18.1,46.5,33.5,0.0,,270.4,4
TXN-CRT-001-002050,2026-07-13 13:43:30,2026-07-13,Monday,13,False,Traditional,5,CASH-119,Cash,6,0,False,23.94,78.1,27.3,0.0,64.8,22.4,0.0,,114.5,3
TXN-CRT-001-002051,2026-07-13 13:43:51,2026-07-13,Monday,13,False,Traditional,7,CASH-127,Flous (Mobile),9,2,True,43.85,95.2,43.1,32.1,32.1,15.6,0.0,,123.0,4
TXN-CRT-001-002052,2026-07-13 13:50:43,2026-07-13,Monday,13,False,Traditional,4,CASH-132,Card (Local),11,1,True,54.36,96.7,55.6,33.9,26.3,33.0,0.0,,148.8,4
TXN-CRT-001-002053,2026-07-13 13:53:54,2026-07-13,Monday,13,False,Traditional,4,CASH-112,Flous (Mobile),21,4,True,208.2,19.8,66.7,40.9,37.0,26.0,0.0,,170.6,4
TXN-CRT-001-002054,2026-07-13 13:55:22,2026-07-13,Monday,13,False,Express (<10 items),12,CASH-142,Cash,26,3,True,116.93,44.8,96.3,17.2,57.0,39.8,0.0,,210.3,4
TXN-CRT-001-002055,2026-07-13 13:59:06,2026-07-13,Monday,13,False,Traditional,6,CASH-108,Cash,25,6,True,273.52,43.7,102.3,24.3,46.1,37.1,0.0,,209.8,4
TXN-CRT-001-002056,2026-07-13 13:59:47,2026-07-13,Monday,13,False,Traditional,7,CASH-108,Cash,16,2,True,117.87,48.4,73.5,39.8,44.2,26.7,0.0,,184.2,4
TXN-CRT-001-002057,2026-07-13 14:08:16,2026-07-13,Monday,14,False,Traditional,3,CASH-132,Card (International),29,7,True,231.07,40.9,95.3,34.6,42.1,25.9,134.1,Price check required,332.0,3
TXN-CRT-001-002058,2026-07-13 14:21:57,2026-07-13,Monday,14,False,Traditional,5,CASH-116,Cash,14,6,True,59.74,50.9,57.4,38.9,42.5,31.6,0.0,,170.4,4
TXN-CRT-001-002059,2026-07-13 14:29:56,2026-07-13,Monday,14,False,Traditional,2,CASH-131,Flous (Mobile),5,2,True,33.88,30.6,35.3,22.1,20.6,30.6,0.0,,108.6,4
TXN-CRT-001-002060,2026-07-13 14:35:50,2026-07-13,Monday,14,False,Traditional,6,CASH-101,Flous (Mobile),18,2,True,105.22,91.0,65.4,41.0,23.1,34.3,152.1,Payment terminal error,315.8,2
TXN-CRT-001-002061,2026-07-13 14:47:15,2026-07-13,Monday,14,False,Traditional,3,CASH-112,Check,45,9,True,364.93,69.4,198.9,28.1,88.5,22.2,65.1,Item return/exchange,402.8,2
TXN-CRT-001-002062,2026-07-13 14:52:54,2026-07-13,Monday,14,False,Traditional,6,CASH-108,Card (Local),28,8,True,281.81,30.3,95.0,19.7,34.5,17.8,0.0,,167.1,4
TXN-CRT-001-002063,2026-07-13 15:08:10,2026-07-13,Monday,15,False,Traditional,8,CASH-124,Card (Local),18,7,True,129.48,51.6,133.0,23.3,23.7,32.5,0.0,,212.6,4
TXN-CRT-001-002064,2026-07-13 15:17:44,2026-07-13,Monday,15,False,Traditional,3,CASH-114,Card (International),20,2,True,157.25,161.0,100.1,28.0,26.8,28.8,113.1,Price check required,296.8,2
TXN-CRT-001-002065,2026-07-13 15:26:10,2026-07-13,Monday,15,False,Traditional,6,CASH-135,Cash,42,13,True,187.45,20.8,155.3,44.0,26.6,23.3,0.0,,249.3,4
TXN-CRT-001-002066,2026-07-13 15:40:45,2026-07-13,Monday,15,False,Traditional,7,CASH-117,Card (Local),13,3,True,101.21,24.9,40.0,26.3,31.7,36.4,0.0,,134.5,4
TXN-CRT-001-002067,2026-07-13 15:41:37,2026-07-13,Monday,15,False,Traditional,3,CASH-123,Cash,11,3,True,37.57,93.8,77.7,31.8,39.8,23.3,0.0,,172.6,4
TXN-CRT-001-002068,2026-07-13 15:42:10,2026-07-13,Monday,15,False,Traditional,3,CASH-103,Cash,48,17,True,302.92,138.8,218.1,24.5,26.5,15.3,0.0,,284.3,3
TXN-CRT-001-002069,2026-07-13 15:43:19,2026-07-13,Monday,15,False,Traditional,7,CASH-114,Cash,35,10,True,182.1,64.0,204.0,44.5,25.4,39.1,0.0,,313.0,3
TXN-CRT-001-002070,2026-07-13 15:49:44,2026-07-13,Monday,15,False,Traditional,4,CASH-124,Cash,10,4,True,78.44,54.0,72.3,16.1,44.9,27.3,0.0,,160.6,4
TXN-CRT-001-002071,2026-07-13 16:02:49,2026-07-13,Monday,16,False,Traditional,4,CASH-121,Cash,14,3,True,37.85,17.5,55.3,18.8,34.5,38.2,0.0,,146.8,4
TXN-CRT-001-002072,2026-07-13 16:11:17,2026-07-13,Monday,16,False,Traditional,6,CASH-126,Cash,13,3,True,90.7,35.5,86.9,44.0,52.3,25.9,0.0,,209.1,4
TXN-CRT-001-002073,2026-07-13 16:35:20,2026-07-13,Monday,16,False,Traditional,6,CASH-130,Card (Local),6,2,True,33.43,34.0,43.0,31.8,28.1,36.9,0.0,,139.8,4
TXN-CRT-001-002074,2026-07-13 16:36:18,2026-07-13,Monday,16,False,Self-Service,9,,Cash,46,10,True,224.65,35.8,304.2,52.8,42.3,31.0,0.0,,430.4,3
TXN-CRT-001-002075,2026-07-13 16:40:27,2026-07-13,Monday,16,False,Self-Service,9,,Cash,13,3,True,57.26,27.5,143.7,67.3,43.2,46.0,0.0,,300.1,3
TXN-CRT-001-002076,2026-07-13 17:11:40,2026-07-13,Monday,17,False,Self-Service,11,,Cash,36,7,True,300.65,16.5,384.4,33.7,74.0,33.6,0.0,,525.7,3
TXN-CRT-001-002077,2026-07-13 17:14:28,2026-07-13,Monday,17,False,Traditional,2,CASH-115,Card (Local),7,1,True,48.6,81.4,44.3,22.5,32.8,28.2,39.9,Payment terminal error,167.7,2
TXN-CRT-001-002078,2026-07-13 17:22:55,2026-07-13,Monday,17,False,Traditional,7,CASH-106,Card (Local),17,4,True,72.51,66.9,78.5,19.8,21.4,21.7,0.0,,141.3,4
TXN-CRT-001-002079,2026-07-13 17:28:12,2026-07-13,Monday,17,False,Express (<10 items),13,CASH-139,Card (Local),1,0,False,7.09,9.9,4.5,0.0,19.3,18.7,0.0,,42.5,4
TXN-CRT-001-002080,2026-07-13 17:29:33,2026-07-13,Monday,17,False,Traditional,6,CASH-107,Card (Local),26,10,True,165.36,52.1,184.1,38.1,22.2,35.3,0.0,,279.7,4
TXN-CRT-001-002081,2026-07-13 17:34:30,2026-07-13,Monday,17,False,Traditional,1,CASH-110,Cash,18,4,True,106.3,39.6,105.8,22.9,68.9,26.2,0.0,,223.8,4
TXN-CRT-001-002082,2026-07-13 17:34:44,2026-07-13,Monday,17,False,Traditional,8,CASH-108,Card (International),20,6,True,123.6,149.8,101.0,44.4,25.1,21.7,0.0,,192.2,3
TXN-CRT-001-002083,2026-07-13 17:50:12,2026-07-13,Monday,17,False,Traditional,5,CASH-113,Cash,3,0,False,11.61,117.0,10.0,0.0,61.0,16.8,0.0,,87.9,3
TXN-CRT-001-002084,2026-07-13 17:53:10,2026-07-13,Monday,17,False,Self-Service,10,,Cash,8,4,True,49.32,149.2,57.6,60.7,57.9,27.4,0.0,,203.6,3
TXN-CRT-001-002085,2026-07-13 17:55:59,2026-07-13,Monday,17,False,Traditional,6,CASH-105,Card (Local),3,1,True,22.71,35.1,21.7,31.6,31.0,36.6,0.0,,120.9,4
TXN-CRT-001-002086,2026-07-13 18:00:10,2026-07-13,Monday,18,False,Traditional,1,CASH-112,Cash,10,4,True,27.58,9.3,61.7,18.6,31.8,25.0,0.0,,137.1,4
TXN-CRT-001-002087,2026-07-13 18:01:02,2026-07-13,Monday,18,False,Traditional,6,CASH-120,Card (Local),20,7,True,104.11,19.3,125.4,33.0,18.1,15.4,0.0,,191.9,4
TXN-CRT-001-002088,2026-07-13 18:02:15,2026-07-13,Monday,18,False,Traditional,8,CASH-113,Card (Local),18,3,True,91.81,35.6,74.1,31.3,28.1,36.8,0.0,,170.3,4
TXN-CRT-001-002089,2026-07-13 18:08:52,2026-07-13,Monday,18,False,Traditional,5,CASH-117,Cash,19,5,True,52.79,41.9,109.7,44.7,27.1,18.0,62.5,Item return/exchange,261.9,3
TXN-CRT-001-002090,2026-07-13 18:08:57,2026-07-13,Monday,18,False,Traditional,5,CASH-125,Cash,17,8,True,43.56,151.5,113.8,25.2,26.7,36.0,0.0,,201.7,3
TXN-CRT-001-002091,2026-07-13 18:15:38,2026-07-13,Monday,18,False,Traditional,4,CASH-125,Cash,9,1,True,34.67,90.6,55.0,16.4,43.8,38.7,0.0,,154.0,3
TXN-CRT-001-002092,2026-07-13 18:15:45,2026-07-13,Monday,18,False,Express (<10 items),12,CASH-142,Flous (Mobile),8,3,True,56.47,67.0,55.7,39.7,28.6,35.1,0.0,,159.1,4
TXN-CRT-001-002093,2026-07-13 18:32:40,2026-07-13,Monday,18,False,Traditional,4,CASH-109,Card (Local),6,3,True,15.42,118.2,34.0,43.8,31.2,40.0,0.0,,149.1,3
TXN-CRT-001-002094,2026-07-13 18:34:21,2026-07-13,Monday,18,False,Traditional,5,CASH-108,Cash,33,7,True,212.6,75.3,198.3,32.1,45.9,37.2,0.0,,313.5,3
TXN-CRT-001-002095,2026-07-13 18:38:02,2026-07-13,Monday,18,False,Traditional,2,CASH-113,Cash,19,7,True,59.75,86.9,54.6,42.4,69.0,37.6,0.0,,203.7,4
TXN-CRT-001-002096,2026-07-13 18:45:52,2026-07-13,Monday,18,False,Traditional,2,CASH-125,Card (Local),7,4,True,28.14,39.6,46.5,38.3,20.5,17.9,0.0,,123.1,4
TXN-CRT-001-002097,2026-07-13 18:51:55,2026-07-13,Monday,18,False,Traditional,2,CASH-112,Flous (Mobile),7,2,True,18.21,13.4,42.8,25.4,30.5,19.8,0.0,,118.5,4
TXN-CRT-001-002098,2026-07-13 18:53:29,2026-07-13,Monday,18,False,Traditional,8,CASH-106,Cash,36,7,True,296.96,10.8,99.3,39.5,38.4,27.7,0.0,,204.9,4
TXN-CRT-001-002099,2026-07-13 18:56:01,2026-07-13,Monday,18,False,Traditional,8,CASH-122,Cash,25,5,True,223.67,11.0,167.4,32.5,59.5,23.0,55.8,Price check required,338.3,3
TXN-CRT-001-002100,2026-07-13 18:57:24,2026-07-13,Monday,18,False,Traditional,3,CASH-115,Flous (Mobile),21,2,True,141.34,80.6,143.0,19.5,24.9,17.0,0.0,,204.3,3
TXN-CRT-001-002101,2026-07-13 18:58:30,2026-07-13,Monday,18,False,Self-Service,9,,Cash,13,5,True,34.23,25.8,131.2,68.2,60.8,46.2,0.0,,306.4,4
TXN-CRT-001-002102,2026-07-13 19:00:10,2026-07-13,Monday,19,False,Traditional,4,CASH-118,Cash,9,4,True,32.85,39.8,40.1,29.7,68.0,27.8,0.0,,165.7,4
TXN-CRT-001-002103,2026-07-13 19:01:56,2026-07-13,Monday,19,False,Traditional,6,CASH-117,Check,48,13,True,287.15,15.1,125.4,44.4,71.2,36.2,0.0,,277.3,4
TXN-CRT-001-002104,2026-07-13 19:02:42,2026-07-13,Monday,19,False,Traditional,4,CASH-101,Card (Local),28,6,True,252.45,107.9,199.8,32.1,30.8,22.3,0.0,,285.0,4
TXN-CRT-001-002105,2026-07-13 19:04:05,2026-07-13,Monday,19,False,Traditional,5,CASH-125,Cash,10,1,True,27.19,50.1,38.5,16.2,44.3,36.9,0.0,,135.9,4
TXN-CRT-001-002106,2026-07-13 19:05:29,2026-07-13,Monday,19,False,Traditional,1,CASH-101,Cash,33,10,True,250.66,60.1,175.5,24.7,64.7,18.3,0.0,,283.1,4
TXN-CRT-001-002107,2026-07-13 19:06:15,2026-07-13,Monday,19,False,Self-Service,9,,Cash,26,8,True,186.75,64.5,158.9,29.0,61.4,49.5,0.0,,298.7,4
TXN-CRT-001-002108,2026-07-13 19:08:50,2026-07-13,Monday,19,False,Self-Service,10,,Cash,10,4,True,77.17,70.3,64.5,28.2,35.9,46.0,0.0,,174.5,4
TXN-CRT-001-002109,2026-07-13 19:10:03,2026-07-13,Monday,19,False,Traditional,4,CASH-105,Flous (Mobile),13,4,True,77.43,111.8,87.1,38.4,29.8,23.0,0.0,,178.3,4
TXN-CRT-001-002110,2026-07-13 19:14:46,2026-07-13,Monday,19,False,Express (<10 items),13,CASH-140,Cash,7,3,True,44.19,82.6,28.3,24.7,50.2,29.4,0.0,,132.6,3
TXN-CRT-001-002111,2026-07-13 19:15:29,2026-07-13,Monday,19,False,Traditional,5,CASH-127,Card (Local),5,2,True,13.08,21.8,36.6,30.5,24.3,30.8,0.0,,122.3,4
TXN-CRT-001-002112,2026-07-13 19:21:28,2026-07-13,Monday,19,False,Traditional,2,CASH-108,Flous (Mobile),24,7,True,171.14,24.7,160.8,35.3,29.5,28.3,0.0,,253.8,4
TXN-CRT-001-002113,2026-07-13 19:22:24,2026-07-13,Monday,19,False,Traditional,6,CASH-109,Cash,9,2,True,30.0,254.1,64.3,18.7,33.6,25.8,0.0,,142.4,3
TXN-CRT-001-002114,2026-07-13 19:25:54,2026-07-13,Monday,19,False,Self-Service,10,,Cash,30,11,True,184.56,98.5,200.5,50.7,45.7,24.3,0.0,,321.2,3
TXN-CRT-001-002115,2026-07-13 19:38:47,2026-07-13,Monday,19,False,Traditional,8,CASH-101,Cash,50,14,True,296.18,200.3,297.1,19.2,45.7,20.9,0.0,,382.9,2
TXN-CRT-001-002116,2026-07-13 19:39:47,2026-07-13,Monday,19,False,Traditional,2,CASH-122,Flous (Mobile),4,1,True,18.41,42.1,19.4,21.9,25.1,28.3,0.0,,94.7,4
TXN-CRT-001-002117,2026-07-13 19:43:56,2026-07-13,Monday,19,False,Traditional,6,CASH-118,Card (International),15,2,True,94.59,138.4,83.1,37.6,33.6,23.5,0.0,,177.7,3
TXN-CRT-001-002118,2026-07-13 19:49:06,2026-07-13,Monday,19,False,Traditional,6,CASH-119,Cash,29,6,True,218.03,72.0,193.6,39.6,64.0,15.8,0.0,,313.0,3
TXN-CRT-001-002119,2026-07-13 19:50:42,2026-07-13,Monday,19,False,Traditional,4,CASH-117,Card (Local),28,7,True,135.58,62.9,179.7,39.7,32.4,37.4,159.1,Payment terminal error,448.2,3
TXN-CRT-001-002120,2026-07-13 19:51:35,2026-07-13,Monday,19,False,Self-Service,9,,Card (Local),26,5,True,196.01,51.7,149.8,46.8,24.2,47.4,0.0,,268.2,4
TXN-CRT-001-002121,2026-07-13 19:51:41,2026-07-13,Monday,19,False,Traditional,4,CASH-129,Flous (Mobile),11,2,True,30.86,89.6,48.8,37.8,25.7,26.4,0.0,,138.6,3
TXN-CRT-001-002122,2026-07-13 19:54:10,2026-07-13,Monday,19,False,Traditional,3,CASH-124,Cash,14,4,True,49.62,74.3,81.7,23.3,74.7,36.0,0.0,,215.7,3
TXN-CRT-001-002123,2026-07-13 19:57:18,2026-07-13,Monday,19,False,Express (<10 items),13,CASH-139,Card (Local),19,3,True,150.48,44.1,58.3,37.3,21.2,21.0,0.0,,137.7,4
TXN-CRT-001-002124,2026-07-13 20:07:24,2026-07-13,Monday,20,False,Traditional,4,CASH-113,Flous (Mobile),47,14,True,266.05,31.6,311.8,27.9,33.3,25.7,0.0,,398.7,3
TXN-CRT-001-002125,2026-07-13 20:12:16,2026-07-13,Monday,20,False,Express (<10 items),13,CASH-142,Cash,11,3,True,57.94,45.1,48.1,27.7,57.0,39.0,0.0,,171.8,4
TXN-CRT-001-002126,2026-07-13 20:19:10,2026-07-13,Monday,20,False,Traditional,8,CASH-104,Cash,42,11,True,245.38,50.6,206.2,34.0,62.6,32.8,0.0,,335.6,3
TXN-CRT-001-002127,2026-07-13 20:21:44,2026-07-13,Monday,20,False,Traditional,2,CASH-102,Cash,9,1,True,60.55,37.0,52.3,16.8,25.1,20.8,0.0,,115.0,4
TXN-CRT-001-002128,2026-07-13 20:22:08,2026-07-13,Monday,20,False,Traditional,4,CASH-131,Cash,49,11,True,261.48,24.0,304.2,40.4,33.7,15.4,0.0,,393.7,3
TXN-CRT-001-002129,2026-07-13 20:25:52,2026-07-13,Monday,20,False,Self-Service,10,,Cash,22,5,True,198.41,53.3,193.5,50.8,42.3,26.7,0.0,,313.2,3
TXN-CRT-001-002130,2026-07-13 20:27:11,2026-07-13,Monday,20,False,Traditional,8,CASH-119,Check,14,5,True,72.19,68.2,87.3,23.5,46.7,20.3,0.0,,177.7,4
TXN-CRT-001-002131,2026-07-13 20:33:10,2026-07-13,Monday,20,False,Traditional,6,CASH-134,Cash,19,6,True,148.74,61.9,106.0,19.0,31.4,37.1,0.0,,193.6,3
TXN-CRT-001-002132,2026-07-13 20:35:20,2026-07-13,Monday,20,False,Traditional,1,CASH-107,Cash,9,1,True,52.03,19.0,42.8,20.4,47.8,24.1,0.0,,135.1,4
TXN-CRT-001-002133,2026-07-13 20:41:14,2026-07-13,Monday,20,False,Traditional,1,CASH-113,Card (Local),9,3,True,24.53,148.7,24.7,44.9,29.2,28.0,0.0,,126.7,3
TXN-CRT-001-002134,2026-07-13 20:43:18,2026-07-13,Monday,20,False,Traditional,5,CASH-113,Cash,5,1,True,31.19,173.2,17.2,18.0,71.3,28.2,0.0,,134.6,3
TXN-CRT-001-002135,2026-07-13 20:44:35,2026-07-13,Monday,20,False,Traditional,3,CASH-124,Cash,5,4,True,15.73,79.7,13.4,36.3,34.5,20.8,0.0,,104.9,3
TXN-CRT-001-002136,2026-07-13 20:47:21,2026-07-13,Monday,20,False,Self-Service,11,,Card (Local),11,5,True,69.81,91.2,114.6,51.7,23.1,44.3,142.2,Item return/exchange,376.0,2
TXN-CRT-001-002137,2026-07-13 20:55:13,2026-07-13,Monday,20,False,Traditional,2,CASH-116,Flous (Mobile),26,7,True,148.6,60.4,102.1,24.9,33.8,32.3,0.0,,193.1,3
TXN-CRT-001-002138,2026-07-13 21:10:27,2026-07-13,Monday,21,False,Traditional,5,CASH-114,Card (Local),19,6,True,133.43,65.6,100.7,26.1,26.6,29.9,0.0,,183.2,3
TXN-CRT-001-002139,2026-07-13 21:14:33,2026-07-13,Monday,21,False,Traditional,2,CASH-116,Card (Local),5,2,True,29.8,10.1,24.4,41.4,27.8,38.8,0.0,,132.4,4
TXN-CRT-001-002140,2026-07-13 21:33:18,2026-07-13,Monday,21,False,Self-Service,9,,Cash,33,10,True,332.14,47.2,293.9,35.1,56.9,24.5,0.0,,410.5,4
TXN-CRT-001-002141,2026-07-13 21:48:38,2026-07-13,Monday,21,False,Traditional,6,CASH-128,Check,19,6,True,55.74,47.7,77.6,27.2,82.6,32.8,0.0,,220.3,4
TXN-CRT-001-002142,2026-07-13 21:53:43,2026-07-13,Monday,21,False,Traditional,3,CASH-118,Cash,46,17,True,236.89,169.7,224.1,43.5,45.6,39.7,0.0,,352.8,3
TXN-CRT-001-002143,2026-07-14 08:12:05,2026-07-14,Tuesday,8,False,Traditional,8,CASH-105,Card (International),22,6,True,115.96,40.4,112.8,38.8,38.0,34.0,0.0,,223.6,4
TXN-CRT-001-002144,2026-07-14 08:59:51,2026-07-14,Tuesday,8,False,Traditional,7,CASH-129,Cash,7,2,True,21.36,147.1,32.7,36.5,62.3,17.0,0.0,,148.5,3
TXN-CRT-001-002145,2026-07-14 09:06:55,2026-07-14,Tuesday,9,False,Traditional,2,CASH-123,Flous (Mobile),15,5,True,65.16,51.7,80.6,33.6,25.8,30.9,0.0,,170.9,4
TXN-CRT-001-002146,2026-07-14 09:10:04,2026-07-14,Tuesday,9,False,Traditional,8,CASH-108,Card (Local),21,6,True,124.65,35.9,114.0,36.1,19.1,32.8,0.0,,202.0,4
TXN-CRT-001-002147,2026-07-14 09:18:02,2026-07-14,Tuesday,9,False,Traditional,1,CASH-133,Card (International),2,1,True,5.52,10.8,9.4,21.9,40.8,39.0,122.8,Payment terminal error,233.9,3
TXN-CRT-001-002148,2026-07-14 09:47:30,2026-07-14,Tuesday,9,False,Traditional,3,CASH-102,Cash,1,0,False,3.4,64.8,3.6,0.0,49.4,25.6,0.0,,78.5,3
TXN-CRT-001-002149,2026-07-14 10:01:26,2026-07-14,Tuesday,10,False,Traditional,8,CASH-101,Cash,6,1,True,28.18,27.0,20.9,42.5,54.2,37.1,0.0,,154.6,4
TXN-CRT-001-002150,2026-07-14 10:14:07,2026-07-14,Tuesday,10,False,Traditional,1,CASH-129,Card (Local),9,1,True,31.73,12.4,57.0,31.9,28.6,27.3,0.0,,144.8,4
TXN-CRT-001-002151,2026-07-14 10:23:36,2026-07-14,Tuesday,10,False,Traditional,5,CASH-123,Card (International),13,3,True,41.03,79.3,38.1,29.4,40.7,18.8,0.0,,127.0,3
TXN-CRT-001-002152,2026-07-14 10:35:39,2026-07-14,Tuesday,10,False,Traditional,6,CASH-125,Cash,15,3,True,86.5,66.7,47.6,16.3,60.9,18.1,0.0,,142.9,3
TXN-CRT-001-002153,2026-07-14 10:43:27,2026-07-14,Tuesday,10,False,Traditional,3,CASH-124,Check,6,5,True,28.31,70.9,17.9,22.7,65.2,25.2,0.0,,131.0,4
TXN-CRT-001-002154,2026-07-14 10:43:43,2026-07-14,Tuesday,10,False,Traditional,4,CASH-135,Flous (Mobile),22,6,True,138.02,51.3,61.3,20.5,21.7,27.2,0.0,,130.7,4
TXN-CRT-001-002155,2026-07-14 10:47:23,2026-07-14,Tuesday,10,False,Traditional,6,CASH-110,Cash,19,6,True,118.95,29.2,57.7,41.0,63.4,34.0,0.0,,196.1,4
TXN-CRT-001-002156,2026-07-14 10:49:20,2026-07-14,Tuesday,10,False,Traditional,7,CASH-122,Flous (Mobile),10,2,True,79.33,21.2,44.9,17.9,33.9,31.8,0.0,,128.5,4
TXN-CRT-001-002157,2026-07-14 10:58:14,2026-07-14,Tuesday,10,False,Traditional,3,CASH-121,Cash,1,1,True,3.31,134.9,5.8,15.2,60.7,30.8,0.0,,112.5,3
TXN-CRT-001-002158,2026-07-14 11:04:11,2026-07-14,Tuesday,11,False,Traditional,3,CASH-117,Cash,4,1,True,16.9,83.9,23.9,42.0,38.6,31.5,0.0,,136.0,4
TXN-CRT-001-002159,2026-07-14 11:04:57,2026-07-14,Tuesday,11,False,Traditional,6,CASH-133,Cash,12,4,True,69.64,99.4,70.4,34.2,68.8,33.0,0.0,,206.5,3
TXN-CRT-001-002160,2026-07-14 11:05:51,2026-07-14,Tuesday,11,False,Traditional,7,CASH-116,Card (Local),6,1,True,30.52,45.5,26.8,25.5,29.2,30.5,0.0,,112.0,4
TXN-CRT-001-002161,2026-07-14 11:08:50,2026-07-14,Tuesday,11,False,Traditional,7,CASH-133,Card (Local),12,3,True,30.46,26.2,41.9,16.3,34.9,17.9,0.0,,111.0,4
TXN-CRT-001-002162,2026-07-14 11:15:19,2026-07-14,Tuesday,11,False,Traditional,1,CASH-128,Cash,20,6,True,102.51,23.8,96.5,37.3,28.2,31.3,0.0,,193.3,4
TXN-CRT-001-002163,2026-07-14 11:18:29,2026-07-14,Tuesday,11,False,Traditional,6,CASH-125,Card (Local),17,5,True,67.99,54.1,64.3,37.8,22.0,20.8,0.0,,144.8,4
TXN-CRT-001-002164,2026-07-14 11:19:23,2026-07-14,Tuesday,11,False,Traditional,7,CASH-106,Card (Local),8,4,True,51.29,27.2,34.9,28.4,26.2,26.1,0.0,,115.7,4
TXN-CRT-001-002165,2026-07-14 11:21:04,2026-07-14,Tuesday,11,False,Traditional,8,CASH-110,Card (Local),11,5,True,45.42,9.0,67.2,39.6,24.6,35.8,0.0,,167.3,4
TXN-CRT-001-002166,2026-07-14 11:28:10,2026-07-14,Tuesday,11,False,Express (<10 items),13,CASH-139,Cash,19,8,True,123.41,76.5,115.4,21.2,28.5,22.5,0.0,,187.5,4
TXN-CRT-001-002167,2026-07-14 11:33:41,2026-07-14,Tuesday,11,False,Traditional,5,CASH-122,Flous (Mobile),34,10,True,287.66,99.4,159.4,17.8,20.0,37.8,164.3,Item return/exchange,399.3,2
TXN-CRT-001-002168,2026-07-14 11:36:37,2026-07-14,Tuesday,11,False,Traditional,5,CASH-134,Cash,25,11,True,209.13,32.9,85.3,30.3,72.8,25.3,0.0,,213.7,4
TXN-CRT-001-002169,2026-07-14 11:42:43,2026-07-14,Tuesday,11,False,Traditional,3,CASH-132,Cash,17,6,True,114.74,11.9,126.8,32.9,49.1,21.6,0.0,,230.3,4
TXN-CRT-001-002170,2026-07-14 11:47:53,2026-07-14,Tuesday,11,False,Traditional,3,CASH-101,Cash,12,2,True,90.62,57.8,83.2,44.4,55.2,27.4,0.0,,210.3,4
TXN-CRT-001-002171,2026-07-14 11:54:14,2026-07-14,Tuesday,11,False,Traditional,8,CASH-122,Cash,12,3,True,89.1,45.1,58.5,38.8,69.9,33.7,0.0,,200.9,4
TXN-CRT-001-002172,2026-07-14 12:04:16,2026-07-14,Tuesday,12,False,Traditional,6,CASH-101,Flous (Mobile),37,7,True,173.81,37.9,231.4,20.1,35.4,24.2,0.0,,311.1,4
TXN-CRT-001-002173,2026-07-14 12:04:23,2026-07-14,Tuesday,12,False,Traditional,6,CASH-131,Cash,2,0,False,8.18,69.9,11.6,0.0,37.2,39.7,53.0,Supervisor approval needed,141.6,3
TXN-CRT-001-002174,2026-07-14 12:12:21,2026-07-14,Tuesday,12,False,Self-Service,11,,Card (International),49,10,True,392.89,55.6,433.1,66.3,28.6,30.9,0.0,,558.9,3
TXN-CRT-001-002175,2026-07-14 12:15:26,2026-07-14,Tuesday,12,False,Traditional,5,CASH-114,Cash,21,1,True,182.35,68.0,128.9,41.7,49.5,23.0,175.4,Price check required,418.5,2
TXN-CRT-001-002176,2026-07-14 12:16:23,2026-07-14,Tuesday,12,False,Traditional,6,CASH-103,Cash,22,7,True,170.04,53.7,137.1,34.8,33.8,32.2,0.0,,237.9,4
TXN-CRT-001-002177,2026-07-14 12:20:44,2026-07-14,Tuesday,12,False,Traditional,7,CASH-104,Check,2,0,False,13.72,27.1,8.0,0.0,63.1,24.7,0.0,,95.7,4
TXN-CRT-001-002178,2026-07-14 12:25:01,2026-07-14,Tuesday,12,False,Traditional,6,CASH-131,Card (International),19,4,True,131.51,25.5,86.9,35.4,48.5,19.6,0.0,,190.4,4
TXN-CRT-001-002179,2026-07-14 12:28:54,2026-07-14,Tuesday,12,False,Traditional,6,CASH-109,Cash,15,5,True,119.82,51.4,57.0,35.9,64.4,20.1,0.0,,177.5,4
TXN-CRT-001-002180,2026-07-14 12:30:44,2026-07-14,Tuesday,12,False,Traditional,5,CASH-117,Cash,5,2,True,16.14,94.6,35.8,18.2,53.7,19.4,0.0,,127.1,4
TXN-CRT-001-002181,2026-07-14 12:37:03,2026-07-14,Tuesday,12,False,Traditional,3,CASH-134,Cash,9,5,True,42.67,54.7,42.4,26.8,39.9,20.6,0.0,,129.7,4
TXN-CRT-001-002182,2026-07-14 12:38:50,2026-07-14,Tuesday,12,False,Traditional,3,CASH-121,Cash,38,10,True,209.06,29.9,102.3,24.6,56.5,35.9,0.0,,219.2,4
TXN-CRT-001-002183,2026-07-14 12:45:51,2026-07-14,Tuesday,12,False,Traditional,5,CASH-125,Card (International),17,4,True,96.38,57.6,126.8,21.5,25.4,31.3,0.0,,205.1,4
TXN-CRT-001-002184,2026-07-14 12:46:49,2026-07-14,Tuesday,12,False,Traditional,2,CASH-116,Card (International),13,2,True,98.48,59.3,41.9,42.8,44.8,16.3,0.0,,145.9,4
TXN-CRT-001-002185,2026-07-14 12:49:29,2026-07-14,Tuesday,12,False,Traditional,2,CASH-125,Cash,3,0,False,13.49,27.4,13.3,0.0,27.8,27.8,0.0,,68.9,4
TXN-CRT-001-002186,2026-07-14 12:51:30,2026-07-14,Tuesday,12,False,Express (<10 items),13,CASH-142,Flous (Mobile),24,4,True,217.13,171.6,183.4,40.4,21.1,22.5,0.0,,267.4,3
TXN-CRT-001-002187,2026-07-14 12:51:31,2026-07-14,Tuesday,12,False,Self-Service,10,,Card (Local),23,5,True,170.51,91.3,106.5,63.6,33.2,25.9,0.0,,229.1,4
TXN-CRT-001-002188,2026-07-14 12:52:14,2026-07-14,Tuesday,12,False,Traditional,1,CASH-126,Cash,19,10,True,78.98,45.7,116.8,37.5,74.7,30.8,0.0,,259.7,4
TXN-CRT-001-002189,2026-07-14 12:52:52,2026-07-14,Tuesday,12,False,Traditional,3,CASH-129,Cash,16,0,False,51.42,163.2,69.2,0.0,33.0,38.0,0.0,,140.2,3
TXN-CRT-001-002190,2026-07-14 12:52:56,2026-07-14,Tuesday,12,False,Traditional,1,CASH-113,Card (Local),14,2,True,72.43,65.0,88.6,32.9,27.9,28.6,0.0,,177.9,4
TXN-CRT-001-002191,2026-07-14 12:57:03,2026-07-14,Tuesday,12,False,Traditional,1,CASH-107,Card (Local),19,3,True,105.55,61.2,92.0,16.8,24.1,27.9,0.0,,160.9,3
TXN-CRT-001-002192,2026-07-14 12:57:39,2026-07-14,Tuesday,12,False,Self-Service,9,,Cash,8,3,True,39.73,126.1,85.6,79.6,71.0,31.5,0.0,,267.7,3
TXN-CRT-001-002193,2026-07-14 13:09:27,2026-07-14,Tuesday,13,False,Traditional,3,CASH-114,Cash,44,10,True,205.59,91.7,314.7,24.8,60.2,19.6,0.0,,419.2,3
TXN-CRT-001-002194,2026-07-14 13:21:22,2026-07-14,Tuesday,13,False,Traditional,5,CASH-126,Cash,18,4,True,84.73,71.8,88.0,16.5,31.4,21.2,0.0,,157.1,3
TXN-CRT-001-002195,2026-07-14 13:22:35,2026-07-14,Tuesday,13,False,Traditional,6,CASH-112,Card (International),10,1,True,43.19,37.0,66.3,21.4,28.2,27.7,0.0,,143.6,4
TXN-CRT-001-002196,2026-07-14 13:22:41,2026-07-14,Tuesday,13,False,Traditional,4,CASH-134,Card (Local),14,3,True,97.57,50.8,92.1,27.6,20.7,21.2,0.0,,161.6,4
TXN-CRT-001-002197,2026-07-14 13:24:43,2026-07-14,Tuesday,13,False,Traditional,4,CASH-126,Cash,29,4,True,157.73,45.1,194.9,23.6,43.0,27.1,0.0,,288.6,4
TXN-CRT-001-002198,2026-07-14 13:27:05,2026-07-14,Tuesday,13,False,Self-Service,9,,Card (International),6,1,True,28.06,30.4,74.3,43.7,40.6,31.2,0.0,,189.9,4
TXN-CRT-001-002199,2026-07-14 13:30:24,2026-07-14,Tuesday,13,False,Traditional,4,CASH-116,Flous (Mobile),10,1,True,48.87,208.5,42.7,27.4,21.7,25.9,0.0,,117.7,3
TXN-CRT-001-002200,2026-07-14 13:31:01,2026-07-14,Tuesday,13,False,Traditional,3,CASH-114,Check,22,7,True,78.65,92.3,95.1,31.7,47.8,20.5,0.0,,195.2,3
TXN-CRT-001-002201,2026-07-14 13:31:51,2026-07-14,Tuesday,13,False,Express (<10 items),12,CASH-144,Cash,10,3,True,65.2,43.8,69.6,24.7,49.5,15.6,0.0,,159.5,4
TXN-CRT-001-002202,2026-07-14 13:38:15,2026-07-14,Tuesday,13,False,Traditional,6,CASH-130,Cash,28,8,True,231.88,66.8,131.2,15.2,58.3,34.2,0.0,,238.9,3
TXN-CRT-001-002203,2026-07-14 13:39:32,2026-07-14,Tuesday,13,False,Traditional,6,CASH-122,Cash,6,1,True,35.9,45.5,41.1,20.3,71.4,34.9,0.0,,167.8,4
TXN-CRT-001-002204,2026-07-14 13:40:25,2026-07-14,Tuesday,13,False,Traditional,2,CASH-120,Cash,26,6,True,123.52,26.5,83.7,40.6,51.4,27.4,0.0,,203.1,4
TXN-CRT-001-002205,2026-07-14 13:42:15,2026-07-14,Tuesday,13,False,Traditional,4,CASH-132,Flous (Mobile),3,0,False,16.49,8.9,20.9,0.0,27.0,37.6,0.0,,85.6,4
TXN-CRT-001-002206,2026-07-14 13:43:11,2026-07-14,Tuesday,13,False,Self-Service,9,,Cash,1,0,False,3.16,70.9,7.9,0.0,45.5,39.9,0.0,,93.3,3
TXN-CRT-001-002207,2026-07-14 13:45:13,2026-07-14,Tuesday,13,False,Traditional,6,CASH-102,Cash,39,10,True,337.08,52.1,194.8,27.4,58.8,23.0,0.0,,304.0,3
TXN-CRT-001-002208,2026-07-14 13:47:02,2026-07-14,Tuesday,13,False,Self-Service,10,,Cash,18,4,True,103.64,110.0,100.3,23.6,73.2,50.0,0.0,,247.1,4
TXN-CRT-001-002209,2026-07-14 13:53:47,2026-07-14,Tuesday,13,False,Traditional,8,CASH-108,Cash,11,4,True,87.3,33.2,67.4,16.5,52.3,38.4,0.0,,174.6,4
TXN-CRT-001-002210,2026-07-14 13:54:42,2026-07-14,Tuesday,13,False,Self-Service,9,,Card (International),8,3,True,22.58,110.1,57.3,66.6,25.6,40.3,0.0,,189.8,3
TXN-CRT-001-002211,2026-07-14 13:59:36,2026-07-14,Tuesday,13,False,Traditional,4,CASH-106,Cash,19,6,True,124.91,118.6,109.3,24.6,25.5,15.0,0.0,,174.5,4
TXN-CRT-001-002212,2026-07-14 14:10:23,2026-07-14,Tuesday,14,False,Traditional,7,CASH-112,Cash,16,2,True,96.24,100.0,84.5,35.4,46.0,29.9,0.0,,195.8,3
TXN-CRT-001-002213,2026-07-14 14:21:41,2026-07-14,Tuesday,14,False,Traditional,3,CASH-106,Cash,50,13,True,192.48,88.9,190.0,30.0,29.0,20.3,0.0,,269.3,3
TXN-CRT-001-002214,2026-07-14 14:27:26,2026-07-14,Tuesday,14,False,Express (<10 items),12,CASH-140,Cash,49,8,True,326.78,48.3,300.5,27.8,34.7,24.6,0.0,,387.6,4
TXN-CRT-001-002215,2026-07-14 14:38:38,2026-07-14,Tuesday,14,False,Traditional,5,CASH-113,Cash,20,6,True,125.74,108.8,88.9,24.9,71.8,20.8,0.0,,206.4,4
TXN-CRT-001-002216,2026-07-14 14:57:02,2026-07-14,Tuesday,14,False,Traditional,5,CASH-123,Card (Local),14,3,True,94.09,97.1,66.0,37.3,24.9,20.7,0.0,,149.0,3
TXN-CRT-001-002217,2026-07-14 14:58:39,2026-07-14,Tuesday,14,False,Traditional,5,CASH-113,Card (Local),15,2,True,75.46,56.2,80.8,40.8,20.7,36.6,0.0,,178.9,4
TXN-CRT-001-002218,2026-07-14 15:05:25,2026-07-14,Tuesday,15,False,Traditional,7,CASH-115,Card (Local),22,8,True,147.94,12.5,156.2,20.1,19.9,38.1,0.0,,234.4,4
TXN-CRT-001-002219,2026-07-14 15:05:33,2026-07-14,Tuesday,15,False,Self-Service,10,,Flous (Mobile),5,1,True,28.93,42.1,28.8,40.7,30.0,28.6,0.0,,128.1,4
TXN-CRT-001-002220,2026-07-14 15:05:55,2026-07-14,Tuesday,15,False,Traditional,8,CASH-117,Flous (Mobile),11,2,True,41.49,100.9,45.3,19.9,32.0,15.2,0.0,,112.4,4
TXN-CRT-001-002221,2026-07-14 15:09:36,2026-07-14,Tuesday,15,False,Traditional,3,CASH-111,Check,3,0,False,9.35,64.2,7.6,0.0,63.7,33.8,101.7,Item return/exchange,206.7,2
TXN-CRT-001-002222,2026-07-14 15:24:22,2026-07-14,Tuesday,15,False,Traditional,8,CASH-129,Cash,3,1,True,18.21,36.0,16.0,19.9,28.8,23.9,0.0,,88.6,4
TXN-CRT-001-002223,2026-07-14 15:31:51,2026-07-14,Tuesday,15,False,Traditional,4,CASH-111,Cash,7,3,True,24.69,53.5,33.3,44.3,45.5,15.4,0.0,,138.5,4
TXN-CRT-001-002224,2026-07-14 15:48:15,2026-07-14,Tuesday,15,False,Traditional,7,CASH-133,Cash,15,4,True,69.87,56.1,93.1,24.5,30.7,28.9,0.0,,177.3,4
TXN-CRT-001-002225,2026-07-14 15:55:03,2026-07-14,Tuesday,15,False,Traditional,8,CASH-110,Flous (Mobile),28,12,True,140.63,25.7,111.7,44.3,24.6,25.9,0.0,,206.6,4
TXN-CRT-001-002226,2026-07-14 15:57:54,2026-07-14,Tuesday,15,False,Traditional,8,CASH-135,Check,15,2,True,73.01,35.0,70.6,30.9,57.5,26.3,0.0,,185.2,4
TXN-CRT-001-002227,2026-07-14 16:05:55,2026-07-14,Tuesday,16,False,Traditional,5,CASH-133,Flous (Mobile),11,3,True,35.55,198.4,68.6,35.5,26.9,31.4,0.0,,162.4,3
TXN-CRT-001-002228,2026-07-14 16:27:04,2026-07-14,Tuesday,16,False,Traditional,7,CASH-108,Cash,4,2,True,31.27,2.9,12.3,18.4,56.6,28.4,0.0,,115.7,4
TXN-CRT-001-002229,2026-07-14 16:32:50,2026-07-14,Tuesday,16,False,Traditional,3,CASH-123,Check,17,4,True,75.11,53.0,64.9,38.8,70.0,24.8,0.0,,198.5,4
TXN-CRT-001-002230,2026-07-14 16:34:34,2026-07-14,Tuesday,16,False,Traditional,1,CASH-127,Cash,9,1,True,62.83,100.9,33.4,31.9,34.1,27.0,0.0,,126.4,3
TXN-CRT-001-002231,2026-07-14 16:40:34,2026-07-14,Tuesday,16,False,Traditional,3,CASH-124,Cash,19,5,True,99.02,52.3,93.4,22.1,57.0,17.0,0.0,,189.5,4
TXN-CRT-001-002232,2026-07-14 16:42:11,2026-07-14,Tuesday,16,False,Traditional,6,CASH-125,Cash,48,13,True,237.25,32.1,185.8,28.7,43.5,37.6,158.6,Promo code issue,454.1,2
TXN-CRT-001-002233,2026-07-14 16:44:31,2026-07-14,Tuesday,16,False,Self-Service,11,,Cash,5,2,True,34.81,39.7,25.1,53.0,41.6,34.8,0.0,,154.6,4
TXN-CRT-001-002234,2026-07-14 16:45:40,2026-07-14,Tuesday,16,False,Self-Service,11,,Card (Local),8,3,True,63.19,166.3,82.4,26.9,28.1,39.2,39.0,Promo code issue,215.5,2
TXN-CRT-001-002235,2026-07-14 16:47:34,2026-07-14,Tuesday,16,False,Traditional,3,CASH-101,Cash,15,5,True,86.22,82.0,38.4,23.6,62.0,26.0,0.0,,149.9,4
TXN-CRT-001-002236,2026-07-14 17:04:47,2026-07-14,Tuesday,17,False,Traditional,6,CASH-119,Cash,47,13,True,192.07,78.5,246.9,23.5,41.1,29.2,0.0,,340.7,3
TXN-CRT-001-002237,2026-07-14 17:19:07,2026-07-14,Tuesday,17,False,Self-Service,10,,Card (Local),27,5,True,256.21,48.1,205.2,32.9,29.2,46.1,0.0,,313.4,4
TXN-CRT-001-002238,2026-07-14 17:19:23,2026-07-14,Tuesday,17,False,Traditional,4,CASH-104,Flous (Mobile),39,9,True,195.0,61.8,123.8,33.3,24.9,37.1,176.9,Payment terminal error,395.9,3
TXN-CRT-001-002239,2026-07-14 17:21:36,2026-07-14,Tuesday,17,False,Traditional,2,CASH-112,Card (Local),11,4,True,47.43,22.2,46.0,21.1,32.9,19.9,0.0,,119.8,4
TXN-CRT-001-002240,2026-07-14 17:25:44,2026-07-14,Tuesday,17,False,Traditional,4,CASH-130,Cash,50,18,True,293.75,172.8,278.1,29.2,71.6,35.5,0.0,,414.5,2
TXN-CRT-001-002241,2026-07-14 17:31:05,2026-07-14,Tuesday,17,False,Traditional,3,CASH-119,Card (International),5,0,False,12.95,85.8,13.0,0.0,34.9,35.3,0.0,,83.2,3
TXN-CRT-001-002242,2026-07-14 17:33:05,2026-07-14,Tuesday,17,False,Traditional,2,CASH-120,Flous (Mobile),3,1,True,16.76,52.7,18.5,18.6,28.1,15.0,0.0,,80.1,4
TXN-CRT-001-002243,2026-07-14 17:46:09,2026-07-14,Tuesday,17,False,Traditional,3,CASH-130,Cash,34,7,True,275.05,58.6,168.1,33.9,56.6,27.6,0.0,,286.2,4
TXN-CRT-001-002244,2026-07-14 17:47:53,2026-07-14,Tuesday,17,False,Express (<10 items),12,CASH-143,Card (Local),42,8,True,226.38,73.9,137.1,29.3,21.2,36.3,0.0,,224.0,4
TXN-CRT-001-002245,2026-07-14 17:55:04,2026-07-14,Tuesday,17,False,Self-Service,9,,Cash,4,1,True,14.65,22.1,21.4,48.9,65.6,41.7,0.0,,177.8,4
TXN-CRT-001-002246,2026-07-14 18:08:22,2026-07-14,Tuesday,18,False,Traditional,3,CASH-102,Cash,5,1,True,36.87,41.4,33.6,27.4,53.5,31.4,0.0,,145.9,4
TXN-CRT-001-002247,2026-07-14 18:11:01,2026-07-14,Tuesday,18,False,Traditional,4,CASH-125,Card (Local),2,0,False,14.3,22.7,10.0,0.0,23.5,23.4,161.9,Price check required,218.9,3
TXN-CRT-001-002248,2026-07-14 18:15:30,2026-07-14,Tuesday,18,False,Traditional,3,CASH-118,Flous (Mobile),5,2,True,33.46,85.4,29.7,23.8,39.9,31.5,0.0,,124.9,3
TXN-CRT-001-002249,2026-07-14 18:16:04,2026-07-14,Tuesday,18,False,Traditional,1,CASH-135,Cash,8,3,True,37.52,16.4,25.6,27.0,72.3,37.4,0.0,,162.2,4
TXN-CRT-001-002250,2026-07-14 18:18:42,2026-07-14,Tuesday,18,False,Traditional,5,CASH-106,Card (International),47,17,True,294.51,24.1,345.6,37.2,42.2,15.4,0.0,,440.4,4
TXN-CRT-001-002251,2026-07-14 18:20:12,2026-07-14,Tuesday,18,False,Traditional,2,CASH-114,Flous (Mobile),21,3,True,182.62,93.0,76.8,20.5,39.0,25.1,0.0,,161.4,3
TXN-CRT-001-002252,2026-07-14 18:23:04,2026-07-14,Tuesday,18,False,Self-Service,9,,Flous (Mobile),27,7,True,139.29,61.9,220.6,34.8,32.4,40.1,0.0,,328.0,3
TXN-CRT-001-002253,2026-07-14 18:23:23,2026-07-14,Tuesday,18,False,Traditional,7,CASH-116,Cash,27,6,True,179.91,154.3,124.9,18.6,47.9,23.0,0.0,,214.5,3
TXN-CRT-001-002254,2026-07-14 18:24:43,2026-07-14,Tuesday,18,False,Traditional,1,CASH-122,Flous (Mobile),17,3,True,80.59,41.0,113.9,43.7,38.9,26.1,0.0,,222.6,4
TXN-CRT-001-002255,2026-07-14 18:25:40,2026-07-14,Tuesday,18,False,Self-Service,9,,Cash,28,7,True,150.03,46.6,275.9,62.5,67.3,36.6,0.0,,442.3,4
TXN-CRT-001-002256,2026-07-14 18:27:20,2026-07-14,Tuesday,18,False,Traditional,4,CASH-132,Card (Local),19,6,True,90.18,133.1,140.8,35.1,23.2,27.4,0.0,,226.5,3
TXN-CRT-001-002257,2026-07-14 18:39:56,2026-07-14,Tuesday,18,False,Traditional,7,CASH-134,Cash,10,0,False,69.6,110.9,63.2,0.0,59.5,35.2,0.0,,157.9,3
TXN-CRT-001-002258,2026-07-14 18:46:59,2026-07-14,Tuesday,18,False,Traditional,5,CASH-111,Cash,17,8,True,121.07,94.3,105.5,25.2,56.3,18.5,0.0,,205.6,4
TXN-CRT-001-002259,2026-07-14 18:56:56,2026-07-14,Tuesday,18,False,Traditional,8,CASH-110,Card (Local),17,6,True,71.45,28.5,116.5,43.4,18.6,26.3,0.0,,204.8,4
TXN-CRT-001-002260,2026-07-14 18:57:53,2026-07-14,Tuesday,18,False,Traditional,3,CASH-118,Cash,30,9,True,191.66,30.5,78.6,17.5,34.5,16.1,0.0,,146.7,4
TXN-CRT-001-002261,2026-07-14 18:58:30,2026-07-14,Tuesday,18,False,Traditional,4,CASH-119,Cash,48,14,True,270.05,49.5,227.6,16.9,31.4,17.7,0.0,,293.7,4
TXN-CRT-001-002262,2026-07-14 19:01:18,2026-07-14,Tuesday,19,False,Traditional,8,CASH-109,Cash,13,3,True,43.53,48.6,48.3,28.5,26.4,38.3,0.0,,141.4,4
TXN-CRT-001-002263,2026-07-14 19:09:02,2026-07-14,Tuesday,19,False,Self-Service,10,,Card (Local),26,8,True,200.58,28.9,368.4,36.9,31.8,43.1,0.0,,480.3,4
TXN-CRT-001-002264,2026-07-14 19:09:32,2026-07-14,Tuesday,19,False,Traditional,1,CASH-115,Cash,4,1,True,10.35,39.6,29.6,36.8,33.5,17.1,0.0,,117.0,4
TXN-CRT-001-002265,2026-07-14 19:20:38,2026-07-14,Tuesday,19,False,Traditional,3,CASH-121,Card (International),27,10,True,164.7,50.6,132.2,15.1,47.2,32.2,0.0,,226.7,4
TXN-CRT-001-002266,2026-07-14 19:20:50,2026-07-14,Tuesday,19,False,Traditional,8,CASH-103,Cash,12,2,True,34.15,106.8,79.7,30.9,51.5,15.8,0.0,,178.0,4
TXN-CRT-001-002267,2026-07-14 19:34:28,2026-07-14,Tuesday,19,False,Traditional,7,CASH-126,Cash,2,0,False,10.54,126.9,11.8,0.0,50.1,39.4,0.0,,101.4,3
TXN-CRT-001-002268,2026-07-14 19:36:25,2026-07-14,Tuesday,19,False,Traditional,2,CASH-135,Cash,12,3,True,31.79,83.3,86.0,30.5,31.2,26.1,0.0,,173.7,4
TXN-CRT-001-002269,2026-07-14 19:59:46,2026-07-14,Tuesday,19,False,Traditional,8,CASH-134,Cash,19,4,True,86.63,14.1,85.0,25.1,45.7,38.4,0.0,,194.1,4
TXN-CRT-001-002270,2026-07-14 20:08:22,2026-07-14,Tuesday,20,False,Traditional,3,CASH-120,Cash,5,1,True,17.97,116.4,21.8,43.0,53.2,26.2,0.0,,144.2,4
TXN-CRT-001-002271,2026-07-14 20:09:04,2026-07-14,Tuesday,20,False,Traditional,3,CASH-114,Cash,42,10,True,152.48,83.6,296.9,38.7,39.5,35.3,0.0,,410.5,3
TXN-CRT-001-002272,2026-07-14 20:17:20,2026-07-14,Tuesday,20,False,Traditional,6,CASH-116,Check,4,2,True,24.95,96.8,24.9,34.2,84.4,27.0,0.0,,170.5,4
TXN-CRT-001-002273,2026-07-14 20:17:55,2026-07-14,Tuesday,20,False,Traditional,8,CASH-115,Card (Local),42,11,True,277.05,30.4,179.3,15.4,18.7,23.2,0.0,,236.5,4
TXN-CRT-001-002274,2026-07-14 20:19:20,2026-07-14,Tuesday,20,False,Traditional,8,CASH-125,Cash,23,5,True,146.01,136.4,143.6,34.5,61.9,28.7,111.1,Barcode not scanning,379.8,2
TXN-CRT-001-002275,2026-07-14 20:24:57,2026-07-14,Tuesday,20,False,Express (<10 items),13,CASH-136,Cash,11,2,True,53.11,45.3,68.9,19.5,42.1,27.6,0.0,,158.1,4
TXN-CRT-001-002276,2026-07-14 20:27:38,2026-07-14,Tuesday,20,False,Traditional,5,CASH-126,Flous (Mobile),12,3,True,52.89,28.6,77.1,33.9,20.9,15.5,0.0,,147.4,4
TXN-CRT-001-002277,2026-07-14 20:29:46,2026-07-14,Tuesday,20,False,Traditional,6,CASH-110,Cash,25,6,True,146.72,88.6,76.8,38.8,29.3,16.5,0.0,,161.3,4
TXN-CRT-001-002278,2026-07-14 20:30:03,2026-07-14,Tuesday,20,False,Traditional,5,CASH-128,Cash,19,6,True,60.98,50.0,137.7,37.9,54.0,17.9,0.0,,247.5,4
TXN-CRT-001-002279,2026-07-14 20:31:19,2026-07-14,Tuesday,20,False,Traditional,8,CASH-113,Card (International),22,3,True,110.44,81.9,112.5,18.6,44.2,35.6,0.0,,210.8,3
TXN-CRT-001-002280,2026-07-14 20:33:34,2026-07-14,Tuesday,20,False,Traditional,3,CASH-135,Card (Local),12,2,True,46.19,39.4,68.1,33.9,34.5,17.2,0.0,,153.7,4
TXN-CRT-001-002281,2026-07-14 20:36:10,2026-07-14,Tuesday,20,False,Traditional,7,CASH-110,Card (Local),15,3,True,64.43,20.7,38.7,23.3,29.3,23.9,160.8,Barcode not scanning,276.0,4
TXN-CRT-001-002282,2026-07-14 20:36:23,2026-07-14,Tuesday,20,False,Traditional,3,CASH-115,Cash,49,11,True,277.63,38.6,204.8,24.0,72.4,28.8,0.0,,330.1,4
TXN-CRT-001-002283,2026-07-14 20:40:43,2026-07-14,Tuesday,20,False,Traditional,1,CASH-108,Cash,8,2,True,51.22,16.8,45.0,15.7,68.7,29.3,0.0,,158.7,4
TXN-CRT-001-002284,2026-07-14 20:42:25,2026-07-14,Tuesday,20,False,Traditional,6,CASH-109,Card (Local),13,4,True,101.76,83.8,92.7,26.5,28.3,22.7,0.0,,170.3,3
TXN-CRT-001-002285,2026-07-14 20:57:29,2026-07-14,Tuesday,20,False,Traditional,3,CASH-119,Cash,10,2,True,65.26,4.0,46.9,25.4,59.8,37.4,0.0,,169.5,4
TXN-CRT-001-002286,2026-07-14 21:14:51,2026-07-14,Tuesday,21,False,Traditional,2,CASH-131,Cash,26,6,True,143.07,111.5,187.9,42.6,36.3,31.4,0.0,,298.2,3
TXN-CRT-001-002287,2026-07-14 21:57:58,2026-07-14,Tuesday,21,False,Express (<10 items),13,CASH-144,Card (Local),26,7,True,242.73,18.1,82.8,19.2,20.8,24.1,0.0,,146.9,4
TXN-CRT-001-002288,2026-07-15 08:13:15,2026-07-15,Wednesday,8,False,Traditional,7,CASH-131,Cash,10,1,True,79.31,102.3,70.8,17.9,26.9,33.2,0.0,,148.9,3
TXN-CRT-001-002289,2026-07-15 08:40:32,2026-07-15,Wednesday,8,False,Traditional,4,CASH-118,Check,4,1,True,20.29,76.8,11.3,37.9,54.8,31.1,0.0,,135.1,3
TXN-CRT-001-002290,2026-07-15 08:46:56,2026-07-15,Wednesday,8,False,Traditional,2,CASH-123,Flous (Mobile),1,0,False,2.8,7.1,3.9,0.0,32.7,34.6,0.0,,71.2,4
TXN-CRT-001-002291,2026-07-15 08:47:43,2026-07-15,Wednesday,8,False,Traditional,7,CASH-117,Card (Local),13,3,True,84.17,60.2,78.7,27.0,22.2,30.2,0.0,,158.1,4
TXN-CRT-001-002292,2026-07-15 09:00:03,2026-07-15,Wednesday,9,False,Traditional,1,CASH-124,Cash,13,5,True,41.3,15.8,79.9,22.8,35.6,37.7,0.0,,176.0,4
TXN-CRT-001-002293,2026-07-15 09:01:30,2026-07-15,Wednesday,9,False,Traditional,3,CASH-127,Cash,49,10,True,398.9,60.4,127.0,36.0,68.6,33.1,0.0,,264.8,4
TXN-CRT-001-002294,2026-07-15 09:16:41,2026-07-15,Wednesday,9,False,Traditional,8,CASH-101,Cash,15,6,True,90.55,30.9,78.3,37.1,49.8,19.1,0.0,,184.3,4
TXN-CRT-001-002295,2026-07-15 09:18:52,2026-07-15,Wednesday,9,False,Traditional,2,CASH-113,Cash,9,2,True,48.47,7.3,36.1,35.6,43.8,33.5,116.9,Payment terminal error,265.9,3
TXN-CRT-001-002296,2026-07-15 09:28:29,2026-07-15,Wednesday,9,False,Traditional,8,CASH-108,Check,38,10,True,259.17,74.1,135.0,29.9,40.7,29.7,0.0,,235.4,3
TXN-CRT-001-002297,2026-07-15 09:33:00,2026-07-15,Wednesday,9,False,Traditional,3,CASH-135,Cash,15,6,True,117.06,48.7,104.1,44.1,73.0,37.8,0.0,,258.9,4
TXN-CRT-001-002298,2026-07-15 09:52:11,2026-07-15,Wednesday,9,False,Traditional,2,CASH-127,Cash,19,6,True,145.39,52.4,132.4,21.9,56.3,22.4,0.0,,232.9,4
TXN-CRT-001-002299,2026-07-15 09:52:29,2026-07-15,Wednesday,9,False,Traditional,8,CASH-133,Cash,4,1,True,28.65,8.9,23.6,31.5,43.2,17.5,0.0,,115.8,4
TXN-CRT-001-002300,2026-07-15 10:03:10,2026-07-15,Wednesday,10,False,Traditional,4,CASH-125,Card (Local),12,4,True,56.7,7.8,45.7,27.3,34.9,24.2,0.0,,132.1,4
TXN-CRT-001-002301,2026-07-15 10:13:41,2026-07-15,Wednesday,10,False,Traditional,4,CASH-124,Cash,44,10,True,201.79,41.7,144.1,25.5,46.1,18.2,0.0,,233.8,4
TXN-CRT-001-002302,2026-07-15 10:14:59,2026-07-15,Wednesday,10,False,Traditional,8,CASH-112,Cash,18,5,True,132.63,100.3,90.1,26.8,63.5,19.0,0.0,,199.5,4
TXN-CRT-001-002303,2026-07-15 10:19:00,2026-07-15,Wednesday,10,False,Traditional,4,CASH-131,Cash,11,1,True,61.0,84.9,76.3,25.6,49.9,33.6,0.0,,185.4,4
TXN-CRT-001-002304,2026-07-15 10:30:08,2026-07-15,Wednesday,10,False,Traditional,3,CASH-120,Flous (Mobile),20,2,True,71.43,72.4,80.9,23.4,20.7,16.5,0.0,,141.6,4
TXN-CRT-001-002305,2026-07-15 10:35:42,2026-07-15,Wednesday,10,False,Express (<10 items),12,CASH-144,Cash,40,13,True,227.34,122.1,208.2,18.6,70.2,31.3,0.0,,328.3,2
TXN-CRT-001-002306,2026-07-15 10:40:32,2026-07-15,Wednesday,10,False,Traditional,6,CASH-108,Flous (Mobile),9,0,False,35.56,32.3,37.7,0.0,29.9,38.3,71.7,Payment terminal error,177.6,3
TXN-CRT-001-002307,2026-07-15 10:48:42,2026-07-15,Wednesday,10,False,Traditional,3,CASH-112,Flous (Mobile),16,2,True,99.01,75.6,115.0,39.8,25.3,37.7,0.0,,217.8,4
TXN-CRT-001-002308,2026-07-15 10:53:57,2026-07-15,Wednesday,10,False,Traditional,3,CASH-127,Cash,46,14,True,284.2,11.5,135.1,27.5,26.8,21.6,0.0,,211.1,4
TXN-CRT-001-002309,2026-07-15 10:55:43,2026-07-15,Wednesday,10,False,Traditional,3,CASH-119,Card (International),7,0,False,17.77,206.4,30.4,0.0,35.8,22.1,0.0,,88.3,3
TXN-CRT-001-002310,2026-07-15 10:57:53,2026-07-15,Wednesday,10,False,Traditional,4,CASH-121,Cash,24,5,True,173.59,27.7,139.2,37.2,32.2,37.6,0.0,,246.1,4
TXN-CRT-001-002311,2026-07-15 10:59:12,2026-07-15,Wednesday,10,False,Traditional,7,CASH-119,Check,19,5,True,66.91,71.5,104.1,36.9,58.5,17.2,0.0,,216.6,4
TXN-CRT-001-002312,2026-07-15 11:00:05,2026-07-15,Wednesday,11,False,Self-Service,9,,Card (Local),22,6,True,149.15,152.3,227.9,78.2,31.9,36.7,0.0,,374.7,3
TXN-CRT-001-002313,2026-07-15 11:00:42,2026-07-15,Wednesday,11,False,Traditional,2,CASH-134,Cash,11,4,True,56.44,38.4,55.3,39.9,31.8,30.1,0.0,,157.0,4
TXN-CRT-001-002314,2026-07-15 11:08:15,2026-07-15,Wednesday,11,False,Traditional,7,CASH-109,Cash,10,2,True,51.07,70.3,65.4,28.3,54.7,38.3,0.0,,186.7,4
TXN-CRT-001-002315,2026-07-15 11:11:17,2026-07-15,Wednesday,11,False,Express (<10 items),13,CASH-143,Cash,22,5,True,195.98,59.4,76.2,29.3,45.8,32.6,0.0,,183.9,4
TXN-CRT-001-002316,2026-07-15 11:17:41,2026-07-15,Wednesday,11,False,Traditional,2,CASH-132,Check,8,3,True,30.75,36.9,46.4,18.6,61.8,36.1,0.0,,163.0,4
TXN-CRT-001-002317,2026-07-15 11:17:48,2026-07-15,Wednesday,11,False,Traditional,5,CASH-108,Cash,13,3,True,32.93,30.7,32.7,20.1,59.7,19.8,0.0,,132.3,4
TXN-CRT-001-002318,2026-07-15 11:22:51,2026-07-15,Wednesday,11,False,Traditional,4,CASH-123,Card (Local),7,2,True,42.23,17.7,22.9,25.6,24.6,28.9,0.0,,102.0,4
TXN-CRT-001-002319,2026-07-15 11:28:07,2026-07-15,Wednesday,11,False,Traditional,3,CASH-106,Cash,1,1,True,5.6,45.6,7.2,36.6,66.6,20.2,0.0,,130.6,4
TXN-CRT-001-002320,2026-07-15 11:29:42,2026-07-15,Wednesday,11,False,Traditional,4,CASH-108,Check,47,11,True,216.09,28.4,146.4,35.6,57.2,36.1,0.0,,275.3,4
TXN-CRT-001-002321,2026-07-15 11:39:57,2026-07-15,Wednesday,11,False,Self-Service,9,,Cash,14,3,True,68.3,26.8,116.7,71.5,63.6,46.0,0.0,,297.9,4
TXN-CRT-001-002322,2026-07-15 11:44:19,2026-07-15,Wednesday,11,False,Traditional,6,CASH-117,Card (Local),47,4,True,211.41,79.2,203.9,42.1,26.6,16.5,0.0,,289.1,3
TXN-CRT-001-002323,2026-07-15 11:45:23,2026-07-15,Wednesday,11,False,Traditional,6,CASH-108,Cash,6,2,True,41.97,56.4,34.4,30.8,33.6,15.3,0.0,,114.1,4
TXN-CRT-001-002324,2026-07-15 11:55:11,2026-07-15,Wednesday,11,False,Traditional,4,CASH-115,Card (Local),18,1,True,113.33,104.9,51.5,26.7,21.5,15.8,0.0,,115.5,3
TXN-CRT-001-002325,2026-07-15 11:55:45,2026-07-15,Wednesday,11,False,Traditional,4,CASH-126,Cash,7,2,True,40.74,36.5,40.5,21.4,51.5,17.6,0.0,,130.9,4
TXN-CRT-001-002326,2026-07-15 12:06:03,2026-07-15,Wednesday,12,False,Express (<10 items),13,CASH-140,Cash,28,9,True,210.94,19.1,85.8,28.5,37.2,37.0,0.0,,188.5,4
TXN-CRT-001-002327,2026-07-15 12:09:26,2026-07-15,Wednesday,12,False,Traditional,5,CASH-120,Cash,27,7,True,141.22,80.1,127.9,36.6,46.9,25.9,0.0,,237.3,4
TXN-CRT-001-002328,2026-07-15 12:13:48,2026-07-15,Wednesday,12,False,Traditional,5,CASH-129,Card (Local),5,1,True,36.17,83.0,35.3,38.8,32.6,29.5,0.0,,136.2,3
TXN-CRT-001-002329,2026-07-15 12:14:37,2026-07-15,Wednesday,12,False,Traditional,7,CASH-131,Cash,40,12,True,186.0,63.8,252.5,31.1,47.3,32.7,0.0,,363.6,3
TXN-CRT-001-002330,2026-07-15 12:15:19,2026-07-15,Wednesday,12,False,Traditional,2,CASH-111,Card (Local),7,1,True,50.94,26.1,37.9,19.5,27.8,21.7,0.0,,106.9,4
TXN-CRT-001-002331,2026-07-15 12:16:54,2026-07-15,Wednesday,12,False,Traditional,8,CASH-107,Cash,19,6,True,143.8,53.0,122.3,21.0,49.4,30.9,0.0,,223.7,4
TXN-CRT-001-002332,2026-07-15 12:21:59,2026-07-15,Wednesday,12,False,Traditional,8,CASH-108,Flous (Mobile),49,13,True,275.11,18.3,364.6,39.9,35.0,25.1,0.0,,464.6,3
TXN-CRT-001-002333,2026-07-15 12:25:43,2026-07-15,Wednesday,12,False,Traditional,8,CASH-135,Check,37,7,True,334.54,28.0,223.7,33.1,83.8,37.7,0.0,,378.4,3
TXN-CRT-001-002334,2026-07-15 12:36:25,2026-07-15,Wednesday,12,False,Traditional,4,CASH-133,Cash,45,15,True,381.81,114.6,203.5,27.7,47.0,27.5,0.0,,305.6,3
TXN-CRT-001-002335,2026-07-15 12:37:27,2026-07-15,Wednesday,12,False,Traditional,3,CASH-119,Cash,11,2,True,64.85,34.0,29.2,17.3,31.2,32.8,0.0,,110.5,4
TXN-CRT-001-002336,2026-07-15 12:41:45,2026-07-15,Wednesday,12,False,Traditional,7,CASH-120,Cash,5,4,True,28.83,96.7,34.4,29.5,54.8,23.5,0.0,,142.2,4
TXN-CRT-001-002337,2026-07-15 12:53:25,2026-07-15,Wednesday,12,False,Traditional,5,CASH-103,Cash,7,0,False,24.69,66.6,49.5,0.0,52.7,28.4,0.0,,130.6,4
TXN-CRT-001-002338,2026-07-15 12:59:04,2026-07-15,Wednesday,12,False,Traditional,4,CASH-108,Cash,15,3,True,51.14,150.1,45.1,24.6,73.6,38.5,0.0,,181.9,3
TXN-CRT-001-002339,2026-07-15 12:59:07,2026-07-15,Wednesday,12,False,Traditional,1,CASH-117,Card (Local),28,5,True,177.11,64.7,141.7,18.2,24.8,28.5,67.4,Supervisor approval needed,280.6,3
TXN-CRT-001-002340,2026-07-15 13:02:46,2026-07-15,Wednesday,13,False,Traditional,6,CASH-129,Card (Local),6,0,False,45.79,61.8,31.1,0.0,32.8,36.8,0.0,,100.7,4
TXN-CRT-001-002341,2026-07-15 13:05:20,2026-07-15,Wednesday,13,False,Traditional,5,CASH-101,Check,21,6,True,134.17,11.6,108.0,35.8,85.7,31.1,0.0,,260.6,4
TXN-CRT-001-002342,2026-07-15 13:11:39,2026-07-15,Wednesday,13,False,Traditional,5,CASH-112,Cash,10,3,True,72.71,28.7,34.7,18.3,38.8,37.1,0.0,,128.9,4
TXN-CRT-001-002343,2026-07-15 13:12:50,2026-07-15,Wednesday,13,False,Traditional,8,CASH-113,Card (Local),11,4,True,66.93,41.6,58.5,31.3,19.6,27.1,0.0,,136.5,4
TXN-CRT-001-002344,2026-07-15 13:19:30,2026-07-15,Wednesday,13,False,Traditional,2,CASH-106,Cash,21,4,True,92.2,189.6,61.6,24.5,65.2,15.5,0.0,,166.8,3
TXN-CRT-001-002345,2026-07-15 13:19:49,2026-07-15,Wednesday,13,False,Express (<10 items),12,CASH-145,Cash,14,3,True,49.04,30.6,61.6,40.4,36.8,24.5,89.6,Supervisor approval needed,252.8,3
TXN-CRT-001-002346,2026-07-15 13:20:33,2026-07-15,Wednesday,13,False,Traditional,8,CASH-125,Cash,29,8,True,199.33,19.4,132.0,44.7,33.7,18.6,0.0,,229.0,4
TXN-CRT-001-002347,2026-07-15 13:29:00,2026-07-15,Wednesday,13,False,Traditional,8,CASH-108,Cash,6,1,True,47.72,14.0,29.8,34.2,31.6,38.3,0.0,,133.9,4
TXN-CRT-001-002348,2026-07-15 13:29:13,2026-07-15,Wednesday,13,False,Traditional,1,CASH-131,Cash,28,8,True,137.06,11.3,84.7,38.5,74.7,18.7,0.0,,216.4,4
TXN-CRT-001-002349,2026-07-15 13:29:26,2026-07-15,Wednesday,13,False,Traditional,3,CASH-110,Card (Local),3,1,True,11.26,194.0,13.9,34.2,34.0,34.4,0.0,,116.6,3
TXN-CRT-001-002350,2026-07-15 13:40:02,2026-07-15,Wednesday,13,False,Traditional,3,CASH-123,Check,7,0,False,48.24,58.4,50.9,0.0,46.3,16.5,0.0,,113.7,4
TXN-CRT-001-002351,2026-07-15 13:40:36,2026-07-15,Wednesday,13,False,Traditional,8,CASH-133,Cash,21,7,True,149.73,21.8,60.6,41.0,67.2,37.3,0.0,,206.1,4
TXN-CRT-001-002352,2026-07-15 13:42:27,2026-07-15,Wednesday,13,False,Self-Service,9,,Cash,34,10,True,162.54,124.4,320.4,69.6,28.2,36.9,0.0,,455.2,2
TXN-CRT-001-002353,2026-07-15 13:47:25,2026-07-15,Wednesday,13,False,Traditional,3,CASH-135,Cash,9,3,True,55.16,163.3,51.4,20.5,72.8,28.3,0.0,,173.0,3
TXN-CRT-001-002354,2026-07-15 13:47:43,2026-07-15,Wednesday,13,False,Self-Service,9,,Card (Local),11,1,True,64.08,22.8,95.6,36.1,31.0,36.7,0.0,,199.4,4
TXN-CRT-001-002355,2026-07-15 13:48:59,2026-07-15,Wednesday,13,False,Traditional,6,CASH-109,Cash,17,3,True,91.61,35.4,121.8,18.4,27.1,38.8,0.0,,206.1,4
TXN-CRT-001-002356,2026-07-15 13:52:50,2026-07-15,Wednesday,13,False,Traditional,4,CASH-134,Card (International),8,2,True,59.14,111.4,27.8,30.8,49.3,17.1,0.0,,125.0,3
TXN-CRT-001-002357,2026-07-15 13:56:34,2026-07-15,Wednesday,13,False,Self-Service,11,,Check,29,6,True,134.31,83.8,142.7,57.8,87.7,20.8,156.8,Item return/exchange,465.8,3
TXN-CRT-001-002358,2026-07-15 14:03:23,2026-07-15,Wednesday,14,False,Traditional,8,CASH-117,Check,27,5,True,155.98,44.7,157.3,20.3,79.8,27.1,0.0,,284.4,4
TXN-CRT-001-002359,2026-07-15 14:10:48,2026-07-15,Wednesday,14,False,Traditional,8,CASH-117,Cash,6,2,True,17.78,113.5,44.5,43.1,49.6,27.8,0.0,,165.1,3
TXN-CRT-001-002360,2026-07-15 14:10:56,2026-07-15,Wednesday,14,False,Traditional,2,CASH-111,Flous (Mobile),14,4,True,99.89,11.2,80.7,33.7,34.3,36.1,0.0,,184.8,4
TXN-CRT-001-002361,2026-07-15 14:13:32,2026-07-15,Wednesday,14,False,Traditional,4,CASH-129,Card (Local),27,7,True,197.58,18.6,76.0,20.0,21.9,17.9,0.0,,135.9,4
TXN-CRT-001-002362,2026-07-15 14:18:49,2026-07-15,Wednesday,14,False,Traditional,8,CASH-108,Cash,11,2,True,51.03,27.3,37.1,32.9,66.3,19.3,0.0,,155.6,4
TXN-CRT-001-002363,2026-07-15 14:21:13,2026-07-15,Wednesday,14,False,Traditional,6,CASH-133,Card (Local),20,8,True,150.63,24.5,117.1,20.2,31.1,21.4,0.0,,189.8,4
TXN-CRT-001-002364,2026-07-15 14:24:29,2026-07-15,Wednesday,14,False,Traditional,3,CASH-102,Flous (Mobile),2,0,False,9.87,5.0,10.9,0.0,37.1,21.2,0.0,,69.2,4
TXN-CRT-001-002365,2026-07-15 14:33:22,2026-07-15,Wednesday,14,False,Traditional,4,CASH-117,Cash,19,6,True,93.11,37.3,127.8,23.9,63.5,24.2,0.0,,239.5,4
TXN-CRT-001-002366,2026-07-15 14:36:08,2026-07-15,Wednesday,14,False,Traditional,3,CASH-124,Cash,6,4,True,37.76,75.7,17.6,31.1,64.4,24.0,0.0,,137.1,3
TXN-CRT-001-002367,2026-07-15 14:41:41,2026-07-15,Wednesday,14,False,Traditional,3,CASH-121,Cash,31,9,True,215.71,92.2,162.1,16.7,65.7,35.8,0.0,,280.3,3
TXN-CRT-001-002368,2026-07-15 14:46:36,2026-07-15,Wednesday,14,False,Traditional,1,CASH-106,Card (Local),11,7,True,85.54,87.2,68.0,23.1,25.3,25.0,0.0,,141.4,4
TXN-CRT-001-002369,2026-07-15 15:14:37,2026-07-15,Wednesday,15,False,Traditional,2,CASH-112,Cash,9,3,True,28.65,106.4,60.1,22.3,67.1,24.0,0.0,,173.5,4
TXN-CRT-001-002370,2026-07-15 15:17:27,2026-07-15,Wednesday,15,False,Traditional,3,CASH-135,Flous (Mobile),32,6,True,150.61,69.6,138.5,15.5,36.6,23.4,0.0,,214.0,4
TXN-CRT-001-002371,2026-07-15 15:22:35,2026-07-15,Wednesday,15,False,Traditional,6,CASH-124,Card (Local),2,0,False,13.67,32.2,9.9,0.0,18.7,36.9,0.0,,65.4,4
TXN-CRT-001-002372,2026-07-15 15:27:04,2026-07-15,Wednesday,15,False,Traditional,7,CASH-108,Card (Local),13,2,True,102.9,8.5,62.7,15.9,27.9,33.3,0.0,,139.8,4
TXN-CRT-001-002373,2026-07-15 15:27:06,2026-07-15,Wednesday,15,False,Traditional,1,CASH-111,Cash,12,0,False,44.09,8.2,77.4,0.0,29.7,37.0,0.0,,144.1,4
TXN-CRT-001-002374,2026-07-15 15:30:36,2026-07-15,Wednesday,15,False,Traditional,4,CASH-107,Card (Local),10,3,True,33.51,55.5,63.3,44.7,30.0,15.1,0.0,,153.1,4
TXN-CRT-001-002375,2026-07-15 15:40:59,2026-07-15,Wednesday,15,False,Traditional,3,CASH-131,Cash,40,8,True,316.11,23.1,147.3,39.2,43.7,25.5,0.0,,255.7,4
TXN-CRT-001-002376,2026-07-15 15:53:29,2026-07-15,Wednesday,15,False,Traditional,1,CASH-120,Cash,25,8,True,215.24,53.4,64.8,16.5,40.6,15.8,0.0,,137.7,4
TXN-CRT-001-002377,2026-07-15 16:03:57,2026-07-15,Wednesday,16,False,Traditional,1,CASH-120,Card (Local),3,0,False,22.57,16.9,17.7,0.0,34.8,38.0,0.0,,90.4,4
TXN-CRT-001-002378,2026-07-15 16:05:52,2026-07-15,Wednesday,16,False,Traditional,5,CASH-129,Cash,24,6,True,173.09,121.0,60.9,43.1,33.3,19.4,0.0,,156.6,3
TXN-CRT-001-002379,2026-07-15 16:13:11,2026-07-15,Wednesday,16,False,Traditional,8,CASH-124,Card (Local),16,7,True,59.21,38.4,44.4,32.0,19.3,24.7,0.0,,120.4,4
TXN-CRT-001-002380,2026-07-15 16:23:04,2026-07-15,Wednesday,16,False,Traditional,8,CASH-128,Cash,39,8,True,343.82,40.9,245.8,27.0,71.8,20.8,0.0,,365.4,3
TXN-CRT-001-002381,2026-07-15 16:50:50,2026-07-15,Wednesday,16,False,Traditional,8,CASH-115,Cash,10,3,True,64.93,44.0,39.6,42.1,72.7,19.8,101.3,Item return/exchange,275.5,3
TXN-CRT-001-002382,2026-07-15 16:53:16,2026-07-15,Wednesday,16,False,Self-Service,10,,Cash,18,6,True,114.28,111.9,150.4,49.4,71.1,27.5,0.0,,298.4,4
TXN-CRT-001-002383,2026-07-15 17:02:35,2026-07-15,Wednesday,17,False,Self-Service,11,,Check,15,2,True,40.29,19.0,82.3,42.5,43.7,46.9,156.2,Barcode not scanning,371.6,3
TXN-CRT-001-002384,2026-07-15 17:03:19,2026-07-15,Wednesday,17,False,Traditional,4,CASH-126,Card (Local),15,4,True,70.37,44.9,68.5,28.2,31.7,30.9,0.0,,159.4,4
TXN-CRT-001-002385,2026-07-15 17:04:18,2026-07-15,Wednesday,17,False,Traditional,6,CASH-122,Card (Local),14,3,True,106.5,52.1,64.2,21.8,28.2,17.2,0.0,,131.3,4
TXN-CRT-001-002386,2026-07-15 17:12:48,2026-07-15,Wednesday,17,False,Traditional,6,CASH-108,Cash,8,3,True,52.12,25.2,29.5,20.5,30.5,31.3,135.7,Promo code issue,247.5,3
TXN-CRT-001-002387,2026-07-15 17:16:21,2026-07-15,Wednesday,17,False,Traditional,3,CASH-133,Cash,26,7,True,137.2,77.0,166.8,26.3,74.7,16.4,0.0,,284.2,3
TXN-CRT-001-002388,2026-07-15 17:17:38,2026-07-15,Wednesday,17,False,Traditional,4,CASH-114,Check,14,3,True,35.27,103.3,87.0,15.7,54.7,19.2,0.0,,176.6,4
TXN-CRT-001-002389,2026-07-15 17:29:16,2026-07-15,Wednesday,17,False,Traditional,7,CASH-131,Cash,46,14,True,279.45,8.3,318.2,28.2,39.4,31.6,0.0,,417.4,3
TXN-CRT-001-002390,2026-07-15 17:32:43,2026-07-15,Wednesday,17,False,Traditional,1,CASH-102,Cash,9,1,True,41.23,82.8,39.0,17.6,41.9,18.8,0.0,,117.2,3
TXN-CRT-001-002391,2026-07-15 17:40:38,2026-07-15,Wednesday,17,False,Traditional,1,CASH-120,Card (Local),22,7,True,116.04,6.5,150.0,33.7,28.5,35.9,0.0,,248.1,4
TXN-CRT-001-002392,2026-07-15 17:44:27,2026-07-15,Wednesday,17,False,Traditional,4,CASH-130,Cash,44,14,True,201.22,25.2,259.1,25.4,44.7,18.1,0.0,,347.3,4
TXN-CRT-001-002393,2026-07-15 17:45:55,2026-07-15,Wednesday,17,False,Traditional,1,CASH-103,Card (International),21,8,True,145.45,31.7,151.6,30.7,42.6,36.1,0.0,,261.0,4
TXN-CRT-001-002394,2026-07-15 17:49:22,2026-07-15,Wednesday,17,False,Traditional,5,CASH-111,Card (Local),36,11,True,176.24,32.5,235.3,18.5,31.9,28.8,0.0,,314.5,3
TXN-CRT-001-002395,2026-07-15 17:51:43,2026-07-15,Wednesday,17,False,Self-Service,10,,Cash,31,7,True,254.14,115.8,221.7,56.5,28.3,24.9,0.0,,331.4,3
TXN-CRT-001-002396,2026-07-15 18:01:09,2026-07-15,Wednesday,18,False,Traditional,4,CASH-113,Cash,12,6,True,49.64,34.3,39.4,36.1,50.0,39.9,0.0,,165.4,4
TXN-CRT-001-002397,2026-07-15 18:01:10,2026-07-15,Wednesday,18,False,Traditional,7,CASH-130,Cash,19,4,True,53.11,34.3,139.3,28.2,28.7,31.8,0.0,,228.0,4
TXN-CRT-001-002398,2026-07-15 18:01:18,2026-07-15,Wednesday,18,False,Traditional,2,CASH-108,Flous (Mobile),6,2,True,44.63,14.6,17.2,37.2,37.9,37.1,0.0,,129.5,4
TXN-CRT-001-002399,2026-07-15 18:01:44,2026-07-15,Wednesday,18,False,Traditional,6,CASH-111,Card (Local),17,2,True,67.77,62.4,91.2,42.7,29.6,25.1,0.0,,188.6,4
TXN-CRT-001-002400,2026-07-15 18:06:02,2026-07-15,Wednesday,18,False,Traditional,2,CASH-124,Cash,8,5,True,49.72,42.2,56.2,24.5,27.7,23.8,0.0,,132.2,4
TXN-CRT-001-002401,2026-07-15 18:09:02,2026-07-15,Wednesday,18,False,Traditional,8,CASH-102,Cash,25,7,True,230.32,71.3,63.1,22.6,69.6,31.2,0.0,,186.6,4
TXN-CRT-001-002402,2026-07-15 18:09:47,2026-07-15,Wednesday,18,False,Traditional,2,CASH-125,Card (Local),16,5,True,106.76,14.4,114.7,27.1,33.4,26.5,0.0,,201.7,4
TXN-CRT-001-002403,2026-07-15 18:10:56,2026-07-15,Wednesday,18,False,Traditional,6,CASH-133,Card (Local),13,1,True,68.7,152.3,45.9,41.3,19.9,31.8,0.0,,138.9,3
TXN-CRT-001-002404,2026-07-15 18:12:49,2026-07-15,Wednesday,18,False,Traditional,3,CASH-112,Cash,9,3,True,43.69,87.0,46.5,40.7,58.2,28.1,0.0,,173.5,4
TXN-CRT-001-002405,2026-07-15 18:14:05,2026-07-15,Wednesday,18,False,Traditional,4,CASH-108,Cash,50,15,True,282.84,51.6,147.0,19.9,71.9,39.1,0.0,,277.8,4
TXN-CRT-001-002406,2026-07-15 18:14:12,2026-07-15,Wednesday,18,False,Traditional,2,CASH-109,Cash,3,1,True,22.78,99.3,13.2,43.7,46.1,15.3,39.6,Item return/exchange,157.8,3
TXN-CRT-001-002407,2026-07-15 18:16:23,2026-07-15,Wednesday,18,False,Traditional,1,CASH-101,Card (Local),2,0,False,14.26,155.0,14.3,0.0,33.5,22.3,0.0,,70.1,3
TXN-CRT-001-002408,2026-07-15 18:21:35,2026-07-15,Wednesday,18,False,Traditional,3,CASH-115,Check,8,2,True,38.91,63.4,36.0,16.7,84.7,25.9,0.0,,163.3,4
TXN-CRT-001-002409,2026-07-15 18:22:52,2026-07-15,Wednesday,18,False,Express (<10 items),12,CASH-141,Cash,47,8,True,229.4,43.3,135.2,18.7,68.5,20.1,0.0,,242.6,4
TXN-CRT-001-002410,2026-07-15 18:23:49,2026-07-15,Wednesday,18,False,Traditional,6,CASH-133,Card (Local),48,12,True,229.0,33.7,161.4,43.8,30.0,36.1,0.0,,271.3,4
TXN-CRT-001-002411,2026-07-15 18:27:56,2026-07-15,Wednesday,18,False,Traditional,1,CASH-108,Cash,21,4,True,205.2,39.1,79.1,45.0,40.9,22.3,0.0,,187.2,4
TXN-CRT-001-002412,2026-07-15 18:28:10,2026-07-15,Wednesday,18,False,Traditional,2,CASH-116,Cash,37,8,True,235.93,57.1,173.3,23.2,62.6,18.6,0.0,,277.8,4
TXN-CRT-001-002413,2026-07-15 18:31:27,2026-07-15,Wednesday,18,False,Traditional,5,CASH-129,Cash,8,1,True,55.62,41.7,53.7,34.3,69.7,37.1,0.0,,194.8,4
TXN-CRT-001-002414,2026-07-15 18:31:46,2026-07-15,Wednesday,18,False,Traditional,4,CASH-122,Flous (Mobile),47,10,True,299.13,81.6,134.7,17.4,38.4,21.5,107.8,Promo code issue,319.8,2
TXN-CRT-001-002415,2026-07-15 18:33:33,2026-07-15,Wednesday,18,False,Traditional,8,CASH-106,Cash,6,0,False,23.66,128.9,39.3,0.0,29.9,32.5,0.0,,101.7,3
TXN-CRT-001-002416,2026-07-15 18:33:33,2026-07-15,Wednesday,18,False,Express (<10 items),13,CASH-145,Card (Local),5,3,True,23.82,10.4,19.9,27.7,23.4,16.6,0.0,,87.6,4
TXN-CRT-001-002417,2026-07-15 18:35:11,2026-07-15,Wednesday,18,False,Traditional,4,CASH-128,Cash,5,1,True,14.45,17.2,19.7,22.7,34.4,38.1,0.0,,114.9,4
TXN-CRT-001-002418,2026-07-15 18:48:58,2026-07-15,Wednesday,18,False,Traditional,1,CASH-112,Cash,18,4,True,101.79,34.7,84.0,41.0,54.0,22.9,0.0,,201.9,4
TXN-CRT-001-002419,2026-07-15 18:50:30,2026-07-15,Wednesday,18,False,Traditional,4,CASH-117,Cash,27,7,True,162.89,8.4,172.7,34.4,39.4,17.4,0.0,,263.9,4
TXN-CRT-001-002420,2026-07-15 18:54:32,2026-07-15,Wednesday,18,False,Traditional,1,CASH-124,Card (Local),12,3,True,72.62,145.2,58.5,45.0,29.1,38.3,0.0,,170.9,3
TXN-CRT-001-002421,2026-07-15 18:57:37,2026-07-15,Wednesday,18,False,Traditional,7,CASH-110,Cash,48,16,True,226.5,106.7,189.7,27.8,69.2,21.1,0.0,,307.8,3
TXN-CRT-001-002422,2026-07-15 18:59:15,2026-07-15,Wednesday,18,False,Traditional,8,CASH-117,Card (Local),14,2,True,51.75,42.9,82.9,43.4,27.2,36.2,102.5,Payment terminal error,292.2,3
TXN-CRT-001-002423,2026-07-15 19:02:56,2026-07-15,Wednesday,19,False,Traditional,2,CASH-103,Cash,6,1,True,34.37,46.1,32.3,35.5,41.1,33.7,113.6,Promo code issue,256.2,3
TXN-CRT-001-002424,2026-07-15 19:03:43,2026-07-15,Wednesday,19,False,Traditional,4,CASH-124,Cash,14,7,True,94.3,64.6,50.9,15.4,30.3,31.8,0.0,,128.5,4
TXN-CRT-001-002425,2026-07-15 19:05:18,2026-07-15,Wednesday,19,False,Traditional,8,CASH-124,Cash,22,5,True,202.12,25.6,161.4,34.2,49.4,35.9,0.0,,280.9,4
TXN-CRT-001-002426,2026-07-15 19:05:34,2026-07-15,Wednesday,19,False,Self-Service,9,,Cash,31,3,True,282.97,37.9,182.4,83.8,67.8,34.1,0.0,,368.2,4
TXN-CRT-001-002427,2026-07-15 19:05:57,2026-07-15,Wednesday,19,False,Traditional,2,CASH-133,Cash,14,2,True,99.84,27.2,77.2,16.0,58.2,27.5,0.0,,179.0,4
TXN-CRT-001-002428,2026-07-15 19:06:59,2026-07-15,Wednesday,19,False,Express (<10 items),12,CASH-145,Cash,19,1,True,110.01,52.3,115.4,22.2,58.3,36.0,0.0,,231.9,4
TXN-CRT-001-002429,2026-07-15 19:07:49,2026-07-15,Wednesday,19,False,Traditional,7,CASH-130,Card (Local),9,5,True,26.33,53.4,61.3,16.5,34.7,34.9,0.0,,147.4,4
TXN-CRT-001-002430,2026-07-15 19:08:00,2026-07-15,Wednesday,19,False,Self-Service,9,,Card (Local),20,4,True,115.86,45.0,101.0,28.2,24.8,37.2,0.0,,191.1,4
TXN-CRT-001-002431,2026-07-15 19:15:35,2026-07-15,Wednesday,19,False,Traditional,3,CASH-112,Cash,49,17,True,358.42,99.9,280.3,37.1,42.9,29.1,0.0,,389.5,3
TXN-CRT-001-002432,2026-07-15 19:18:49,2026-07-15,Wednesday,19,False,Traditional,3,CASH-115,Cash,2,2,True,11.48,45.5,12.9,43.1,26.6,23.8,0.0,,106.4,4
TXN-CRT-001-002433,2026-07-15 19:21:18,2026-07-15,Wednesday,19,False,Express (<10 items),12,CASH-141,Cash,37,10,True,257.61,47.8,99.1,23.0,61.5,24.8,0.0,,208.4,4
TXN-CRT-001-002434,2026-07-15 19:24:35,2026-07-15,Wednesday,19,False,Traditional,4,CASH-105,Cash,18,1,True,76.04,12.0,80.7,21.2,68.9,30.1,0.0,,200.9,4
TXN-CRT-001-002435,2026-07-15 19:28:05,2026-07-15,Wednesday,19,False,Express (<10 items),12,CASH-145,Cash,9,1,True,65.41,79.9,32.9,34.1,29.5,23.7,0.0,,120.1,4
TXN-CRT-001-002436,2026-07-15 19:30:03,2026-07-15,Wednesday,19,False,Traditional,2,CASH-133,Flous (Mobile),45,11,True,328.34,56.2,295.3,36.6,38.4,30.9,0.0,,401.3,3
TXN-CRT-001-002437,2026-07-15 19:36:55,2026-07-15,Wednesday,19,False,Traditional,8,CASH-134,Cash,15,3,True,54.62,86.0,66.1,37.2,50.6,37.3,0.0,,191.2,4
TXN-CRT-001-002438,2026-07-15 19:42:30,2026-07-15,Wednesday,19,False,Traditional,7,CASH-121,Cash,11,3,True,77.32,23.6,55.6,31.0,61.8,31.4,0.0,,179.7,4
TXN-CRT-001-002439,2026-07-15 19:47:37,2026-07-15,Wednesday,19,False,Traditional,8,CASH-123,Cash,7,1,True,47.34,18.4,45.5,17.7,31.1,39.0,0.0,,133.3,4
TXN-CRT-001-002440,2026-07-15 19:54:35,2026-07-15,Wednesday,19,False,Traditional,3,CASH-111,Cash,8,4,True,39.21,41.2,38.4,32.5,55.1,37.0,0.0,,163.0,4
TXN-CRT-001-002441,2026-07-15 19:56:39,2026-07-15,Wednesday,19,False,Traditional,1,CASH-111,Card (Local),31,8,True,142.32,6.8,205.5,19.8,22.1,17.0,0.0,,264.5,4
TXN-CRT-001-002442,2026-07-15 19:58:23,2026-07-15,Wednesday,19,False,Traditional,2,CASH-110,Cash,19,6,True,70.74,150.7,93.7,19.1,25.1,32.3,0.0,,170.2,3
TXN-CRT-001-002443,2026-07-15 20:01:31,2026-07-15,Wednesday,20,False,Traditional,2,CASH-129,Cash,40,13,True,303.5,40.1,203.8,25.3,62.8,25.7,0.0,,317.7,3
TXN-CRT-001-002444,2026-07-15 20:04:34,2026-07-15,Wednesday,20,False,Traditional,2,CASH-131,Card (Local),8,1,True,24.46,3.1,47.6,36.0,34.3,21.5,0.0,,139.4,4
TXN-CRT-001-002445,2026-07-15 20:05:13,2026-07-15,Wednesday,20,False,Traditional,2,CASH-103,Cash,5,0,False,15.27,32.7,32.3,0.0,49.8,32.7,0.0,,114.8,4
TXN-CRT-001-002446,2026-07-15 20:07:02,2026-07-15,Wednesday,20,False,Traditional,7,CASH-112,Card (Local),1,0,False,6.45,43.6,3.5,0.0,29.1,20.8,0.0,,53.4,4
TXN-CRT-001-002447,2026-07-15 20:09:53,2026-07-15,Wednesday,20,False,Traditional,7,CASH-124,Card (Local),16,2,True,91.54,129.6,60.4,42.2,19.7,37.4,0.0,,159.7,3
TXN-CRT-001-002448,2026-07-15 20:11:37,2026-07-15,Wednesday,20,False,Traditional,2,CASH-119,Cash,50,13,True,434.02,51.8,128.0,22.6,26.7,29.8,0.0,,207.1,4
TXN-CRT-001-002449,2026-07-15 20:17:56,2026-07-15,Wednesday,20,False,Traditional,3,CASH-123,Card (Local),23,5,True,199.47,13.0,87.5,26.1,26.6,16.6,0.0,,156.9,4
TXN-CRT-001-002450,2026-07-15 20:21:34,2026-07-15,Wednesday,20,False,Traditional,3,CASH-121,Cash,10,2,True,75.06,65.3,39.4,25.3,73.9,31.6,0.0,,170.1,4
TXN-CRT-001-002451,2026-07-15 20:23:52,2026-07-15,Wednesday,20,False,Traditional,1,CASH-121,Card (Local),36,15,True,192.55,51.2,114.5,43.8,31.5,20.7,0.0,,210.4,4
TXN-CRT-001-002452,2026-07-15 20:31:42,2026-07-15,Wednesday,20,False,Express (<10 items),12,CASH-140,Cash,27,4,True,239.7,42.3,165.1,40.9,53.7,24.0,0.0,,283.8,4
TXN-CRT-001-002453,2026-07-15 20:33:13,2026-07-15,Wednesday,20,False,Traditional,1,CASH-109,Cash,1,0,False,2.59,37.0,5.9,0.0,49.6,30.2,0.0,,85.7,4
TXN-CRT-001-002454,2026-07-15 20:41:53,2026-07-15,Wednesday,20,False,Traditional,8,CASH-111,Card (Local),30,5,True,221.41,95.2,166.0,26.9,29.4,19.6,0.0,,241.9,4
TXN-CRT-001-002455,2026-07-15 20:44:38,2026-07-15,Wednesday,20,False,Traditional,3,CASH-103,Flous (Mobile),10,2,True,49.77,50.1,54.2,28.6,24.5,33.0,0.0,,140.4,4
TXN-CRT-001-002456,2026-07-15 20:58:24,2026-07-15,Wednesday,20,False,Traditional,6,CASH-121,Check,6,1,True,39.46,47.7,43.8,38.5,43.6,29.6,0.0,,155.5,4
TXN-CRT-001-002457,2026-07-15 21:33:33,2026-07-15,Wednesday,21,False,Traditional,8,CASH-119,Card (Local),8,4,True,63.46,110.8,32.8,18.1,33.1,16.8,0.0,,100.8,3
TXN-CRT-001-002458,2026-07-15 21:34:33,2026-07-15,Wednesday,21,False,Traditional,4,CASH-133,Cash,15,3,True,109.74,87.8,41.3,15.9,41.4,24.3,0.0,,122.9,4
TXN-CRT-001-002459,2026-07-15 21:34:59,2026-07-15,Wednesday,21,False,Traditional,4,CASH-129,Cash,13,1,True,42.33,65.5,35.4,41.1,45.3,29.4,0.0,,151.1,3
TXN-CRT-001-002460,2026-07-15 21:36:30,2026-07-15,Wednesday,21,False,Traditional,4,CASH-112,Cash,10,2,True,35.62,27.8,66.6,39.4,60.6,36.9,0.0,,203.5,4
TXN-CRT-001-002461,2026-07-15 21:56:33,2026-07-15,Wednesday,21,False,Express (<10 items),12,CASH-145,Cash,7,1,True,40.28,39.1,22.8,20.4,67.8,37.7,0.0,,148.7,4
TXN-CRT-001-002462,2026-07-16 08:17:46,2026-07-16,Thursday,8,False,Self-Service,10,,Cash,26,5,True,215.87,46.4,286.4,44.2,65.3,21.8,0.0,,417.7,4
TXN-CRT-001-002463,2026-07-16 08:22:19,2026-07-16,Thursday,8,False,Traditional,4,CASH-108,Flous (Mobile),49,13,True,413.58,14.7,309.7,32.3,24.1,35.8,0.0,,401.9,3
TXN-CRT-001-002464,2026-07-16 08:26:11,2026-07-16,Thursday,8,False,Traditional,7,CASH-112,Cash,27,4,True,266.02,33.2,132.3,44.5,73.7,29.0,0.0,,279.6,4
TXN-CRT-001-002465,2026-07-16 08:57:32,2026-07-16,Thursday,8,False,Traditional,7,CASH-133,Cash,10,2,True,33.89,51.5,51.0,29.4,33.5,20.6,0.0,,134.5,4
TXN-CRT-001-002466,2026-07-16 08:59:23,2026-07-16,Thursday,8,False,Traditional,6,CASH-126,Cash,9,3,True,42.19,75.7,41.6,43.4,52.7,18.5,0.0,,156.2,3
TXN-CRT-001-002467,2026-07-16 09:12:04,2026-07-16,Thursday,9,False,Traditional,4,CASH-129,Flous (Mobile),8,2,True,40.29,73.5,40.6,33.5,36.2,20.2,46.0,Supervisor approval needed,176.6,3
TXN-CRT-001-002468,2026-07-16 09:14:48,2026-07-16,Thursday,9,False,Traditional,1,CASH-116,Card (Local),6,0,False,31.63,9.5,17.2,0.0,25.6,28.6,0.0,,71.5,4
TXN-CRT-001-002469,2026-07-16 09:19:35,2026-07-16,Thursday,9,False,Traditional,3,CASH-116,Card (Local),17,8,True,88.47,37.2,93.4,31.8,31.1,21.2,96.6,Barcode not scanning,274.1,4
TXN-CRT-001-002470,2026-07-16 09:24:23,2026-07-16,Thursday,9,False,Traditional,8,CASH-124,Cash,19,4,True,136.04,25.0,141.0,28.1,62.0,20.8,0.0,,252.0,4
TXN-CRT-001-002471,2026-07-16 09:36:47,2026-07-16,Thursday,9,False,Traditional,5,CASH-116,Card (International),23,7,True,207.04,7.6,83.2,21.3,26.5,21.3,0.0,,152.2,4
TXN-CRT-001-002472,2026-07-16 09:54:18,2026-07-16,Thursday,9,False,Express (<10 items),12,CASH-143,Cash,22,5,True,192.71,44.7,77.5,24.4,26.6,36.4,0.0,,164.8,4
TXN-CRT-001-002473,2026-07-16 09:56:35,2026-07-16,Thursday,9,False,Self-Service,9,,Flous (Mobile),10,2,True,49.76,32.8,41.0,34.1,33.0,35.2,0.0,,143.3,4
TXN-CRT-001-002474,2026-07-16 10:00:09,2026-07-16,Thursday,10,False,Traditional,5,CASH-102,Cash,11,2,True,66.4,50.2,38.7,22.9,61.2,31.7,0.0,,154.5,4
TXN-CRT-001-002475,2026-07-16 10:00:11,2026-07-16,Thursday,10,False,Traditional,3,CASH-128,Cash,22,5,True,156.99,74.0,58.0,31.7,34.0,31.3,0.0,,154.9,3
TXN-CRT-001-002476,2026-07-16 10:00:42,2026-07-16,Thursday,10,False,Self-Service,9,,Cash,11,0,False,67.26,65.0,117.8,0.0,71.5,41.9,0.0,,231.2,3
TXN-CRT-001-002477,2026-07-16 10:01:38,2026-07-16,Thursday,10,False,Traditional,2,CASH-114,Card (Local),8,1,True,62.79,165.0,39.7,32.7,27.4,19.1,0.0,,119.0,3
TXN-CRT-001-002478,2026-07-16 10:03:55,2026-07-16,Thursday,10,False,Traditional,5,CASH-110,Cash,12,5,True,49.15,56.1,59.2,25.6,48.2,39.8,0.0,,172.8,4
TXN-CRT-001-002479,2026-07-16 10:13:52,2026-07-16,Thursday,10,False,Traditional,1,CASH-114,Flous (Mobile),9,3,True,41.7,126.3,35.8,24.6,37.0,38.7,0.0,,136.1,3
TXN-CRT-001-002480,2026-07-16 10:15:56,2026-07-16,Thursday,10,False,Traditional,7,CASH-104,Cash,4,0,False,11.09,19.3,10.7,0.0,63.6,24.5,0.0,,98.8,4
TXN-CRT-001-002481,2026-07-16 10:17:40,2026-07-16,Thursday,10,False,Traditional,3,CASH-101,Cash,31,8,True,275.68,64.3,215.7,16.8,69.5,32.5,0.0,,334.5,3
TXN-CRT-001-002482,2026-07-16 10:22:44,2026-07-16,Thursday,10,False,Self-Service,10,,Cash,33,11,True,182.19,27.5,337.3,64.1,60.9,40.9,0.0,,503.2,4
TXN-CRT-001-002483,2026-07-16 10:23:40,2026-07-16,Thursday,10,False,Express (<10 items),12,CASH-137,Cash,8,3,True,45.32,40.7,58.2,25.1,36.0,29.9,0.0,,149.2,4
TXN-CRT-001-002484,2026-07-16 10:28:23,2026-07-16,Thursday,10,False,Traditional,6,CASH-129,Cash,3,0,False,13.61,89.3,18.4,0.0,67.1,21.4,103.1,Promo code issue,210.0,2
TXN-CRT-001-002485,2026-07-16 10:35:30,2026-07-16,Thursday,10,False,Traditional,3,CASH-106,Cash,25,9,True,169.42,40.4,72.1,29.0,63.7,20.4,0.0,,185.2,4
TXN-CRT-001-002486,2026-07-16 10:41:28,2026-07-16,Thursday,10,False,Express (<10 items),12,CASH-145,Card (Local),8,1,True,45.3,101.1,37.2,17.9,27.2,18.4,32.2,Barcode not scanning,132.9,3
TXN-CRT-001-002487,2026-07-16 10:43:33,2026-07-16,Thursday,10,False,Traditional,5,CASH-123,Cash,12,3,True,65.41,28.2,61.0,16.4,32.2,17.4,0.0,,127.0,4
TXN-CRT-001-002488,2026-07-16 10:46:53,2026-07-16,Thursday,10,False,Self-Service,10,,Check,3,1,True,21.85,18.6,22.9,36.2,67.9,48.0,0.0,,175.0,4
TXN-CRT-001-002489,2026-07-16 10:49:08,2026-07-16,Thursday,10,False,Traditional,3,CASH-123,Card (Local),8,3,True,31.92,58.7,34.4,38.7,23.5,34.2,0.0,,130.7,4
TXN-CRT-001-002490,2026-07-16 10:51:26,2026-07-16,Thursday,10,False,Traditional,1,CASH-131,Card (International),28,10,True,134.54,60.7,186.8,32.3,40.1,23.4,0.0,,282.6,4
TXN-CRT-001-002491,2026-07-16 10:53:37,2026-07-16,Thursday,10,False,Traditional,4,CASH-128,Cash,29,11,True,215.89,38.4,128.3,42.5,47.1,30.9,0.0,,248.7,4
TXN-CRT-001-002492,2026-07-16 11:01:09,2026-07-16,Thursday,11,False,Traditional,6,CASH-113,Cash,8,0,False,47.44,77.9,52.6,0.0,74.3,37.7,0.0,,164.6,3
TXN-CRT-001-002493,2026-07-16 11:01:13,2026-07-16,Thursday,11,False,Traditional,6,CASH-109,Cash,11,5,True,61.83,6.2,29.4,25.4,52.4,31.5,0.0,,138.7,4
TXN-CRT-001-002494,2026-07-16 11:02:36,2026-07-16,Thursday,11,False,Traditional,7,CASH-124,Card (Local),6,0,False,41.29,21.4,40.4,0.0,23.3,39.4,0.0,,103.1,4
TXN-CRT-001-002495,2026-07-16 11:07:05,2026-07-16,Thursday,11,False,Traditional,2,CASH-108,Flous (Mobile),3,0,False,10.68,67.9,21.3,0.0,30.7,29.2,0.0,,81.3,4
TXN-CRT-001-002496,2026-07-16 11:08:09,2026-07-16,Thursday,11,False,Traditional,1,CASH-126,Cash,50,13,True,346.01,41.7,322.4,40.5,52.0,35.0,0.0,,449.9,4
TXN-CRT-001-002497,2026-07-16 11:10:27,2026-07-16,Thursday,11,False,Traditional,4,CASH-127,Cash,21,5,True,110.18,29.3,80.1,24.7,41.3,32.6,0.0,,178.7,4
TXN-CRT-001-002498,2026-07-16 11:16:46,2026-07-16,Thursday,11,False,Self-Service,11,,Flous (Mobile),17,5,True,128.36,55.4,193.7,72.1,28.9,28.8,0.0,,323.5,3
TXN-CRT-001-002499,2026-07-16 11:19:15,2026-07-16,Thursday,11,False,Express (<10 items),13,CASH-138,Cash,26,6,True,130.74,95.9,167.8,42.8,56.8,37.6,0.0,,305.0,3
TXN-CRT-001-002500,2026-07-16 11:25:40,2026-07-16,Thursday,11,False,Traditional,3,CASH-105,Card (Local),32,12,True,171.37,64.5,227.4,42.7,29.3,25.5,0.0,,324.9,3
TXN-CRT-001-002501,2026-07-16 11:35:24,2026-07-16,Thursday,11,False,Traditional,8,CASH-123,Card (Local),29,6,True,154.77,85.3,113.2,31.9,21.0,17.9,0.0,,184.0,4
TXN-CRT-001-002502,2026-07-16 11:35:35,2026-07-16,Thursday,11,False,Traditional,1,CASH-128,Flous (Mobile),1,0,False,4.79,66.9,5.0,0.0,26.3,33.4,0.0,,64.7,4
TXN-CRT-001-002503,2026-07-16 11:36:01,2026-07-16,Thursday,11,False,Traditional,2,CASH-131,Cash,7,3,True,32.29,113.2,18.7,44.4,28.6,37.1,0.0,,128.9,3
TXN-CRT-001-002504,2026-07-16 11:40:17,2026-07-16,Thursday,11,False,Express (<10 items),12,CASH-140,Cash,21,3,True,93.73,33.1,64.5,25.5,56.5,16.3,0.0,,162.7,4
TXN-CRT-001-002505,2026-07-16 11:40:46,2026-07-16,Thursday,11,False,Traditional,8,CASH-125,Card (Local),12,3,True,51.3,100.2,31.1,17.2,22.3,34.6,0.0,,105.3,4
TXN-CRT-001-002506,2026-07-16 11:42:57,2026-07-16,Thursday,11,False,Traditional,2,CASH-114,Check,48,13,True,421.78,10.3,206.2,30.6,40.3,16.2,74.1,Price check required,367.4,3
TXN-CRT-001-002507,2026-07-16 11:47:55,2026-07-16,Thursday,11,False,Self-Service,9,,Cash,21,5,True,175.93,16.9,137.2,59.8,48.1,35.9,0.0,,280.9,4
TXN-CRT-001-002508,2026-07-16 11:53:26,2026-07-16,Thursday,11,False,Traditional,5,CASH-132,Cash,45,13,True,231.21,76.7,277.2,31.1,47.0,19.3,0.0,,374.5,3
TXN-CRT-001-002509,2026-07-16 12:06:21,2026-07-16,Thursday,12,False,Traditional,4,CASH-119,Card (Local),7,1,True,53.18,15.9,27.4,41.9,27.9,18.5,0.0,,115.7,4
TXN-CRT-001-002510,2026-07-16 12:09:24,2026-07-16,Thursday,12,False,Self-Service,10,,Flous (Mobile),35,11,True,309.15,38.4,257.3,37.6,23.8,21.2,0.0,,339.9,3
TXN-CRT-001-002511,2026-07-16 12:10:41,2026-07-16,Thursday,12,False,Traditional,6,CASH-132,Flous (Mobile),10,1,True,66.34,112.0,41.6,17.4,39.8,17.8,0.0,,116.5,3
TXN-CRT-001-002512,2026-07-16 12:16:53,2026-07-16,Thursday,12,False,Self-Service,11,,Check,49,11,True,268.72,19.0,280.8,45.5,58.6,36.7,0.0,,421.6,3
TXN-CRT-001-002513,2026-07-16 12:19:36,2026-07-16,Thursday,12,False,Traditional,6,CASH-104,Cash,6,0,False,18.3,90.6,32.0,0.0,55.1,22.7,0.0,,109.8,4
TXN-CRT-001-002514,2026-07-16 12:24:03,2026-07-16,Thursday,12,False,Traditional,6,CASH-116,Cash,16,4,True,125.01,36.9,115.2,28.2,66.9,36.3,0.0,,246.5,4
TXN-CRT-001-002515,2026-07-16 12:25:20,2026-07-16,Thursday,12,False,Traditional,7,CASH-102,Card (Local),28,8,True,155.09,17.5,105.9,34.0,29.6,27.0,0.0,,196.5,4
TXN-CRT-001-002516,2026-07-16 12:25:40,2026-07-16,Thursday,12,False,Self-Service,10,,Flous (Mobile),14,6,True,35.44,49.7,188.3,66.7,36.4,45.0,0.0,,336.3,3
TXN-CRT-001-002517,2026-07-16 12:25:57,2026-07-16,Thursday,12,False,Traditional,3,CASH-114,Cash,15,5,True,41.82,107.0,40.5,43.9,36.4,35.6,0.0,,156.4,4
TXN-CRT-001-002518,2026-07-16 12:33:55,2026-07-16,Thursday,12,False,Traditional,4,CASH-127,Cash,49,12,True,303.91,15.4,152.3,28.8,48.6,19.1,0.0,,248.7,4
TXN-CRT-001-002519,2026-07-16 12:35:50,2026-07-16,Thursday,12,False,Traditional,1,CASH-126,Card (International),13,6,True,88.76,14.6,56.9,27.4,31.3,22.3,0.0,,138.0,4
TXN-CRT-001-002520,2026-07-16 12:37:50,2026-07-16,Thursday,12,False,Traditional,5,CASH-116,Cash,19,5,True,90.86,75.0,87.3,26.0,72.4,27.6,0.0,,213.4,3
TXN-CRT-001-002521,2026-07-16 12:38:37,2026-07-16,Thursday,12,False,Traditional,2,CASH-134,Cash,3,1,True,16.26,31.7,10.2,35.5,29.2,31.6,0.0,,106.5,4
TXN-CRT-001-002522,2026-07-16 12:41:15,2026-07-16,Thursday,12,False,Traditional,3,CASH-128,Cash,32,9,True,164.37,166.3,161.4,38.2,68.3,36.4,0.0,,304.3,2
TXN-CRT-001-002523,2026-07-16 12:44:14,2026-07-16,Thursday,12,False,Traditional,1,CASH-104,Card (Local),21,5,True,138.66,60.7,143.2,34.0,22.6,33.6,0.0,,233.5,4
TXN-CRT-001-002524,2026-07-16 12:44:34,2026-07-16,Thursday,12,False,Traditional,3,CASH-109,Card (Local),13,5,True,57.73,95.6,82.4,43.0,28.1,32.8,0.0,,186.3,4
TXN-CRT-001-002525,2026-07-16 12:48:41,2026-07-16,Thursday,12,False,Traditional,8,CASH-125,Cash,1,0,False,4.29,59.2,4.8,0.0,60.9,39.5,0.0,,105.1,4
TXN-CRT-001-002526,2026-07-16 12:51:16,2026-07-16,Thursday,12,False,Traditional,1,CASH-133,Card (Local),19,5,True,63.58,15.8,129.1,42.5,23.1,28.3,0.0,,222.9,4
TXN-CRT-001-002527,2026-07-16 12:52:58,2026-07-16,Thursday,12,False,Traditional,7,CASH-130,Card (Local),1,0,False,7.4,22.9,7.5,0.0,18.3,15.1,0.0,,40.9,4
TXN-CRT-001-002528,2026-07-16 12:58:21,2026-07-16,Thursday,12,False,Express (<10 items),12,CASH-137,Card (Local),1,1,True,7.24,15.5,4.7,40.9,22.3,25.1,0.0,,93.1,4
TXN-CRT-001-002529,2026-07-16 12:58:54,2026-07-16,Thursday,12,False,Traditional,6,CASH-130,Card (Local),19,7,True,74.67,69.8,123.1,19.6,30.7,29.0,0.0,,202.5,3
TXN-CRT-001-002530,2026-07-16 12:59:27,2026-07-16,Thursday,12,False,Express (<10 items),12,CASH-141,Cash,7,2,True,47.14,48.4,34.0,34.3,48.8,21.1,0.0,,138.2,4
TXN-CRT-001-002531,2026-07-16 13:03:33,2026-07-16,Thursday,13,False,Traditional,8,CASH-133,Cash,7,2,True,40.17,8.2,39.9,39.2,45.9,21.4,0.0,,146.3,4
TXN-CRT-001-002532,2026-07-16 13:10:49,2026-07-16,Thursday,13,False,Traditional,4,CASH-117,Cash,21,5,True,144.82,79.5,149.6,28.6,27.3,21.2,0.0,,226.7,3
TXN-CRT-001-002533,2026-07-16 13:11:18,2026-07-16,Thursday,13,False,Traditional,8,CASH-102,Cash,3,1,True,9.87,186.9,12.8,31.9,67.8,26.4,0.0,,138.8,3
TXN-CRT-001-002534,2026-07-16 13:15:31,2026-07-16,Thursday,13,False,Traditional,5,CASH-122,Cash,10,4,True,71.64,18.7,67.3,32.1,40.3,25.9,0.0,,165.7,4
TXN-CRT-001-002535,2026-07-16 13:21:20,2026-07-16,Thursday,13,False,Traditional,1,CASH-115,Flous (Mobile),6,3,True,21.66,21.4,27.8,43.5,35.1,32.3,0.0,,138.6,4
TXN-CRT-001-002536,2026-07-16 13:22:35,2026-07-16,Thursday,13,False,Traditional,3,CASH-105,Card (Local),18,7,True,97.4,28.5,55.8,20.7,24.2,24.5,0.0,,125.3,4
TXN-CRT-001-002537,2026-07-16 13:27:05,2026-07-16,Thursday,13,False,Traditional,1,CASH-135,Card (International),21,3,True,237.74,44.1,88.5,34.7,40.3,17.8,0.0,,181.3,4
TXN-CRT-001-002538,2026-07-16 13:32:10,2026-07-16,Thursday,13,False,Traditional,8,CASH-127,Cash,24,8,True,128.77,20.1,129.5,40.4,67.3,28.3,0.0,,265.5,4
TXN-CRT-001-002539,2026-07-16 13:32:37,2026-07-16,Thursday,13,False,Traditional,2,CASH-122,Cash,9,4,True,63.91,111.1,56.3,28.4,53.8,15.7,0.0,,154.2,3
TXN-CRT-001-002540,2026-07-16 13:32:48,2026-07-16,Thursday,13,False,Traditional,7,CASH-135,Cash,4,1,True,28.05,139.8,23.1,37.0,35.6,37.3,0.0,,133.0,3
TXN-CRT-001-002541,2026-07-16 13:36:32,2026-07-16,Thursday,13,False,Traditional,7,CASH-121,Cash,4,1,True,29.08,53.4,23.4,44.4,49.2,31.5,0.0,,148.6,4
TXN-CRT-001-002542,2026-07-16 13:51:28,2026-07-16,Thursday,13,False,Traditional,1,CASH-112,Cash,13,4,True,84.71,46.4,83.5,29.3,49.1,35.6,0.0,,197.5,4
TXN-CRT-001-002543,2026-07-16 13:51:33,2026-07-16,Thursday,13,False,Traditional,7,CASH-112,Card (Local),44,11,True,297.04,9.4,117.5,39.1,32.4,26.7,0.0,,215.7,4
TXN-CRT-001-002544,2026-07-16 13:53:28,2026-07-16,Thursday,13,False,Traditional,4,CASH-133,Check,8,5,True,37.96,17.1,25.4,26.0,87.6,15.5,0.0,,154.4,4
TXN-CRT-001-002545,2026-07-16 13:58:41,2026-07-16,Thursday,13,False,Traditional,3,CASH-133,Cash,9,2,True,24.76,5.1,39.1,23.5,55.9,15.9,0.0,,134.3,4
TXN-CRT-001-002546,2026-07-16 14:01:11,2026-07-16,Thursday,14,False,Traditional,3,CASH-131,Cash,5,2,True,29.61,29.7,28.0,33.7,51.9,26.5,0.0,,140.1,4
TXN-CRT-001-002547,2026-07-16 14:01:37,2026-07-16,Thursday,14,False,Traditional,5,CASH-125,Card (International),19,6,True,132.13,34.4,82.7,44.8,30.4,21.5,0.0,,179.3,4
TXN-CRT-001-002548,2026-07-16 14:12:48,2026-07-16,Thursday,14,False,Traditional,2,CASH-108,Cash,22,5,True,162.38,74.3,157.7,31.5,42.8,33.3,0.0,,265.4,4
TXN-CRT-001-002549,2026-07-16 14:22:49,2026-07-16,Thursday,14,False,Traditional,6,CASH-129,Flous (Mobile),20,7,True,106.4,53.8,115.4,26.7,36.7,33.8,0.0,,212.7,4
TXN-CRT-001-002550,2026-07-16 14:23:03,2026-07-16,Thursday,14,False,Traditional,6,CASH-111,Card (Local),34,9,True,192.3,24.5,126.1,25.1,22.6,19.6,0.0,,193.5,4
TXN-CRT-001-002551,2026-07-16 14:29:26,2026-07-16,Thursday,14,False,Traditional,5,CASH-130,Check,15,3,True,103.28,77.2,111.2,15.8,68.3,23.5,0.0,,218.8,3
TXN-CRT-001-002552,2026-07-16 14:34:56,2026-07-16,Thursday,14,False,Traditional,3,CASH-118,Cash,6,0,False,25.98,207.1,15.3,0.0,47.5,26.8,0.0,,89.5,3
TXN-CRT-001-002553,2026-07-16 14:54:46,2026-07-16,Thursday,14,False,Traditional,1,CASH-127,Card (Local),10,2,True,27.67,80.0,31.5,33.8,29.8,18.6,0.0,,113.7,3
TXN-CRT-001-002554,2026-07-16 14:57:57,2026-07-16,Thursday,14,False,Express (<10 items),12,CASH-136,Cash,21,6,True,175.2,32.0,82.7,31.7,28.0,32.9,0.0,,175.3,4
TXN-CRT-001-002555,2026-07-16 15:04:57,2026-07-16,Thursday,15,False,Traditional,5,CASH-101,Card (Local),19,7,True,50.68,58.2,73.4,43.2,20.7,37.0,0.0,,174.3,4
TXN-CRT-001-002556,2026-07-16 15:10:42,2026-07-16,Thursday,15,False,Express (<10 items),12,CASH-139,Cash,16,3,True,93.57,19.6,85.0,27.3,46.2,30.3,125.4,Payment terminal error,314.2,3
TXN-CRT-001-002557,2026-07-16 15:11:04,2026-07-16,Thursday,15,False,Traditional,4,CASH-119,Cash,22,5,True,225.39,17.7,102.9,41.3,38.2,19.3,0.0,,201.6,4
TXN-CRT-001-002558,2026-07-16 15:16:34,2026-07-16,Thursday,15,False,Traditional,1,CASH-106,Cash,20,3,True,73.39,146.9,110.0,39.7,74.4,19.9,0.0,,244.0,3
TXN-CRT-001-002559,2026-07-16 15:18:42,2026-07-16,Thursday,15,False,Traditional,2,CASH-101,Card (Local),37,10,True,249.16,58.9,103.0,29.5,32.1,35.0,0.0,,199.6,4
TXN-CRT-001-002560,2026-07-16 15:41:19,2026-07-16,Thursday,15,False,Traditional,1,CASH-124,Card (International),18,8,True,121.25,97.9,65.2,29.9,44.5,32.0,0.0,,171.6,3
TXN-CRT-001-002561,2026-07-16 15:42:16,2026-07-16,Thursday,15,False,Traditional,6,CASH-112,Card (Local),27,7,True,231.66,39.3,105.1,18.2,34.9,29.1,46.8,Supervisor approval needed,234.0,3
TXN-CRT-001-002562,2026-07-16 15:43:56,2026-07-16,Thursday,15,False,Traditional,7,CASH-134,Card (Local),9,3,True,46.04,17.6,65.0,27.8,23.7,36.4,0.0,,152.9,4
TXN-CRT-001-002563,2026-07-16 15:48:06,2026-07-16,Thursday,15,False,Traditional,8,CASH-129,Cash,22,6,True,184.34,14.5,143.3,25.3,33.8,15.9,0.0,,218.3,4
TXN-CRT-001-002564,2026-07-16 16:11:31,2026-07-16,Thursday,16,False,Traditional,8,CASH-102,Card (Local),39,6,True,328.21,22.4,111.9,27.8,26.1,16.5,0.0,,182.4,4
TXN-CRT-001-002565,2026-07-16 16:20:11,2026-07-16,Thursday,16,False,Traditional,6,CASH-116,Cash,12,4,True,62.14,64.7,38.5,16.6,58.5,15.5,62.4,Item return/exchange,191.5,2
TXN-CRT-001-002566,2026-07-16 16:29:14,2026-07-16,Thursday,16,False,Traditional,7,CASH-124,Flous (Mobile),27,7,True,232.54,11.7,109.1,37.1,20.4,20.2,0.0,,186.8,4
TXN-CRT-001-002567,2026-07-16 16:30:02,2026-07-16,Thursday,16,False,Traditional,5,CASH-106,Flous (Mobile),24,7,True,116.3,50.0,96.0,20.3,39.7,29.4,0.0,,185.4,4
TXN-CRT-001-002568,2026-07-16 16:41:33,2026-07-16,Thursday,16,False,Traditional,2,CASH-131,Cash,3,2,True,10.96,70.9,18.9,23.4,39.1,28.8,0.0,,110.1,3
TXN-CRT-001-002569,2026-07-16 16:43:21,2026-07-16,Thursday,16,False,Traditional,6,CASH-106,Flous (Mobile),18,6,True,83.53,17.0,79.1,32.3,27.0,30.3,0.0,,168.8,4
TXN-CRT-001-002570,2026-07-16 16:44:07,2026-07-16,Thursday,16,False,Self-Service,10,,Cash,6,2,True,23.92,206.3,51.7,64.4,38.1,27.4,0.0,,181.7,3
TXN-CRT-001-002571,2026-07-16 16:49:37,2026-07-16,Thursday,16,False,Traditional,6,CASH-118,Cash,47,16,True,159.97,89.8,245.0,31.6,74.7,37.6,0.0,,388.9,3
TXN-CRT-001-002572,2026-07-16 16:50:10,2026-07-16,Thursday,16,False,Self-Service,10,,Card (Local),29,13,True,111.52,44.0,359.9,24.3,20.5,44.3,0.0,,448.9,3
TXN-CRT-001-002573,2026-07-16 16:52:14,2026-07-16,Thursday,16,False,Traditional,5,CASH-129,Cash,5,1,True,33.22,25.9,26.6,42.2,74.1,39.8,0.0,,182.6,4
TXN-CRT-001-002574,2026-07-16 16:53:36,2026-07-16,Thursday,16,False,Traditional,7,CASH-117,Card (International),5,0,False,22.89,60.4,22.1,0.0,35.8,25.8,0.0,,83.7,3
TXN-CRT-001-002575,2026-07-16 17:01:40,2026-07-16,Thursday,17,False,Traditional,3,CASH-122,Cash,19,4,True,119.74,59.0,62.1,32.2,71.4,35.7,0.0,,201.4,4
TXN-CRT-001-002576,2026-07-16 17:05:40,2026-07-16,Thursday,17,False,Traditional,4,CASH-101,Cash,11,4,True,45.6,50.8,38.9,29.5,69.0,31.9,0.0,,169.3,4
TXN-CRT-001-002577,2026-07-16 17:11:55,2026-07-16,Thursday,17,False,Express (<10 items),13,CASH-136,Card (Local),2,0,False,10.6,37.2,6.7,0.0,26.5,24.6,0.0,,57.8,4
TXN-CRT-001-002578,2026-07-16 17:17:02,2026-07-16,Thursday,17,False,Traditional,8,CASH-131,Card (Local),17,2,True,134.47,20.6,83.2,24.2,27.3,34.4,66.5,Item return/exchange,235.8,4
TXN-CRT-001-002579,2026-07-16 17:21:32,2026-07-16,Thursday,17,False,Traditional,2,CASH-104,Flous (Mobile),12,1,True,67.82,79.7,40.8,28.5,35.8,32.1,98.1,Supervisor approval needed,235.2,3
TXN-CRT-001-002580,2026-07-16 17:22:22,2026-07-16,Thursday,17,False,Traditional,3,CASH-128,Card (Local),5,2,True,26.2,13.5,32.9,27.0,24.1,38.7,0.0,,122.7,4
TXN-CRT-001-002581,2026-07-16 17:26:17,2026-07-16,Thursday,17,False,Traditional,5,CASH-118,Card (Local),29,7,True,207.81,5.6,101.2,27.7,28.5,18.6,0.0,,176.1,4
TXN-CRT-001-002582,2026-07-16 17:28:50,2026-07-16,Thursday,17,False,Self-Service,10,,Cash,41,9,True,180.28,73.6,374.7,63.4,59.5,24.3,0.0,,521.9,3
TXN-CRT-001-002583,2026-07-16 17:31:55,2026-07-16,Thursday,17,False,Traditional,7,CASH-117,Cash,26,4,True,182.86,63.5,158.4,37.9,49.4,37.1,0.0,,282.8,3
TXN-CRT-001-002584,2026-07-16 17:34:32,2026-07-16,Thursday,17,False,Traditional,1,CASH-104,Cash,30,9,True,223.32,47.5,207.0,30.8,66.6,36.5,55.7,Promo code issue,396.6,3
TXN-CRT-001-002585,2026-07-16 17:36:03,2026-07-16,Thursday,17,False,Traditional,2,CASH-131,Card (Local),8,1,True,48.95,28.5,58.7,28.3,26.6,27.0,0.0,,140.6,4
TXN-CRT-001-002586,2026-07-16 17:41:22,2026-07-16,Thursday,17,False,Traditional,1,CASH-105,Card (Local),9,1,True,43.89,33.0,46.7,42.6,19.4,22.4,0.0,,131.1,4
TXN-CRT-001-002587,2026-07-16 17:42:42,2026-07-16,Thursday,17,False,Traditional,1,CASH-112,Cash,8,2,True,27.42,20.0,48.2,40.7,33.3,24.4,0.0,,146.6,4
TXN-CRT-001-002588,2026-07-16 17:42:45,2026-07-16,Thursday,17,False,Traditional,2,CASH-121,Card (Local),26,7,True,189.45,58.3,168.3,24.4,32.2,22.0,0.0,,246.9,4
TXN-CRT-001-002589,2026-07-16 17:48:03,2026-07-16,Thursday,17,False,Traditional,2,CASH-115,Card (Local),44,10,True,335.99,4.5,216.9,17.2,26.7,18.5,0.0,,279.4,4
TXN-CRT-001-002590,2026-07-16 17:49:12,2026-07-16,Thursday,17,False,Traditional,1,CASH-119,Cash,24,7,True,99.84,7.7,91.7,36.1,25.4,35.1,0.0,,188.3,4
TXN-CRT-001-002591,2026-07-16 17:51:08,2026-07-16,Thursday,17,False,Traditional,4,CASH-127,Cash,37,8,True,185.5,20.9,117.4,38.3,39.0,34.7,0.0,,229.3,4
TXN-CRT-001-002592,2026-07-16 17:54:02,2026-07-16,Thursday,17,False,Traditional,1,CASH-107,Flous (Mobile),20,7,True,116.05,53.1,55.6,42.8,28.4,25.9,0.0,,152.8,4
TXN-CRT-001-002593,2026-07-16 18:01:06,2026-07-16,Thursday,18,False,Traditional,7,CASH-107,Card (Local),12,2,True,80.34,44.6,47.5,26.9,31.6,22.9,61.4,Supervisor approval needed,190.3,3
TXN-CRT-001-002594,2026-07-16 18:10:45,2026-07-16,Thursday,18,False,Traditional,4,CASH-121,Flous (Mobile),13,2,True,56.25,116.7,91.2,34.9,20.6,17.8,0.0,,164.5,3
TXN-CRT-001-002595,2026-07-16 18:11:24,2026-07-16,Thursday,18,False,Traditional,2,CASH-122,Cash,3,1,True,12.13,38.6,12.0,26.9,67.2,38.9,0.0,,144.9,4
TXN-CRT-001-002596,2026-07-16 18:15:15,2026-07-16,Thursday,18,False,Traditional,8,CASH-122,Check,2,1,True,14.26,84.2,7.2,16.7,42.3,32.4,129.6,Payment terminal error,228.3,3
TXN-CRT-001-002597,2026-07-16 18:19:02,2026-07-16,Thursday,18,False,Traditional,7,CASH-112,Cash,23,4,True,91.19,51.2,89.2,20.7,70.3,26.3,0.0,,206.4,4
TXN-CRT-001-002598,2026-07-16 18:19:30,2026-07-16,Thursday,18,False,Traditional,5,CASH-117,Cash,14,2,True,59.04,5.5,36.9,30.0,36.7,19.6,0.0,,123.2,4
TXN-CRT-001-002599,2026-07-16 18:23:45,2026-07-16,Thursday,18,False,Traditional,2,CASH-102,Check,17,6,True,46.32,17.6,121.8,44.9,82.5,26.1,0.0,,275.4,4
TXN-CRT-001-002600,2026-07-16 18:26:38,2026-07-16,Thursday,18,False,Traditional,8,CASH-109,Cash,17,6,True,51.51,20.0,62.6,32.9,65.6,31.5,0.0,,192.5,4
TXN-CRT-001-002601,2026-07-16 18:27:41,2026-07-16,Thursday,18,False,Traditional,3,CASH-129,Card (Local),9,2,True,59.33,24.6,62.4,15.2,29.2,38.6,0.0,,145.4,4
TXN-CRT-001-002602,2026-07-16 18:28:11,2026-07-16,Thursday,18,False,Traditional,7,CASH-112,Cash,15,4,True,92.36,35.4,68.5,17.3,64.9,28.8,0.0,,179.6,4
TXN-CRT-001-002603,2026-07-16 18:28:22,2026-07-16,Thursday,18,False,Traditional,1,CASH-104,Card (Local),15,2,True,76.37,99.5,106.5,19.8,30.3,37.4,30.0,Price check required,224.0,3
TXN-CRT-001-002604,2026-07-16 18:37:01,2026-07-16,Thursday,18,False,Traditional,1,CASH-108,Flous (Mobile),12,3,True,65.15,40.9,42.5,26.4,25.4,32.3,0.0,,126.7,4
TXN-CRT-001-002605,2026-07-16 18:38:59,2026-07-16,Thursday,18,False,Traditional,2,CASH-124,Cash,30,3,True,207.53,27.4,135.4,20.1,57.5,36.4,0.0,,249.5,4
TXN-CRT-001-002606,2026-07-16 18:47:33,2026-07-16,Thursday,18,False,Traditional,6,CASH-105,Card (Local),14,3,True,108.59,88.2,54.0,25.2,30.3,35.9,0.0,,145.3,3
TXN-CRT-001-002607,2026-07-16 18:50:26,2026-07-16,Thursday,18,False,Traditional,8,CASH-108,Cash,19,2,True,59.38,87.7,55.4,39.9,60.6,15.8,0.0,,171.7,4
TXN-CRT-001-002608,2026-07-16 18:52:21,2026-07-16,Thursday,18,False,Traditional,2,CASH-115,Card (Local),38,9,True,210.34,3.3,276.8,25.2,19.4,22.9,0.0,,344.3,3
TXN-CRT-001-002609,2026-07-16 18:54:34,2026-07-16,Thursday,18,False,Traditional,3,CASH-102,Cash,35,8,True,205.42,44.3,99.8,18.4,72.2,30.3,0.0,,220.6,4
TXN-CRT-001-002610,2026-07-16 18:54:58,2026-07-16,Thursday,18,False,Traditional,1,CASH-133,Cash,38,9,True,336.35,108.4,277.8,39.4,45.3,35.8,0.0,,398.3,3
TXN-CRT-001-002611,2026-07-16 18:57:38,2026-07-16,Thursday,18,False,Traditional,2,CASH-115,Cash,9,0,False,30.37,39.0,40.8,0.0,64.0,35.0,0.0,,139.8,4
TXN-CRT-001-002612,2026-07-16 18:59:53,2026-07-16,Thursday,18,False,Traditional,6,CASH-123,Cash,2,0,False,5.04,18.4,7.7,0.0,71.3,33.9,0.0,,113.0,4
TXN-CRT-001-002613,2026-07-16 19:03:38,2026-07-16,Thursday,19,False,Traditional,1,CASH-113,Flous (Mobile),9,3,True,48.34,83.7,49.8,27.5,36.9,21.4,0.0,,135.7,4
TXN-CRT-001-002614,2026-07-16 19:10:23,2026-07-16,Thursday,19,False,Traditional,8,CASH-108,Cash,9,2,True,58.33,15.9,62.6,26.3,40.8,23.7,0.0,,153.5,4
TXN-CRT-001-002615,2026-07-16 19:13:37,2026-07-16,Thursday,19,False,Traditional,2,CASH-105,Cash,40,12,True,323.8,51.7,133.8,24.3,68.2,33.9,0.0,,260.3,4
TXN-CRT-001-002616,2026-07-16 19:16:21,2026-07-16,Thursday,19,False,Traditional,4,CASH-128,Cash,21,5,True,199.01,38.7,144.6,34.9,59.6,25.4,0.0,,264.4,4
TXN-CRT-001-002617,2026-07-16 19:17:00,2026-07-16,Thursday,19,False,Traditional,1,CASH-121,Cash,4,1,True,25.32,9.3,24.6,29.8,67.6,37.0,0.0,,159.0,4
TXN-CRT-001-002618,2026-07-16 19:26:35,2026-07-16,Thursday,19,False,Traditional,7,CASH-108,Card (International),6,2,True,41.6,96.1,19.8,38.3,27.7,17.9,0.0,,103.7,4
TXN-CRT-001-002619,2026-07-16 19:26:49,2026-07-16,Thursday,19,False,Traditional,8,CASH-123,Check,6,3,True,24.12,61.7,39.8,17.9,42.8,39.1,41.3,Payment terminal error,181.0,3
TXN-CRT-001-002620,2026-07-16 19:27:43,2026-07-16,Thursday,19,False,Traditional,2,CASH-109,Cash,20,3,True,112.76,119.7,117.1,40.9,42.7,27.3,0.0,,228.0,3
TXN-CRT-001-002621,2026-07-16 19:34:51,2026-07-16,Thursday,19,False,Traditional,4,CASH-110,Flous (Mobile),25,3,True,143.19,44.4,112.7,37.1,27.6,38.9,0.0,,216.4,4
TXN-CRT-001-002622,2026-07-16 19:41:56,2026-07-16,Thursday,19,False,Self-Service,9,,Card (Local),34,9,True,204.36,19.7,238.6,26.8,34.7,42.4,0.0,,342.5,3
TXN-CRT-001-002623,2026-07-16 19:44:44,2026-07-16,Thursday,19,False,Traditional,8,CASH-114,Cash,44,16,True,278.12,10.3,313.4,38.0,62.4,27.3,0.0,,441.1,3
TXN-CRT-001-002624,2026-07-16 19:44:52,2026-07-16,Thursday,19,False,Self-Service,11,,Card (Local),7,5,True,31.38,89.0,51.8,33.8,23.6,23.7,0.0,,132.9,3
TXN-CRT-001-002625,2026-07-16 19:47:51,2026-07-16,Thursday,19,False,Traditional,4,CASH-117,Cash,10,2,True,55.17,17.9,50.6,27.5,63.5,19.4,0.0,,161.0,4
TXN-CRT-001-002626,2026-07-16 19:50:47,2026-07-16,Thursday,19,False,Express (<10 items),13,CASH-141,Card (Local),8,2,True,51.52,205.6,59.8,28.3,23.0,21.4,0.0,,132.4,3
TXN-CRT-001-002627,2026-07-16 19:53:10,2026-07-16,Thursday,19,False,Traditional,2,CASH-104,Flous (Mobile),11,3,True,73.28,151.0,58.5,30.1,25.9,36.9,0.0,,151.4,3
TXN-CRT-001-002628,2026-07-16 19:53:22,2026-07-16,Thursday,19,False,Traditional,1,CASH-128,Cash,41,11,True,185.08,47.9,193.8,26.5,51.9,26.0,94.4,Price check required,392.6,2
TXN-CRT-001-002629,2026-07-16 19:55:10,2026-07-16,Thursday,19,False,Traditional,5,CASH-102,Flous (Mobile),18,5,True,92.58,36.5,126.2,21.6,27.2,26.8,0.0,,201.8,4
TXN-CRT-001-002630,2026-07-16 19:55:23,2026-07-16,Thursday,19,False,Traditional,6,CASH-131,Card (International),25,9,True,222.7,24.4,90.7,37.4,44.7,24.8,0.0,,197.6,4
TXN-CRT-001-002631,2026-07-16 19:56:38,2026-07-16,Thursday,19,False,Traditional,5,CASH-105,Cash,15,5,True,107.57,27.1,88.7,24.4,31.1,26.5,0.0,,170.7,4
TXN-CRT-001-002632,2026-07-16 19:57:43,2026-07-16,Thursday,19,False,Traditional,8,CASH-114,Card (Local),2,0,False,9.88,181.4,5.4,0.0,31.5,25.8,0.0,,62.7,3
TXN-CRT-001-002633,2026-07-16 20:02:32,2026-07-16,Thursday,20,False,Traditional,5,CASH-132,Cash,3,1,True,19.05,32.0,20.0,28.7,62.9,17.8,0.0,,129.4,4
TXN-CRT-001-002634,2026-07-16 20:08:16,2026-07-16,Thursday,20,False,Traditional,4,CASH-125,Check,17,5,True,78.4,64.9,117.3,15.2,62.4,26.8,0.0,,221.8,4
TXN-CRT-001-002635,2026-07-16 20:08:54,2026-07-16,Thursday,20,False,Traditional,7,CASH-125,Card (Local),24,6,True,139.42,68.5,120.8,44.2,24.2,25.9,0.0,,215.1,3
TXN-CRT-001-002636,2026-07-16 20:09:14,2026-07-16,Thursday,20,False,Traditional,3,CASH-130,Cash,8,2,True,48.92,92.5,37.1,29.5,65.0,25.8,0.0,,157.4,4
TXN-CRT-001-002637,2026-07-16 20:17:46,2026-07-16,Thursday,20,False,Express (<10 items),12,CASH-136,Cash,24,2,True,205.66,61.0,139.9,19.8,66.4,28.8,0.0,,254.9,3
TXN-CRT-001-002638,2026-07-16 20:22:50,2026-07-16,Thursday,20,False,Traditional,4,CASH-104,Card (Local),29,5,True,210.66,44.8,157.5,18.5,21.5,38.8,0.0,,236.3,4
TXN-CRT-001-002639,2026-07-16 20:24:46,2026-07-16,Thursday,20,False,Express (<10 items),12,CASH-142,Cash,13,3,True,70.37,22.3,38.5,28.6,33.8,24.1,0.0,,125.0,4
TXN-CRT-001-002640,2026-07-16 20:34:18,2026-07-16,Thursday,20,False,Traditional,1,CASH-101,Cash,25,8,True,251.22,67.2,90.3,27.7,66.4,37.8,0.0,,222.2,3
TXN-CRT-001-002641,2026-07-16 20:37:30,2026-07-16,Thursday,20,False,Traditional,7,CASH-128,Cash,13,2,True,66.01,57.3,77.2,41.9,58.9,17.6,0.0,,195.5,4
TXN-CRT-001-002642,2026-07-16 20:41:11,2026-07-16,Thursday,20,False,Traditional,3,CASH-104,Cash,22,6,True,153.27,31.5,59.9,32.8,65.4,35.2,0.0,,193.4,4
TXN-CRT-001-002643,2026-07-16 20:58:12,2026-07-16,Thursday,20,False,Traditional,6,CASH-122,Cash,26,6,True,128.86,63.1,146.6,38.2,54.5,36.2,0.0,,275.6,3
TXN-CRT-001-002644,2026-07-16 21:06:45,2026-07-16,Thursday,21,False,Traditional,6,CASH-104,Cash,50,9,True,264.89,41.9,259.9,17.7,58.6,19.1,0.0,,355.3,3
TXN-CRT-001-002645,2026-07-16 21:08:32,2026-07-16,Thursday,21,False,Traditional,8,CASH-127,Cash,11,5,True,46.4,57.3,71.4,16.8,35.8,17.4,113.9,Price check required,255.3,3
TXN-CRT-001-002646,2026-07-16 21:15:29,2026-07-16,Thursday,21,False,Traditional,7,CASH-119,Card (Local),13,5,True,77.03,76.9,42.2,29.7,29.2,34.8,0.0,,135.9,3
TXN-CRT-001-002647,2026-07-16 21:16:58,2026-07-16,Thursday,21,False,Express (<10 items),13,CASH-136,Cash,7,0,False,40.36,51.3,40.9,0.0,27.4,31.3,0.0,,99.6,4
TXN-CRT-001-002648,2026-07-16 21:24:58,2026-07-16,Thursday,21,False,Traditional,5,CASH-123,Cash,7,2,True,18.4,82.0,33.5,21.8,43.6,23.4,0.0,,122.3,3
TXN-CRT-001-002649,2026-07-16 21:29:31,2026-07-16,Thursday,21,False,Traditional,8,CASH-107,Cash,23,5,True,139.85,50.6,159.0,18.2,31.2,26.0,0.0,,234.3,4
TXN-CRT-001-002650,2026-07-16 21:33:21,2026-07-16,Thursday,21,False,Traditional,1,CASH-106,Card (Local),41,18,True,196.1,92.4,118.3,36.2,20.6,29.3,0.0,,204.3,4
TXN-CRT-001-002651,2026-07-16 21:38:34,2026-07-16,Thursday,21,False,Traditional,4,CASH-135,Cash,12,2,True,44.52,35.0,88.1,31.3,44.8,36.8,0.0,,201.0,4
TXN-CRT-001-002652,2026-07-16 21:40:29,2026-07-16,Thursday,21,False,Traditional,2,CASH-115,Cash,7,1,True,35.74,18.5,47.5,16.6,64.0,21.1,0.0,,149.2,4
TXN-CRT-001-002653,2026-07-16 21:49:12,2026-07-16,Thursday,21,False,Traditional,1,CASH-112,Cash,10,3,True,49.77,55.3,50.7,20.6,32.2,16.5,0.0,,120.0,4
TXN-CRT-001-002654,2026-07-16 21:52:07,2026-07-16,Thursday,21,False,Traditional,6,CASH-118,Card (International),14,5,True,73.7,137.3,57.8,23.3,26.2,28.7,0.0,,136.0,3
TXN-CRT-001-002655,2026-07-17 08:52:35,2026-07-17,Friday,8,True,Traditional,4,CASH-102,Card (International),10,1,True,56.86,86.1,26.0,33.4,25.5,26.0,0.0,,110.9,3
TXN-CRT-001-002656,2026-07-17 09:00:13,2026-07-17,Friday,9,True,Traditional,4,CASH-107,Card (International),8,3,True,63.15,136.3,38.5,21.1,49.0,31.2,0.0,,139.9,3
TXN-CRT-001-002657,2026-07-17 09:04:21,2026-07-17,Friday,9,True,Traditional,7,CASH-119,Card (Local),25,3,True,217.72,31.3,176.4,39.5,27.1,20.0,0.0,,263.0,4
TXN-CRT-001-002658,2026-07-17 09:25:52,2026-07-17,Friday,9,True,Self-Service,9,,Card (Local),1,1,True,6.24,44.7,12.9,77.7,25.4,29.7,0.0,,145.7,4
TXN-CRT-001-002659,2026-07-17 09:27:48,2026-07-17,Friday,9,True,Traditional,8,CASH-118,Cash,17,2,True,96.1,19.5,66.9,43.8,73.1,36.3,0.0,,220.1,4
TXN-CRT-001-002660,2026-07-17 09:33:25,2026-07-17,Friday,9,True,Traditional,5,CASH-103,Card (Local),28,10,True,144.28,14.5,180.6,21.9,18.5,15.1,0.0,,236.2,4
TXN-CRT-001-002661,2026-07-17 09:54:04,2026-07-17,Friday,9,True,Traditional,7,CASH-130,Cash,9,2,True,60.26,123.7,32.6,39.4,66.8,32.9,110.1,Item return/exchange,281.7,2
TXN-CRT-001-002662,2026-07-17 10:00:16,2026-07-17,Friday,10,True,Self-Service,10,,Card (Local),19,4,True,92.27,115.5,228.4,65.3,27.6,45.5,0.0,,366.7,3
TXN-CRT-001-002663,2026-07-17 10:04:32,2026-07-17,Friday,10,True,Traditional,7,CASH-102,Card (International),21,9,True,220.04,72.0,91.7,38.9,32.1,26.7,0.0,,189.4,4
TXN-CRT-001-002664,2026-07-17 10:11:40,2026-07-17,Friday,10,True,Traditional,3,CASH-118,Cash,21,10,True,192.68,31.6,57.8,39.9,40.7,28.9,0.0,,167.4,4
TXN-CRT-001-002665,2026-07-17 10:23:32,2026-07-17,Friday,10,True,Traditional,2,CASH-113,Cash,14,4,True,69.5,78.3,53.4,15.4,49.4,28.2,157.3,Payment terminal error,303.8,2
TXN-CRT-001-002666,2026-07-17 10:23:41,2026-07-17,Friday,10,True,Traditional,6,CASH-134,Cash,11,1,True,68.1,109.0,42.0,18.4,34.4,32.1,0.0,,126.9,3
TXN-CRT-001-002667,2026-07-17 10:27:26,2026-07-17,Friday,10,True,Traditional,2,CASH-113,Card (Local),31,8,True,240.24,147.7,127.2,33.9,18.8,36.4,0.0,,216.3,3
TXN-CRT-001-002668,2026-07-17 10:42:27,2026-07-17,Friday,10,True,Traditional,4,CASH-121,Card (Local),26,7,True,260.63,11.4,135.9,43.5,33.6,23.2,0.0,,236.2,4
TXN-CRT-001-002669,2026-07-17 10:46:29,2026-07-17,Friday,10,True,Traditional,3,CASH-115,Flous (Mobile),10,2,True,63.68,35.6,70.1,30.2,20.0,22.1,0.0,,142.5,4
TXN-CRT-001-002670,2026-07-17 10:51:49,2026-07-17,Friday,10,True,Traditional,8,CASH-107,Cash,5,1,True,14.44,32.8,13.1,19.8,33.2,23.1,54.6,Barcode not scanning,143.8,3
TXN-CRT-001-002671,2026-07-17 11:00:24,2026-07-17,Friday,11,True,Traditional,1,CASH-130,Card (International),3,0,False,20.55,40.1,10.9,0.0,25.3,32.3,0.0,,68.5,4
TXN-CRT-001-002672,2026-07-17 11:02:27,2026-07-17,Friday,11,True,Traditional,1,CASH-113,Card (Local),4,1,True,19.26,68.2,17.2,24.6,24.3,16.4,0.0,,82.5,4
TXN-CRT-001-002673,2026-07-17 11:06:00,2026-07-17,Friday,11,True,Traditional,1,CASH-110,Flous (Mobile),18,5,True,76.08,6.0,59.1,29.0,21.8,25.9,0.0,,136.0,4
TXN-CRT-001-002674,2026-07-17 11:06:31,2026-07-17,Friday,11,True,Traditional,5,CASH-119,Card (Local),3,0,False,10.84,31.0,17.6,0.0,34.7,23.6,0.0,,75.9,4
TXN-CRT-001-002675,2026-07-17 11:11:14,2026-07-17,Friday,11,True,Self-Service,10,,Cash,11,3,True,59.25,33.6,68.1,60.1,68.9,39.1,0.0,,236.1,4
TXN-CRT-001-002676,2026-07-17 11:14:53,2026-07-17,Friday,11,True,Traditional,7,CASH-128,Card (Local),25,7,True,271.18,50.2,65.6,37.5,32.0,17.5,137.0,Price check required,289.5,3
TXN-CRT-001-002677,2026-07-17 11:15:16,2026-07-17,Friday,11,True,Traditional,7,CASH-107,Card (International),10,3,True,54.96,55.2,49.6,34.0,26.0,21.9,0.0,,131.5,4
TXN-CRT-001-002678,2026-07-17 11:17:44,2026-07-17,Friday,11,True,Traditional,2,CASH-123,Check,26,4,True,176.66,39.6,73.8,27.8,70.2,35.9,0.0,,207.8,4
TXN-CRT-001-002679,2026-07-17 11:23:45,2026-07-17,Friday,11,True,Traditional,5,CASH-123,Cash,25,7,True,157.32,168.4,159.0,29.2,60.0,18.6,0.0,,266.8,3
TXN-CRT-001-002680,2026-07-17 11:29:09,2026-07-17,Friday,11,True,Traditional,6,CASH-111,Cash,9,1,True,47.95,42.5,47.8,41.8,54.2,26.2,0.0,,170.0,4
TXN-CRT-001-002681,2026-07-17 11:45:15,2026-07-17,Friday,11,True,Traditional,1,CASH-110,Flous (Mobile),24,6,True,130.45,67.8,160.5,21.1,31.3,18.8,0.0,,231.7,4
TXN-CRT-001-002682,2026-07-17 11:48:51,2026-07-17,Friday,11,True,Traditional,2,CASH-119,Card (Local),25,8,True,153.93,76.6,168.8,33.1,24.4,16.3,0.0,,242.6,4
TXN-CRT-001-002683,2026-07-17 11:52:56,2026-07-17,Friday,11,True,Traditional,2,CASH-106,Card (Local),13,4,True,74.04,21.5,59.2,16.4,19.4,22.5,0.0,,117.5,4
TXN-CRT-001-002684,2026-07-17 11:53:43,2026-07-17,Friday,11,True,Traditional,1,CASH-105,Cash,8,1,True,36.26,22.6,24.9,29.3,55.5,22.4,0.0,,132.2,4
TXN-CRT-001-002685,2026-07-17 12:00:18,2026-07-17,Friday,12,True,Traditional,8,CASH-116,Cash,16,4,True,126.91,77.6,91.6,31.1,65.7,29.2,0.0,,217.6,4
TXN-CRT-001-002686,2026-07-17 12:01:31,2026-07-17,Friday,12,True,Traditional,8,CASH-117,Card (International),41,16,True,331.99,116.4,182.3,23.6,29.7,22.4,0.0,,258.1,3
TXN-CRT-001-002687,2026-07-17 12:02:50,2026-07-17,Friday,12,True,Traditional,8,CASH-106,Card (International),20,3,True,68.44,147.1,85.0,35.8,27.1,22.7,0.0,,170.6,3
TXN-CRT-001-002688,2026-07-17 12:03:40,2026-07-17,Friday,12,True,Traditional,2,CASH-119,Cash,7,3,True,49.33,22.1,28.5,44.1,73.7,22.0,0.0,,168.3,4
TXN-CRT-001-002689,2026-07-17 12:20:42,2026-07-17,Friday,12,True,Traditional,5,CASH-107,Cash,22,7,True,116.24,95.9,115.7,18.5,26.6,28.6,0.0,,189.4,3
TXN-CRT-001-002690,2026-07-17 12:31:25,2026-07-17,Friday,12,True,Traditional,1,CASH-109,Flous (Mobile),13,4,True,69.09,47.3,39.6,23.8,34.0,34.7,0.0,,132.2,4
TXN-CRT-001-002691,2026-07-17 12:33:57,2026-07-17,Friday,12,True,Traditional,1,CASH-127,Cash,19,4,True,90.45,115.2,57.7,28.4,52.5,27.0,0.0,,165.7,4
TXN-CRT-001-002692,2026-07-17 12:41:24,2026-07-17,Friday,12,True,Traditional,5,CASH-109,Flous (Mobile),25,5,True,206.38,62.5,91.0,44.3,35.2,18.2,53.3,Supervisor approval needed,242.1,3
TXN-CRT-001-002693,2026-07-17 12:49:29,2026-07-17,Friday,12,True,Traditional,4,CASH-125,Cash,16,6,True,124.43,72.4,59.3,21.7,50.9,30.8,0.0,,162.6,3
TXN-CRT-001-002694,2026-07-17 12:54:50,2026-07-17,Friday,12,True,Traditional,2,CASH-124,Card (Local),30,7,True,231.98,129.3,174.2,26.6,31.1,23.1,0.0,,255.0,3
TXN-CRT-001-002695,2026-07-17 12:56:39,2026-07-17,Friday,12,True,Express (<10 items),13,CASH-144,Flous (Mobile),24,3,True,135.54,138.2,123.2,15.5,20.1,34.5,0.0,,193.3,3
TXN-CRT-001-002696,2026-07-17 12:56:42,2026-07-17,Friday,12,True,Traditional,1,CASH-115,Card (Local),19,5,True,118.69,53.2,126.8,42.5,33.8,25.7,0.0,,228.8,4
TXN-CRT-001-002697,2026-07-17 12:57:45,2026-07-17,Friday,12,True,Traditional,6,CASH-121,Cash,6,0,False,20.95,10.0,16.2,0.0,50.0,18.8,54.0,Barcode not scanning,139.0,4
TXN-CRT-001-002698,2026-07-17 13:01:05,2026-07-17,Friday,13,True,Traditional,4,CASH-112,Card (Local),31,10,True,304.21,26.2,151.4,30.2,25.1,25.7,0.0,,232.3,4
TXN-CRT-001-002699,2026-07-17 13:04:11,2026-07-17,Friday,13,True,Traditional,2,CASH-131,Cash,43,12,True,307.94,184.7,113.7,21.2,74.8,19.8,113.2,Promo code issue,342.7,2
TXN-CRT-001-002700,2026-07-17 13:06:02,2026-07-17,Friday,13,True,Traditional,6,CASH-116,Cash,6,3,True,26.01,75.0,44.3,19.4,34.5,36.4,0.0,,134.6,4
TXN-CRT-001-002701,2026-07-17 13:10:46,2026-07-17,Friday,13,True,Traditional,3,CASH-135,Check,15,5,True,44.78,22.2,39.7,33.3,89.7,28.6,0.0,,191.2,4
TXN-CRT-001-002702,2026-07-17 13:11:43,2026-07-17,Friday,13,True,Express (<10 items),12,CASH-139,Card (International),9,1,True,65.99,29.8,44.5,29.0,27.5,32.3,0.0,,133.3,4
TXN-CRT-001-002703,2026-07-17 13:12:00,2026-07-17,Friday,13,True,Traditional,5,CASH-127,Card (Local),25,6,True,166.97,103.4,75.5,31.9,29.2,36.9,0.0,,173.6,4
TXN-CRT-001-002704,2026-07-17 13:13:44,2026-07-17,Friday,13,True,Traditional,1,CASH-133,Cash,24,8,True,202.2,165.7,168.2,40.2,45.2,28.2,0.0,,281.7,3
TXN-CRT-001-002705,2026-07-17 13:16:13,2026-07-17,Friday,13,True,Traditional,5,CASH-135,Cash,6,1,True,32.26,49.5,20.2,34.5,28.4,25.6,0.0,,108.7,4
TXN-CRT-001-002706,2026-07-17 13:16:32,2026-07-17,Friday,13,True,Traditional,8,CASH-121,Cash,36,14,True,225.96,115.4,159.7,15.4,63.8,37.5,0.0,,276.3,3
TXN-CRT-001-002707,2026-07-17 13:23:19,2026-07-17,Friday,13,True,Traditional,7,CASH-127,Card (Local),7,2,True,46.85,94.8,35.1,42.2,19.1,37.7,0.0,,134.1,4
TXN-CRT-001-002708,2026-07-17 13:24:48,2026-07-17,Friday,13,True,Traditional,8,CASH-102,Card (International),28,2,True,176.68,63.1,76.6,36.8,29.1,19.3,0.0,,161.8,4
TXN-CRT-001-002709,2026-07-17 13:31:02,2026-07-17,Friday,13,True,Traditional,4,CASH-127,Card (Local),14,5,True,97.25,82.0,61.4,30.1,18.4,28.6,97.4,Supervisor approval needed,236.0,3
TXN-CRT-001-002710,2026-07-17 13:36:27,2026-07-17,Friday,13,True,Traditional,2,CASH-118,Flous (Mobile),11,1,True,66.76,61.1,36.1,23.6,33.3,30.2,0.0,,123.2,4
TXN-CRT-001-002711,2026-07-17 13:39:57,2026-07-17,Friday,13,True,Traditional,4,CASH-121,Cash,6,0,False,31.12,118.2,33.1,0.0,25.4,18.1,0.0,,76.6,3
TXN-CRT-001-002712,2026-07-17 13:43:50,2026-07-17,Friday,13,True,Traditional,8,CASH-126,Cash,7,2,True,52.74,85.3,36.1,22.9,61.2,30.4,0.0,,150.7,4
TXN-CRT-001-002713,2026-07-17 13:44:02,2026-07-17,Friday,13,True,Traditional,8,CASH-133,Cash,21,7,True,162.94,11.4,88.8,36.8,37.9,28.3,0.0,,191.7,4
TXN-CRT-001-002714,2026-07-17 13:47:35,2026-07-17,Friday,13,True,Traditional,2,CASH-118,Cash,17,4,True,132.8,42.2,91.2,43.3,64.9,21.8,0.0,,221.3,4
TXN-CRT-001-002715,2026-07-17 13:52:34,2026-07-17,Friday,13,True,Traditional,7,CASH-129,Cash,5,1,True,13.51,22.0,18.7,22.6,70.0,23.0,0.0,,134.3,4
TXN-CRT-001-002716,2026-07-17 13:56:41,2026-07-17,Friday,13,True,Traditional,7,CASH-104,Check,5,1,True,15.76,54.0,29.8,42.5,71.7,24.7,0.0,,168.7,4
TXN-CRT-001-002717,2026-07-17 14:03:05,2026-07-17,Friday,14,True,Traditional,5,CASH-114,Cash,3,0,False,15.0,40.3,10.7,0.0,58.5,27.6,135.5,Item return/exchange,232.3,3
TXN-CRT-001-002718,2026-07-17 14:03:29,2026-07-17,Friday,14,True,Express (<10 items),12,CASH-137,Flous (Mobile),25,5,True,129.51,29.1,136.4,24.6,32.8,37.1,0.0,,230.9,4
TXN-CRT-001-002719,2026-07-17 14:03:59,2026-07-17,Friday,14,True,Traditional,7,CASH-124,Cash,23,4,True,129.35,16.1,136.1,21.7,26.2,27.5,0.0,,211.5,4
TXN-CRT-001-002720,2026-07-17 14:12:51,2026-07-17,Friday,14,True,Traditional,7,CASH-132,Check,3,1,True,13.9,5.2,20.1,21.3,66.2,38.1,0.0,,145.7,4
TXN-CRT-001-002721,2026-07-17 14:17:06,2026-07-17,Friday,14,True,Self-Service,9,,Card (Local),17,7,True,99.23,116.9,138.5,30.6,25.1,46.3,0.0,,240.5,3
TXN-CRT-001-002722,2026-07-17 14:17:12,2026-07-17,Friday,14,True,Traditional,3,CASH-128,Flous (Mobile),4,0,False,15.08,116.8,19.9,0.0,25.7,37.4,0.0,,83.1,4
TXN-CRT-001-002723,2026-07-17 14:21:03,2026-07-17,Friday,14,True,Traditional,4,CASH-122,Cash,39,7,True,218.85,15.4,283.7,29.6,72.5,17.5,0.0,,403.2,4
TXN-CRT-001-002724,2026-07-17 14:32:04,2026-07-17,Friday,14,True,Traditional,8,CASH-107,Card (International),40,13,True,316.78,62.2,187.9,36.4,32.1,19.2,0.0,,275.6,4
TXN-CRT-001-002725,2026-07-17 14:43:03,2026-07-17,Friday,14,True,Traditional,5,CASH-112,Flous (Mobile),23,7,True,197.61,8.5,154.2,35.1,27.8,18.4,0.0,,235.4,4
TXN-CRT-001-002726,2026-07-17 14:43:13,2026-07-17,Friday,14,True,Traditional,1,CASH-116,Cash,42,15,True,232.68,24.8,231.5,44.0,37.6,19.9,0.0,,333.0,3
TXN-CRT-001-002727,2026-07-17 14:43:19,2026-07-17,Friday,14,True,Traditional,8,CASH-117,Cash,29,5,True,209.01,38.2,214.0,19.8,36.3,35.2,0.0,,305.3,3
TXN-CRT-001-002728,2026-07-17 14:44:00,2026-07-17,Friday,14,True,Traditional,8,CASH-117,Cash,31,5,True,208.8,27.4,211.4,29.3,46.7,15.8,0.0,,303.3,3
TXN-CRT-001-002729,2026-07-17 14:52:28,2026-07-17,Friday,14,True,Traditional,5,CASH-117,Flous (Mobile),18,5,True,105.8,74.8,46.3,42.3,30.4,32.9,0.0,,151.9,3
TXN-CRT-001-002730,2026-07-17 16:24:55,2026-07-17,Friday,16,True,Traditional,4,CASH-114,Card (Local),10,3,True,72.42,2.0,69.8,37.9,23.6,26.2,0.0,,157.6,4
TXN-CRT-001-002731,2026-07-17 16:40:20,2026-07-17,Friday,16,True,Traditional,4,CASH-101,Card (Local),8,2,True,54.45,24.0,35.4,18.5,28.4,27.1,0.0,,109.5,4
TXN-CRT-001-002732,2026-07-17 16:41:42,2026-07-17,Friday,16,True,Traditional,3,CASH-130,Cash,11,3,True,79.83,90.4,73.8,25.3,31.3,37.6,0.0,,168.0,4
TXN-CRT-001-002733,2026-07-17 16:44:36,2026-07-17,Friday,16,True,Traditional,6,CASH-120,Cash,20,3,True,159.62,7.6,80.1,22.9,53.1,25.5,0.0,,181.6,4
TXN-CRT-001-002734,2026-07-17 16:50:15,2026-07-17,Friday,16,True,Express (<10 items),13,CASH-141,Card (International),7,2,True,24.85,26.6,37.8,16.6,36.6,18.4,0.0,,109.4,4
TXN-CRT-001-002735,2026-07-17 17:21:27,2026-07-17,Friday,17,True,Express (<10 items),12,CASH-143,Cash,9,3,True,40.04,99.0,38.6,28.0,26.2,22.9,0.0,,115.6,3
TXN-CRT-001-002736,2026-07-17 17:28:32,2026-07-17,Friday,17,True,Traditional,4,CASH-133,Card (Local),15,3,True,74.3,177.8,45.3,30.5,25.5,38.1,0.0,,139.4,3
TXN-CRT-001-002737,2026-07-17 17:33:32,2026-07-17,Friday,17,True,Express (<10 items),13,CASH-140,Flous (Mobile),8,3,True,55.22,116.9,34.9,21.6,24.7,18.4,0.0,,99.5,4
TXN-CRT-001-002738,2026-07-17 17:37:16,2026-07-17,Friday,17,True,Traditional,2,CASH-117,Cash,18,4,True,88.78,37.3,93.3,37.5,51.2,18.4,0.0,,200.5,4
TXN-CRT-001-002739,2026-07-17 17:37:37,2026-07-17,Friday,17,True,Express (<10 items),13,CASH-145,Card (Local),42,9,True,341.84,176.9,268.9,30.0,25.2,29.1,0.0,,353.1,3
TXN-CRT-001-002740,2026-07-17 17:44:51,2026-07-17,Friday,17,True,Traditional,1,CASH-104,Cash,25,5,True,237.47,92.3,185.4,16.8,43.0,24.3,0.0,,269.5,3
TXN-CRT-001-002741,2026-07-17 17:45:09,2026-07-17,Friday,17,True,Traditional,2,CASH-111,Card (Local),21,5,True,180.13,15.9,110.7,31.8,23.3,27.3,0.0,,193.1,4
TXN-CRT-001-002742,2026-07-17 17:45:42,2026-07-17,Friday,17,True,Traditional,5,CASH-115,Cash,18,1,True,77.6,9.0,108.5,40.0,54.0,25.3,0.0,,227.8,4
TXN-CRT-001-002743,2026-07-17 17:48:28,2026-07-17,Friday,17,True,Traditional,3,CASH-104,Card (Local),15,4,True,89.65,87.0,84.5,15.1,24.8,16.3,153.3,Payment terminal error,294.0,2
TXN-CRT-001-002744,2026-07-17 18:03:44,2026-07-17,Friday,18,True,Traditional,7,CASH-131,Cash,7,3,True,43.73,43.2,47.7,40.7,56.8,15.9,0.0,,161.1,4
TXN-CRT-001-002745,2026-07-17 18:10:12,2026-07-17,Friday,18,True,Traditional,3,CASH-131,Cash,38,8,True,301.83,15.2,109.3,33.1,26.8,37.7,0.0,,207.0,4
TXN-CRT-001-002746,2026-07-17 18:11:30,2026-07-17,Friday,18,True,Traditional,1,CASH-108,Card (Local),9,0,False,67.3,41.5,24.6,0.0,19.8,24.8,0.0,,69.2,4
TXN-CRT-001-002747,2026-07-17 18:11:56,2026-07-17,Friday,18,True,Traditional,4,CASH-120,Cash,4,3,True,17.86,104.3,21.9,24.7,42.0,22.8,0.0,,111.3,4
TXN-CRT-001-002748,2026-07-17 18:18:44,2026-07-17,Friday,18,True,Traditional,8,CASH-125,Card (International),25,5,True,202.5,27.7,67.3,17.9,47.1,36.7,0.0,,169.1,4
TXN-CRT-001-002749,2026-07-17 18:25:14,2026-07-17,Friday,18,True,Traditional,1,CASH-122,Cash,7,0,False,41.29,27.0,22.1,0.0,61.8,27.3,0.0,,111.1,4
TXN-CRT-001-002750,2026-07-17 18:26:43,2026-07-17,Friday,18,True,Traditional,8,CASH-103,Card (Local),12,2,True,74.58,41.1,75.6,35.7,31.7,15.1,0.0,,158.1,4
TXN-CRT-001-002751,2026-07-17 18:26:53,2026-07-17,Friday,18,True,Traditional,3,CASH-110,Cash,2,1,True,13.13,45.7,6.8,36.4,42.0,31.9,0.0,,117.1,4
TXN-CRT-001-002752,2026-07-17 18:28:53,2026-07-17,Friday,18,True,Traditional,2,CASH-128,Card (Local),6,1,True,32.05,35.1,43.0,28.7,33.8,19.9,0.0,,125.5,4
TXN-CRT-001-002753,2026-07-17 18:34:12,2026-07-17,Friday,18,True,Traditional,2,CASH-101,Cash,7,2,True,44.87,75.6,51.0,19.7,45.6,24.9,0.0,,141.3,4
TXN-CRT-001-002754,2026-07-17 18:37:49,2026-07-17,Friday,18,True,Traditional,7,CASH-105,Cash,3,0,False,12.12,81.7,21.0,0.0,53.5,17.6,0.0,,92.1,3
TXN-CRT-001-002755,2026-07-17 18:45:31,2026-07-17,Friday,18,True,Self-Service,9,,Cash,21,3,True,99.72,44.6,100.9,64.0,28.3,23.5,0.0,,216.7,4
TXN-CRT-001-002756,2026-07-17 18:47:32,2026-07-17,Friday,18,True,Traditional,3,CASH-105,Card (International),32,7,True,202.16,26.1,114.1,42.4,25.0,18.7,33.4,Barcode not scanning,233.6,3
TXN-CRT-001-002757,2026-07-17 18:49:35,2026-07-17,Friday,18,True,Traditional,1,CASH-133,Cash,12,4,True,94.14,31.1,40.6,44.4,74.7,37.7,0.0,,197.3,4
TXN-CRT-001-002758,2026-07-17 18:49:53,2026-07-17,Friday,18,True,Self-Service,11,,Flous (Mobile),36,10,True,190.16,124.6,254.5,42.8,26.8,47.5,0.0,,371.6,3
TXN-CRT-001-002759,2026-07-17 18:52:09,2026-07-17,Friday,18,True,Traditional,5,CASH-116,Flous (Mobile),8,1,True,41.27,175.1,56.6,16.8,26.4,19.8,0.0,,119.6,3
TXN-CRT-001-002760,2026-07-17 19:11:26,2026-07-17,Friday,19,True,Traditional,2,CASH-129,Cash,11,1,True,30.61,12.7,54.5,40.5,29.0,39.9,106.3,Item return/exchange,270.1,3
TXN-CRT-001-002761,2026-07-17 19:13:11,2026-07-17,Friday,19,True,Traditional,2,CASH-127,Card (Local),6,2,True,45.35,16.6,32.2,25.6,30.2,39.6,0.0,,127.5,4
TXN-CRT-001-002762,2026-07-17 19:16:13,2026-07-17,Friday,19,True,Traditional,4,CASH-105,Cash,20,7,True,61.26,30.5,103.7,30.0,43.0,31.0,0.0,,207.6,4
TXN-CRT-001-002763,2026-07-17 19:24:07,2026-07-17,Friday,19,True,Traditional,6,CASH-103,Cash,13,3,True,43.4,126.7,92.5,31.9,61.9,16.5,0.0,,202.8,3
TXN-CRT-001-002764,2026-07-17 19:25:37,2026-07-17,Friday,19,True,Traditional,8,CASH-133,Card (Local),19,5,True,71.2,35.0,111.4,41.4,20.8,34.7,0.0,,208.4,4
TXN-CRT-001-002765,2026-07-17 19:27:18,2026-07-17,Friday,19,True,Traditional,3,CASH-105,Card (Local),26,4,True,197.05,75.3,167.0,42.5,31.0,16.2,0.0,,256.7,3
TXN-CRT-001-002766,2026-07-17 19:27:42,2026-07-17,Friday,19,True,Express (<10 items),12,CASH-144,Card (Local),17,3,True,47.1,41.5,82.7,36.9,18.3,31.5,0.0,,169.4,4
TXN-CRT-001-002767,2026-07-17 19:27:44,2026-07-17,Friday,19,True,Traditional,2,CASH-135,Cash,20,1,True,94.07,31.1,149.6,33.1,49.8,32.6,0.0,,265.1,4
TXN-CRT-001-002768,2026-07-17 19:28:31,2026-07-17,Friday,19,True,Traditional,8,CASH-107,Cash,43,13,True,368.58,39.4,274.0,21.8,63.8,39.4,0.0,,399.0,3
TXN-CRT-001-002769,2026-07-17 19:35:30,2026-07-17,Friday,19,True,Traditional,1,CASH-115,Cash,10,2,True,59.53,15.3,40.5,35.4,51.3,38.7,0.0,,165.8,4
TXN-CRT-001-002770,2026-07-17 19:36:46,2026-07-17,Friday,19,True,Traditional,5,CASH-131,Card (Local),11,4,True,51.31,82.1,65.6,36.9,32.9,16.3,0.0,,151.8,3
TXN-CRT-001-002771,2026-07-17 19:36:57,2026-07-17,Friday,19,True,Traditional,1,CASH-134,Cash,24,7,True,235.37,25.8,167.8,43.3,31.5,30.9,0.0,,273.4,4
TXN-CRT-001-002772,2026-07-17 19:42:21,2026-07-17,Friday,19,True,Traditional,2,CASH-104,Card (Local),19,7,True,55.3,28.4,115.8,42.4,26.2,34.7,0.0,,219.1,4
TXN-CRT-001-002773,2026-07-17 19:43:10,2026-07-17,Friday,19,True,Traditional,7,CASH-108,Cash,7,1,True,18.94,22.8,45.7,21.3,63.7,17.6,0.0,,148.3,4
TXN-CRT-001-002774,2026-07-17 19:46:16,2026-07-17,Friday,19,True,Traditional,5,CASH-108,Cash,12,2,True,72.17,139.3,54.6,33.8,64.6,36.8,119.5,Payment terminal error,309.3,2
TXN-CRT-001-002775,2026-07-17 19:47:52,2026-07-17,Friday,19,True,Traditional,5,CASH-103,Cash,15,7,True,109.96,32.9,79.4,23.7,33.7,27.7,0.0,,164.6,4
TXN-CRT-001-002776,2026-07-17 19:50:27,2026-07-17,Friday,19,True,Traditional,3,CASH-119,Cash,13,4,True,64.7,57.0,48.6,26.4,38.0,18.0,0.0,,131.0,4
TXN-CRT-001-002777,2026-07-17 19:53:47,2026-07-17,Friday,19,True,Traditional,3,CASH-130,Cash,7,3,True,34.69,4.6,32.3,30.2,73.0,26.7,0.0,,162.3,4
TXN-CRT-001-002778,2026-07-17 19:56:46,2026-07-17,Friday,19,True,Traditional,2,CASH-101,Card (International),42,5,True,190.29,1.8,308.2,41.0,29.5,27.9,81.4,Barcode not scanning,487.9,3
TXN-CRT-001-002779,2026-07-17 19:58:39,2026-07-17,Friday,19,True,Traditional,8,CASH-133,Flous (Mobile),26,6,True,176.6,15.8,126.0,32.2,21.8,34.2,0.0,,214.2,4
TXN-CRT-001-002780,2026-07-17 20:05:15,2026-07-17,Friday,20,True,Traditional,6,CASH-118,Cash,15,5,True,103.85,99.0,93.3,21.9,58.9,23.8,0.0,,197.8,3
TXN-CRT-001-002781,2026-07-17 20:08:30,2026-07-17,Friday,20,True,Traditional,4,CASH-118,Cash,22,3,True,172.36,54.2,160.7,34.5,74.7,20.6,0.0,,290.5,4
TXN-CRT-001-002782,2026-07-17 20:10:25,2026-07-17,Friday,20,True,Traditional,8,CASH-117,Cash,39,10,True,243.21,149.1,149.2,16.7,68.5,32.3,0.0,,266.7,3
TXN-CRT-001-002783,2026-07-17 20:20:44,2026-07-17,Friday,20,True,Express (<10 items),13,CASH-140,Flous (Mobile),6,1,True,47.22,109.7,16.5,21.5,38.8,21.0,0.0,,97.8,3
TXN-CRT-001-002784,2026-07-17 20:22:38,2026-07-17,Friday,20,True,Traditional,8,CASH-121,Cash,9,0,False,50.94,23.3,51.7,0.0,36.9,38.3,0.0,,126.9,4
TXN-CRT-001-002785,2026-07-17 20:24:48,2026-07-17,Friday,20,True,Self-Service,9,,Check,17,3,True,69.94,41.6,212.7,70.6,77.1,26.3,0.0,,386.7,4
TXN-CRT-001-002786,2026-07-17 20:26:07,2026-07-17,Friday,20,True,Traditional,3,CASH-115,Cash,29,6,True,297.82,122.1,193.2,19.7,33.2,30.9,0.0,,277.0,3
TXN-CRT-001-002787,2026-07-17 20:26:09,2026-07-17,Friday,20,True,Express (<10 items),12,CASH-138,Cash,2,0,False,14.01,23.0,6.1,0.0,32.6,39.3,0.0,,78.0,4
TXN-CRT-001-002788,2026-07-17 20:29:06,2026-07-17,Friday,20,True,Traditional,1,CASH-123,Flous (Mobile),49,13,True,307.94,79.9,200.7,22.9,29.9,28.8,0.0,,282.4,4
TXN-CRT-001-002789,2026-07-17 20:29:53,2026-07-17,Friday,20,True,Express (<10 items),13,CASH-142,Cash,14,2,True,108.44,13.0,87.9,28.7,49.4,24.2,33.8,Barcode not scanning,223.9,3
TXN-CRT-001-002790,2026-07-17 20:32:19,2026-07-17,Friday,20,True,Express (<10 items),12,CASH-143,Card (Local),11,2,True,76.77,62.2,80.9,34.2,33.9,24.6,0.0,,173.5,3
TXN-CRT-001-002791,2026-07-17 20:38:17,2026-07-17,Friday,20,True,Traditional,7,CASH-109,Card (Local),10,4,True,28.65,47.2,47.2,20.4,22.3,31.4,0.0,,121.3,4
TXN-CRT-001-002792,2026-07-17 20:38:20,2026-07-17,Friday,20,True,Express (<10 items),13,CASH-137,Cash,7,2,True,25.89,23.6,43.7,25.0,32.6,38.9,0.0,,140.3,4
TXN-CRT-001-002793,2026-07-17 20:45:22,2026-07-17,Friday,20,True,Traditional,6,CASH-105,Cash,28,6,True,129.9,42.8,143.5,22.7,49.6,27.0,0.0,,242.8,4
TXN-CRT-001-002794,2026-07-17 20:53:10,2026-07-17,Friday,20,True,Traditional,8,CASH-122,Card (Local),45,13,True,216.53,61.3,290.5,40.4,22.1,30.1,0.0,,383.2,3
TXN-CRT-001-002795,2026-07-17 20:56:27,2026-07-17,Friday,20,True,Traditional,2,CASH-105,Card (Local),13,5,True,79.83,96.4,64.7,24.9,29.9,31.3,0.0,,150.7,3
TXN-CRT-001-002796,2026-07-17 20:56:45,2026-07-17,Friday,20,True,Traditional,3,CASH-106,Cash,45,6,True,368.78,141.5,252.4,40.1,34.8,29.1,0.0,,356.4,3
TXN-CRT-001-002797,2026-07-17 20:56:59,2026-07-17,Friday,20,True,Traditional,4,CASH-101,Flous (Mobile),30,7,True,272.87,87.6,152.9,25.9,25.4,36.7,0.0,,240.7,3
TXN-CRT-001-002798,2026-07-17 20:59:12,2026-07-17,Friday,20,True,Traditional,7,CASH-118,Cash,15,4,True,95.78,114.0,78.4,21.7,50.3,24.1,0.0,,174.5,4
TXN-CRT-001-002799,2026-07-17 21:05:21,2026-07-17,Friday,21,True,Express (<10 items),12,CASH-141,Cash,22,4,True,148.98,20.6,129.4,20.0,65.4,33.6,92.9,Barcode not scanning,341.3,3
TXN-CRT-001-002800,2026-07-17 21:21:07,2026-07-17,Friday,21,True,Traditional,5,CASH-109,Cash,14,5,True,86.54,17.4,42.3,33.1,53.9,19.1,0.0,,148.4,4
TXN-CRT-001-002801,2026-07-17 21:26:31,2026-07-17,Friday,21,True,Traditional,7,CASH-126,Cash,17,8,True,104.45,72.9,80.4,39.0,66.6,39.8,0.0,,225.9,4
TXN-CRT-001-002802,2026-07-17 21:35:59,2026-07-17,Friday,21,True,Self-Service,9,,Cash,3,2,True,11.35,14.0,20.7,42.8,28.5,39.4,0.0,,131.5,4
TXN-CRT-001-002803,2026-07-17 21:38:20,2026-07-17,Friday,21,True,Express (<10 items),12,CASH-141,Check,23,4,True,199.6,39.6,120.3,35.0,72.1,35.4,0.0,,262.8,4
TXN-CRT-001-002804,2026-07-17 21:39:23,2026-07-17,Friday,21,True,Express (<10 items),12,CASH-144,Cash,3,0,False,20.27,51.7,10.8,0.0,66.6,33.7,0.0,,111.2,4
TXN-CRT-001-002805,2026-07-17 21:47:51,2026-07-17,Friday,21,True,Traditional,8,CASH-109,Cash,30,12,True,131.65,127.1,131.9,33.9,32.1,35.1,0.0,,233.0,3
TXN-CRT-001-002806,2026-07-17 21:56:31,2026-07-17,Friday,21,True,Express (<10 items),13,CASH-137,Cash,30,7,True,193.54,63.5,164.2,30.9,40.4,30.3,0.0,,265.7,3
TXN-CRT-001-002807,2026-07-17 21:56:34,2026-07-17,Friday,21,True,Traditional,3,CASH-127,Card (Local),8,1,True,44.61,18.9,55.5,39.7,29.4,33.9,0.0,,158.4,4
TXN-CRT-001-002808,2026-07-18 08:00:53,2026-07-18,Saturday,8,True,Traditional,7,CASH-122,Flous (Mobile),10,3,True,75.7,48.9,27.8,15.1,22.4,18.1,0.0,,83.5,4
TXN-CRT-001-002809,2026-07-18 08:04:56,2026-07-18,Saturday,8,True,Traditional,3,CASH-123,Cash,15,3,True,92.11,53.5,76.0,34.6,68.7,34.6,0.0,,213.9,4
TXN-CRT-001-002810,2026-07-18 08:21:20,2026-07-18,Saturday,8,True,Traditional,8,CASH-106,Cash,19,4,True,114.64,26.3,105.8,15.1,70.0,37.2,0.0,,228.1,4
TXN-CRT-001-002811,2026-07-18 08:25:07,2026-07-18,Saturday,8,True,Traditional,7,CASH-120,Cash,10,4,True,79.78,9.8,44.2,32.9,33.5,28.9,0.0,,139.5,4
TXN-CRT-001-002812,2026-07-18 08:26:05,2026-07-18,Saturday,8,True,Traditional,8,CASH-128,Cash,19,3,True,71.2,87.6,133.7,35.5,60.4,38.1,0.0,,267.7,3
TXN-CRT-001-002813,2026-07-18 08:46:06,2026-07-18,Saturday,8,True,Traditional,1,CASH-112,Cash,10,1,True,34.63,40.5,58.8,38.8,63.7,19.5,0.0,,180.8,4
TXN-CRT-001-002814,2026-07-18 08:46:10,2026-07-18,Saturday,8,True,Traditional,5,CASH-101,Cash,3,0,False,8.99,79.1,17.6,0.0,48.8,19.9,162.3,Supervisor approval needed,248.6,3
TXN-CRT-001-002815,2026-07-18 08:59:31,2026-07-18,Saturday,8,True,Traditional,1,CASH-101,Cash,1,0,False,7.2,58.9,5.8,0.0,63.0,20.2,0.0,,89.0,4
TXN-CRT-001-002816,2026-07-18 09:04:15,2026-07-18,Saturday,9,True,Traditional,6,CASH-101,Cash,5,0,False,32.75,40.7,34.0,0.0,26.3,23.1,0.0,,83.4,4
TXN-CRT-001-002817,2026-07-18 09:08:36,2026-07-18,Saturday,9,True,Traditional,4,CASH-135,Cash,28,7,True,121.44,36.1,172.6,24.3,57.6,21.3,0.0,,275.7,4
TXN-CRT-001-002818,2026-07-18 09:11:16,2026-07-18,Saturday,9,True,Traditional,2,CASH-133,Check,46,12,True,354.19,46.0,301.1,39.0,69.7,29.1,0.0,,438.9,4
TXN-CRT-001-002819,2026-07-18 09:23:44,2026-07-18,Saturday,9,True,Traditional,5,CASH-135,Flous (Mobile),13,5,True,74.19,72.5,53.0,35.4,39.4,34.0,0.0,,161.8,3
TXN-CRT-001-002820,2026-07-18 09:32:48,2026-07-18,Saturday,9,True,Traditional,2,CASH-134,Card (Local),16,3,True,110.14,3.1,54.1,22.9,21.4,21.9,0.0,,120.3,4
TXN-CRT-001-002821,2026-07-18 09:49:26,2026-07-18,Saturday,9,True,Self-Service,11,,Cash,6,2,True,15.79,71.0,79.5,31.6,72.1,22.2,0.0,,205.4,3
TXN-CRT-001-002822,2026-07-18 09:58:42,2026-07-18,Saturday,9,True,Traditional,7,CASH-131,Cash,17,3,True,86.12,67.0,115.1,21.9,56.8,28.2,96.7,Barcode not scanning,318.6,3
TXN-CRT-001-002823,2026-07-18 10:15:20,2026-07-18,Saturday,10,True,Traditional,2,CASH-127,Cash,6,2,True,21.84,87.0,35.2,41.9,32.8,17.2,0.0,,127.1,4
TXN-CRT-001-002824,2026-07-18 10:15:29,2026-07-18,Saturday,10,True,Traditional,6,CASH-120,Card (Local),19,4,True,77.98,131.8,122.6,43.1,19.5,28.3,0.0,,213.5,3
TXN-CRT-001-002825,2026-07-18 10:28:11,2026-07-18,Saturday,10,True,Traditional,7,CASH-107,Cash,43,7,True,246.64,26.9,321.9,29.3,54.0,21.8,0.0,,427.0,3
TXN-CRT-001-002826,2026-07-18 10:30:08,2026-07-18,Saturday,10,True,Traditional,1,CASH-120,Flous (Mobile),7,2,True,27.3,11.8,30.6,27.9,38.2,30.5,0.0,,127.2,4
TXN-CRT-001-002827,2026-07-18 10:39:34,2026-07-18,Saturday,10,True,Traditional,8,CASH-116,Check,26,5,True,117.61,56.4,159.7,35.6,79.8,39.2,0.0,,314.3,3
TXN-CRT-001-002828,2026-07-18 10:41:22,2026-07-18,Saturday,10,True,Traditional,4,CASH-130,Cash,1,0,False,6.59,52.9,2.8,0.0,38.5,21.8,42.2,Supervisor approval needed,105.3,4
TXN-CRT-001-002829,2026-07-18 11:10:53,2026-07-18,Saturday,11,True,Traditional,3,CASH-129,Card (Local),12,2,True,67.77,36.8,53.5,26.2,25.7,32.4,0.0,,137.8,4
TXN-CRT-001-002830,2026-07-18 11:12:58,2026-07-18,Saturday,11,True,Traditional,8,CASH-111,Cash,5,2,True,27.48,68.6,23.0,34.3,63.5,38.2,0.0,,158.9,4
TXN-CRT-001-002831,2026-07-18 11:14:02,2026-07-18,Saturday,11,True,Traditional,5,CASH-111,Cash,11,2,True,66.84,28.7,52.7,20.8,32.0,31.1,0.0,,136.5,4
TXN-CRT-001-002832,2026-07-18 11:16:31,2026-07-18,Saturday,11,True,Traditional,4,CASH-112,Cash,7,1,True,52.98,40.9,28.0,37.9,41.9,25.8,0.0,,133.7,4
TXN-CRT-001-002833,2026-07-18 11:20:54,2026-07-18,Saturday,11,True,Traditional,6,CASH-133,Cash,12,0,False,62.15,70.9,31.3,0.0,62.6,33.2,0.0,,127.0,3
TXN-CRT-001-002834,2026-07-18 11:23:04,2026-07-18,Saturday,11,True,Traditional,7,CASH-124,Flous (Mobile),13,3,True,85.46,37.4,36.0,38.5,37.8,25.7,0.0,,138.0,4
TXN-CRT-001-002835,2026-07-18 11:24:27,2026-07-18,Saturday,11,True,Traditional,6,CASH-121,Cash,10,2,True,75.78,53.1,30.9,36.1,56.8,36.6,0.0,,160.4,4
TXN-CRT-001-002836,2026-07-18 11:29:23,2026-07-18,Saturday,11,True,Self-Service,9,,Cash,21,4,True,168.41,37.6,276.8,47.4,69.9,26.6,0.0,,420.7,3
TXN-CRT-001-002837,2026-07-18 11:30:24,2026-07-18,Saturday,11,True,Express (<10 items),13,CASH-142,Card (Local),41,6,True,242.36,19.3,90.5,41.3,23.0,28.6,103.6,Promo code issue,287.0,4
TXN-CRT-001-002838,2026-07-18 11:38:29,2026-07-18,Saturday,11,True,Traditional,7,CASH-113,Card (Local),13,3,True,100.3,86.2,37.1,41.7,25.1,29.5,116.3,Item return/exchange,249.7,3
TXN-CRT-001-002839,2026-07-18 11:38:54,2026-07-18,Saturday,11,True,Traditional,3,CASH-106,Cash,7,3,True,52.06,80.8,30.7,25.5,27.8,17.8,0.0,,101.9,3
TXN-CRT-001-002840,2026-07-18 11:40:46,2026-07-18,Saturday,11,True,Traditional,5,CASH-118,Flous (Mobile),9,3,True,26.31,79.0,41.9,18.7,32.1,20.5,0.0,,113.2,3
TXN-CRT-001-002841,2026-07-18 11:41:44,2026-07-18,Saturday,11,True,Traditional,1,CASH-115,Card (Local),34,11,True,253.51,43.5,163.1,24.9,19.0,18.0,0.0,,225.0,4
TXN-CRT-001-002842,2026-07-18 11:46:11,2026-07-18,Saturday,11,True,Traditional,7,CASH-123,Cash,18,1,True,99.63,90.9,120.6,34.2,59.1,26.1,0.0,,239.9,4
TXN-CRT-001-002843,2026-07-18 11:47:36,2026-07-18,Saturday,11,True,Self-Service,11,,Cash,14,7,True,84.71,93.7,86.4,70.5,26.6,47.9,0.0,,231.4,4
TXN-CRT-001-002844,2026-07-18 11:50:01,2026-07-18,Saturday,11,True,Express (<10 items),13,CASH-140,Cash,6,1,True,46.11,121.1,15.4,33.5,66.4,36.6,0.0,,151.9,3
TXN-CRT-001-002845,2026-07-18 11:54:02,2026-07-18,Saturday,11,True,Traditional,7,CASH-135,Flous (Mobile),14,8,True,103.63,44.2,95.4,30.3,20.4,31.7,0.0,,177.8,4
TXN-CRT-001-002846,2026-07-18 11:55:22,2026-07-18,Saturday,11,True,Traditional,7,CASH-105,Card (Local),9,1,True,27.39,55.7,45.8,36.4,25.7,29.1,0.0,,136.9,4
TXN-CRT-001-002847,2026-07-18 11:55:31,2026-07-18,Saturday,11,True,Traditional,4,CASH-103,Flous (Mobile),44,11,True,338.62,19.1,221.0,22.7,24.3,23.7,0.0,,291.8,4
TXN-CRT-001-002848,2026-07-18 12:02:40,2026-07-18,Saturday,12,True,Traditional,5,CASH-132,Cash,37,8,True,196.92,131.6,190.7,26.8,59.3,39.9,0.0,,316.7,2
TXN-CRT-001-002849,2026-07-18 12:03:37,2026-07-18,Saturday,12,True,Traditional,7,CASH-113,Cash,4,1,True,25.38,38.3,15.1,30.1,71.9,20.9,0.0,,137.9,4
TXN-CRT-001-002850,2026-07-18 12:04:28,2026-07-18,Saturday,12,True,Traditional,1,CASH-110,Cash,16,6,True,45.15,14.5,115.6,32.1,47.0,37.5,0.0,,232.2,4
TXN-CRT-001-002851,2026-07-18 12:06:05,2026-07-18,Saturday,12,True,Traditional,5,CASH-130,Cash,8,3,True,46.0,123.4,52.6,32.7,42.7,17.9,0.0,,145.9,3
TXN-CRT-001-002852,2026-07-18 12:12:31,2026-07-18,Saturday,12,True,Traditional,8,CASH-127,Card (Local),13,7,True,90.94,42.9,87.9,39.1,21.7,26.3,0.0,,174.9,4
TXN-CRT-001-002853,2026-07-18 12:13:52,2026-07-18,Saturday,12,True,Traditional,5,CASH-105,Card (International),36,10,True,179.48,166.6,208.4,17.0,33.2,26.2,0.0,,284.7,3
TXN-CRT-001-002854,2026-07-18 12:16:21,2026-07-18,Saturday,12,True,Self-Service,9,,Cash,16,4,True,79.58,50.4,183.8,60.1,34.1,28.8,0.0,,306.9,3
TXN-CRT-001-002855,2026-07-18 12:19:49,2026-07-18,Saturday,12,True,Traditional,2,CASH-103,Cash,11,1,True,29.06,26.1,44.5,33.3,66.5,34.9,0.0,,179.1,4
TXN-CRT-001-002856,2026-07-18 12:19:54,2026-07-18,Saturday,12,True,Traditional,8,CASH-116,Cash,8,6,True,63.83,88.4,45.6,28.5,46.0,23.2,0.0,,143.3,3
TXN-CRT-001-002857,2026-07-18 12:27:06,2026-07-18,Saturday,12,True,Traditional,1,CASH-129,Cash,29,7,True,229.98,40.8,169.7,20.0,65.5,20.4,0.0,,275.6,4
TXN-CRT-001-002858,2026-07-18 12:35:34,2026-07-18,Saturday,12,True,Traditional,3,CASH-131,Cash,20,6,True,63.79,77.0,140.6,27.2,36.8,39.6,0.0,,244.3,3
TXN-CRT-001-002859,2026-07-18 12:35:44,2026-07-18,Saturday,12,True,Traditional,6,CASH-129,Cash,15,3,True,70.92,27.5,54.2,41.5,66.5,16.6,0.0,,178.7,4
TXN-CRT-001-002860,2026-07-18 12:37:01,2026-07-18,Saturday,12,True,Traditional,2,CASH-116,Cash,8,2,True,49.24,71.0,49.1,36.3,44.1,29.5,71.4,Payment terminal error,230.3,3
TXN-CRT-001-002861,2026-07-18 12:41:15,2026-07-18,Saturday,12,True,Self-Service,10,,Cash,11,5,True,87.81,35.7,95.2,55.4,38.1,43.1,0.0,,231.8,4
TXN-CRT-001-002862,2026-07-18 12:44:31,2026-07-18,Saturday,12,True,Traditional,3,CASH-106,Cash,46,9,True,426.93,84.4,240.7,24.9,55.2,20.6,0.0,,341.3,3
TXN-CRT-001-002863,2026-07-18 12:47:25,2026-07-18,Saturday,12,True,Express (<10 items),12,CASH-137,Cash,16,3,True,42.52,45.9,50.8,41.6,75.0,32.6,0.0,,199.9,4
TXN-CRT-001-002864,2026-07-18 12:48:02,2026-07-18,Saturday,12,True,Traditional,6,CASH-101,Card (Local),13,2,True,43.34,55.6,72.9,35.6,25.4,36.0,0.0,,169.9,4
TXN-CRT-001-002865,2026-07-18 12:54:07,2026-07-18,Saturday,12,True,Traditional,4,CASH-111,Cash,16,5,True,124.63,40.2,41.7,30.0,74.7,38.9,93.4,Promo code issue,278.7,3
TXN-CRT-001-002866,2026-07-18 12:54:27,2026-07-18,Saturday,12,True,Traditional,7,CASH-121,Check,27,3,True,239.87,47.5,77.3,43.8,54.6,36.5,0.0,,212.2,4
TXN-CRT-001-002867,2026-07-18 13:00:07,2026-07-18,Saturday,13,True,Traditional,5,CASH-113,Cash,11,1,True,72.82,83.3,62.6,41.1,44.4,17.6,0.0,,165.8,4
TXN-CRT-001-002868,2026-07-18 13:01:07,2026-07-18,Saturday,13,True,Traditional,3,CASH-130,Cash,7,1,True,39.64,18.8,41.5,40.1,38.9,39.3,0.0,,159.7,4
TXN-CRT-001-002869,2026-07-18 13:04:20,2026-07-18,Saturday,13,True,Traditional,1,CASH-121,Cash,18,4,True,108.94,60.8,122.9,16.5,73.5,23.6,0.0,,236.4,3
TXN-CRT-001-002870,2026-07-18 13:12:00,2026-07-18,Saturday,13,True,Traditional,4,CASH-115,Cash,21,5,True,166.06,224.2,155.3,31.6,39.0,32.0,0.0,,257.9,3
TXN-CRT-001-002871,2026-07-18 13:12:54,2026-07-18,Saturday,13,True,Self-Service,10,,Flous (Mobile),24,3,True,148.83,111.8,232.8,70.4,26.4,34.5,0.0,,364.2,3
TXN-CRT-001-002872,2026-07-18 13:20:40,2026-07-18,Saturday,13,True,Express (<10 items),13,CASH-139,Cash,37,14,True,224.22,43.5,81.5,20.9,43.3,33.7,0.0,,179.3,4
TXN-CRT-001-002873,2026-07-18 13:21:29,2026-07-18,Saturday,13,True,Self-Service,11,,Check,12,6,True,38.13,53.3,91.5,56.4,48.9,24.6,0.0,,221.4,4
TXN-CRT-001-002874,2026-07-18 13:24:10,2026-07-18,Saturday,13,True,Traditional,4,CASH-122,Flous (Mobile),3,0,False,19.81,33.7,12.1,0.0,38.6,25.5,0.0,,76.1,4
TXN-CRT-001-002875,2026-07-18 13:27:07,2026-07-18,Saturday,13,True,Traditional,1,CASH-135,Card (Local),46,13,True,410.29,75.1,138.1,23.1,34.4,23.7,0.0,,219.3,3
TXN-CRT-001-002876,2026-07-18 13:38:46,2026-07-18,Saturday,13,True,Traditional,7,CASH-121,Card (Local),14,4,True,108.35,14.8,49.8,44.9,19.3,29.3,0.0,,143.3,4
TXN-CRT-001-002877,2026-07-18 13:39:42,2026-07-18,Saturday,13,True,Traditional,3,CASH-108,Card (Local),20,4,True,50.16,35.6,63.6,40.8,24.9,20.3,0.0,,149.6,4
TXN-CRT-001-002878,2026-07-18 13:40:44,2026-07-18,Saturday,13,True,Traditional,5,CASH-123,Cash,21,4,True,232.49,26.1,140.2,44.5,47.2,33.8,0.0,,265.6,4
TXN-CRT-001-002879,2026-07-18 13:41:11,2026-07-18,Saturday,13,True,Traditional,7,CASH-105,Card (Local),17,4,True,128.08,34.8,82.7,30.9,27.8,36.3,0.0,,177.8,4
TXN-CRT-001-002880,2026-07-18 13:45:14,2026-07-18,Saturday,13,True,Traditional,8,CASH-119,Cash,8,2,True,32.23,58.5,40.2,22.0,57.9,24.0,0.0,,144.2,4
TXN-CRT-001-002881,2026-07-18 13:46:46,2026-07-18,Saturday,13,True,Traditional,3,CASH-118,Cash,25,5,True,249.36,3.8,87.3,23.3,51.9,19.5,0.0,,182.1,4
TXN-CRT-001-002882,2026-07-18 13:47:04,2026-07-18,Saturday,13,True,Self-Service,11,,Cash,29,9,True,164.88,38.8,241.7,46.4,48.9,38.1,0.0,,375.0,4
TXN-CRT-001-002883,2026-07-18 13:48:13,2026-07-18,Saturday,13,True,Traditional,8,CASH-103,Card (Local),17,4,True,54.47,32.4,99.6,26.1,34.6,20.3,0.0,,180.6,4
TXN-CRT-001-002884,2026-07-18 13:48:37,2026-07-18,Saturday,13,True,Traditional,2,CASH-102,Flous (Mobile),15,4,True,93.6,96.6,104.5,44.5,36.1,21.2,0.0,,206.3,4
TXN-CRT-001-002885,2026-07-18 13:50:21,2026-07-18,Saturday,13,True,Traditional,7,CASH-132,Cash,5,0,False,39.42,22.0,17.6,0.0,43.1,27.6,0.0,,88.3,4
TXN-CRT-001-002886,2026-07-18 13:50:45,2026-07-18,Saturday,13,True,Express (<10 items),12,CASH-140,Flous (Mobile),4,1,True,15.91,35.5,16.6,24.6,23.3,23.0,0.0,,87.5,4
TXN-CRT-001-002887,2026-07-18 13:53:30,2026-07-18,Saturday,13,True,Traditional,2,CASH-128,Cash,11,2,True,63.1,43.6,67.0,19.4,36.7,32.5,0.0,,155.6,4
TXN-CRT-001-002888,2026-07-18 14:00:25,2026-07-18,Saturday,14,True,Traditional,2,CASH-131,Cash,10,3,True,27.18,101.5,35.2,25.5,62.1,34.8,0.0,,157.6,4
TXN-CRT-001-002889,2026-07-18 14:06:03,2026-07-18,Saturday,14,True,Traditional,5,CASH-109,Cash,45,13,True,367.69,92.1,185.8,28.1,52.6,27.3,0.0,,293.8,4
TXN-CRT-001-002890,2026-07-18 14:12:57,2026-07-18,Saturday,14,True,Traditional,2,CASH-115,Cash,27,8,True,177.9,146.7,118.0,15.4,60.5,36.4,0.0,,230.2,3
TXN-CRT-001-002891,2026-07-18 14:23:12,2026-07-18,Saturday,14,True,Traditional,4,CASH-130,Cash,21,4,True,123.25,104.0,86.7,30.7,75.0,22.6,0.0,,215.0,3
TXN-CRT-001-002892,2026-07-18 14:23:39,2026-07-18,Saturday,14,True,Traditional,2,CASH-134,Cash,16,5,True,71.51,62.4,89.0,23.8,48.8,32.0,0.0,,193.6,4
TXN-CRT-001-002893,2026-07-18 14:28:37,2026-07-18,Saturday,14,True,Traditional,4,CASH-135,Card (International),7,4,True,46.0,87.7,30.8,26.0,33.7,26.0,0.0,,116.4,3
TXN-CRT-001-002894,2026-07-18 14:40:00,2026-07-18,Saturday,14,True,Traditional,6,CASH-106,Cash,48,13,True,216.61,40.5,165.4,37.0,47.6,34.2,0.0,,284.1,4
TXN-CRT-001-002895,2026-07-18 14:44:50,2026-07-18,Saturday,14,True,Traditional,3,CASH-107,Cash,12,1,True,70.54,54.1,39.4,34.2,68.4,38.8,0.0,,180.9,4
TXN-CRT-001-002896,2026-07-18 15:03:22,2026-07-18,Saturday,15,True,Self-Service,9,,Flous (Mobile),5,2,True,21.5,56.0,37.7,43.6,36.5,24.1,0.0,,142.0,4
TXN-CRT-001-002897,2026-07-18 15:05:38,2026-07-18,Saturday,15,True,Traditional,7,CASH-134,Card (Local),15,2,True,89.94,23.1,52.7,36.2,19.4,25.2,0.0,,133.5,4
TXN-CRT-001-002898,2026-07-18 15:07:05,2026-07-18,Saturday,15,True,Traditional,2,CASH-133,Cash,36,12,True,188.88,99.0,242.9,16.9,43.5,36.3,0.0,,339.5,3
TXN-CRT-001-002899,2026-07-18 15:13:44,2026-07-18,Saturday,15,True,Traditional,4,CASH-110,Cash,37,9,True,169.94,125.5,175.6,15.7,63.8,35.9,0.0,,291.0,3
TXN-CRT-001-002900,2026-07-18 15:21:35,2026-07-18,Saturday,15,True,Traditional,4,CASH-107,Flous (Mobile),1,0,False,3.4,44.1,6.6,0.0,37.5,38.4,0.0,,82.6,4
TXN-CRT-001-002901,2026-07-18 15:22:41,2026-07-18,Saturday,15,True,Traditional,8,CASH-104,Card (Local),37,5,True,213.92,46.8,263.6,37.7,32.5,28.6,0.0,,362.4,3
TXN-CRT-001-002902,2026-07-18 15:25:55,2026-07-18,Saturday,15,True,Traditional,7,CASH-129,Cash,9,2,True,25.6,28.7,41.5,37.1,29.5,39.7,0.0,,147.7,4
TXN-CRT-001-002903,2026-07-18 15:36:59,2026-07-18,Saturday,15,True,Traditional,1,CASH-125,Cash,2,1,True,8.34,17.0,10.9,29.2,51.3,36.5,0.0,,127.8,4
TXN-CRT-001-002904,2026-07-18 15:44:06,2026-07-18,Saturday,15,True,Traditional,6,CASH-103,Card (International),33,4,True,195.9,81.1,222.6,22.4,29.6,38.4,0.0,,313.1,3
TXN-CRT-001-002905,2026-07-18 16:05:22,2026-07-18,Saturday,16,True,Traditional,3,CASH-121,Cash,35,9,True,285.63,18.1,261.8,38.9,60.2,31.4,0.0,,392.4,3
TXN-CRT-001-002906,2026-07-18 16:18:44,2026-07-18,Saturday,16,True,Traditional,4,CASH-124,Check,19,8,True,132.04,17.2,141.0,41.1,59.5,35.7,0.0,,277.3,4
TXN-CRT-001-002907,2026-07-18 16:42:12,2026-07-18,Saturday,16,True,Express (<10 items),12,CASH-141,Cash,18,4,True,125.54,77.6,118.3,37.8,49.3,34.0,0.0,,239.4,4
TXN-CRT-001-002908,2026-07-18 16:56:45,2026-07-18,Saturday,16,True,Traditional,5,CASH-135,Card (International),30,7,True,136.18,56.6,118.2,18.4,40.7,38.2,0.0,,215.5,4
TXN-CRT-001-002909,2026-07-18 16:56:54,2026-07-18,Saturday,16,True,Traditional,6,CASH-130,Cash,28,7,True,173.1,81.4,93.7,15.4,73.2,31.4,0.0,,213.7,4
TXN-CRT-001-002910,2026-07-18 17:15:53,2026-07-18,Saturday,17,True,Traditional,2,CASH-103,Cash,38,9,True,194.66,25.8,241.6,39.9,58.8,35.0,0.0,,375.4,4
TXN-CRT-001-002911,2026-07-18 17:25:37,2026-07-18,Saturday,17,True,Traditional,7,CASH-117,Flous (Mobile),17,3,True,115.64,159.3,90.6,37.0,22.4,27.9,0.0,,178.0,3
TXN-CRT-001-002912,2026-07-18 17:36:54,2026-07-18,Saturday,17,True,Traditional,6,CASH-110,Cash,47,6,True,283.98,22.4,248.9,41.5,43.8,37.9,0.0,,372.0,3
TXN-CRT-001-002913,2026-07-18 17:50:17,2026-07-18,Saturday,17,True,Traditional,1,CASH-124,Card (Local),50,13,True,286.62,32.4,273.2,34.6,28.3,21.6,172.7,Item return/exchange,530.3,3
TXN-CRT-001-002914,2026-07-18 17:50:42,2026-07-18,Saturday,17,True,Express (<10 items),12,CASH-139,Cash,5,3,True,21.71,16.0,29.0,36.6,55.8,16.8,0.0,,138.2,4
TXN-CRT-001-002915,2026-07-18 17:54:27,2026-07-18,Saturday,17,True,Traditional,6,CASH-129,Cash,33,5,True,217.73,156.3,178.6,45.0,43.9,22.7,0.0,,290.1,3
TXN-CRT-001-002916,2026-07-18 18:10:29,2026-07-18,Saturday,18,True,Traditional,5,CASH-130,Cash,15,2,True,52.57,36.1,75.5,36.0,64.7,17.6,93.2,Supervisor approval needed,287.2,4
TXN-CRT-001-002917,2026-07-18 18:15:11,2026-07-18,Saturday,18,True,Traditional,5,CASH-127,Card (Local),12,2,True,75.23,20.8,68.0,25.8,28.2,31.3,0.0,,153.3,4
TXN-CRT-001-002918,2026-07-18 18:18:16,2026-07-18,Saturday,18,True,Traditional,8,CASH-127,Cash,19,6,True,86.75,214.7,86.9,20.3,56.3,32.2,0.0,,195.7,3
TXN-CRT-001-002919,2026-07-18 18:19:31,2026-07-18,Saturday,18,True,Traditional,3,CASH-131,Cash,3,0,False,22.03,139.7,12.0,0.0,32.0,23.0,0.0,,67.0,3
TXN-CRT-001-002920,2026-07-18 18:21:54,2026-07-18,Saturday,18,True,Traditional,5,CASH-116,Cash,16,6,True,111.45,113.2,83.7,32.5,64.7,15.0,0.0,,195.9,4
TXN-CRT-001-002921,2026-07-18 18:25:00,2026-07-18,Saturday,18,True,Traditional,2,CASH-109,Card (Local),36,5,True,171.83,134.4,188.7,30.4,31.0,38.4,0.0,,288.5,3
TXN-CRT-001-002922,2026-07-18 18:28:14,2026-07-18,Saturday,18,True,Traditional,2,CASH-124,Card (Local),8,4,True,29.52,21.6,41.0,17.8,33.2,26.5,0.0,,118.5,4
TXN-CRT-001-002923,2026-07-18 18:30:47,2026-07-18,Saturday,18,True,Traditional,7,CASH-118,Cash,13,3,True,93.87,146.9,80.9,42.4,35.2,25.0,0.0,,183.5,3
TXN-CRT-001-002924,2026-07-18 18:31:09,2026-07-18,Saturday,18,True,Traditional,6,CASH-126,Cash,43,12,True,363.86,41.8,316.7,30.3,50.4,23.3,0.0,,420.8,4
TXN-CRT-001-002925,2026-07-18 18:34:46,2026-07-18,Saturday,18,True,Traditional,1,CASH-125,Check,13,3,True,55.62,64.2,65.4,22.8,78.5,20.2,0.0,,186.9,4
TXN-CRT-001-002926,2026-07-18 18:44:48,2026-07-18,Saturday,18,True,Self-Service,9,,Cash,11,4,True,86.35,48.7,51.2,33.6,64.5,41.3,0.0,,190.6,4
TXN-CRT-001-002927,2026-07-18 18:50:41,2026-07-18,Saturday,18,True,Traditional,5,CASH-102,Flous (Mobile),14,2,True,92.21,124.7,94.8,21.4,31.2,38.8,0.0,,186.1,3
TXN-CRT-001-002928,2026-07-18 18:53:14,2026-07-18,Saturday,18,True,Express (<10 items),13,CASH-143,Flous (Mobile),16,1,True,69.44,3.3,44.7,35.5,30.1,35.0,0.0,,145.4,4
TXN-CRT-001-002929,2026-07-18 19:13:00,2026-07-18,Saturday,19,True,Traditional,1,CASH-101,Card (International),20,4,True,56.99,18.8,139.2,36.0,26.2,29.8,0.0,,231.1,4
TXN-CRT-001-002930,2026-07-18 19:21:11,2026-07-18,Saturday,19,True,Traditional,7,CASH-112,Cash,29,10,True,220.16,134.2,212.9,24.9,63.6,27.8,0.0,,329.2,3
TXN-CRT-001-002931,2026-07-18 19:32:03,2026-07-18,Saturday,19,True,Traditional,7,CASH-131,Flous (Mobile),14,5,True,107.13,29.1,47.4,31.7,31.1,39.0,108.8,Item return/exchange,258.0,3
TXN-CRT-001-002932,2026-07-18 19:35:41,2026-07-18,Saturday,19,True,Traditional,2,CASH-114,Card (International),30,8,True,301.58,121.6,145.9,28.9,40.0,32.8,0.0,,247.6,3
TXN-CRT-001-002933,2026-07-18 19:38:12,2026-07-18,Saturday,19,True,Traditional,8,CASH-132,Card (Local),17,4,True,129.02,27.9,61.9,18.7,34.4,23.9,0.0,,138.9,4
TXN-CRT-001-002934,2026-07-18 19:44:12,2026-07-18,Saturday,19,True,Traditional,8,CASH-109,Cash,11,1,True,42.98,40.5,44.5,15.2,27.9,32.2,0.0,,119.7,4
TXN-CRT-001-002935,2026-07-18 19:44:46,2026-07-18,Saturday,19,True,Traditional,2,CASH-114,Cash,21,7,True,164.81,167.8,60.1,30.8,47.4,33.8,0.0,,172.1,3
TXN-CRT-001-002936,2026-07-18 19:46:05,2026-07-18,Saturday,19,True,Traditional,3,CASH-102,Cash,24,8,True,158.47,87.2,144.4,41.1,49.7,22.9,0.0,,258.0,3
TXN-CRT-001-002937,2026-07-18 19:46:52,2026-07-18,Saturday,19,True,Traditional,5,CASH-124,Cash,17,5,True,63.88,57.3,50.3,17.4,40.9,35.3,62.8,Barcode not scanning,206.7,3
TXN-CRT-001-002938,2026-07-18 19:49:41,2026-07-18,Saturday,19,True,Traditional,1,CASH-130,Card (Local),3,1,True,7.51,73.0,9.2,25.3,32.7,19.2,0.0,,86.5,3
TXN-CRT-001-002939,2026-07-18 19:50:28,2026-07-18,Saturday,19,True,Express (<10 items),12,CASH-137,Cash,7,4,True,35.55,104.3,35.8,15.3,42.2,17.4,176.0,Price check required,286.7,3
TXN-CRT-001-002940,2026-07-18 19:54:28,2026-07-18,Saturday,19,True,Traditional,7,CASH-110,Cash,10,4,True,38.27,54.9,48.0,34.8,34.0,23.1,0.0,,139.9,4
TXN-CRT-001-002941,2026-07-18 19:55:43,2026-07-18,Saturday,19,True,Traditional,8,CASH-108,Cash,9,3,True,34.05,77.4,61.5,20.1,34.7,31.3,129.4,Price check required,277.1,3
TXN-CRT-001-002942,2026-07-18 19:57:49,2026-07-18,Saturday,19,True,Traditional,3,CASH-126,Card (Local),22,5,True,127.25,217.6,74.4,40.5,29.1,29.0,0.0,,173.0,3
TXN-CRT-001-002943,2026-07-18 19:59:54,2026-07-18,Saturday,19,True,Traditional,2,CASH-128,Flous (Mobile),1,0,False,4.58,20.1,6.7,0.0,26.2,16.9,0.0,,49.8,4
TXN-CRT-001-002944,2026-07-18 20:04:10,2026-07-18,Saturday,20,True,Traditional,5,CASH-112,Cash,26,7,True,195.69,56.9,101.0,33.5,29.1,32.6,0.0,,196.3,4
TXN-CRT-001-002945,2026-07-18 20:05:36,2026-07-18,Saturday,20,True,Traditional,2,CASH-125,Cash,9,2,True,56.49,33.6,24.1,29.0,32.1,27.3,141.4,Barcode not scanning,253.9,3
TXN-CRT-001-002946,2026-07-18 20:12:36,2026-07-18,Saturday,20,True,Traditional,8,CASH-125,Cash,10,2,True,41.08,23.5,27.4,36.4,72.8,15.2,0.0,,151.8,4
TXN-CRT-001-002947,2026-07-18 20:19:13,2026-07-18,Saturday,20,True,Traditional,5,CASH-134,Card (Local),16,4,True,112.99,56.4,111.7,35.7,33.1,23.8,0.0,,204.2,4
TXN-CRT-001-002948,2026-07-18 20:22:22,2026-07-18,Saturday,20,True,Traditional,7,CASH-112,Card (Local),8,2,True,26.55,24.0,28.3,15.8,34.2,32.8,0.0,,111.1,4
TXN-CRT-001-002949,2026-07-18 20:23:33,2026-07-18,Saturday,20,True,Traditional,2,CASH-131,Flous (Mobile),37,9,True,147.03,20.9,152.7,17.0,26.2,35.8,0.0,,231.8,4
TXN-CRT-001-002950,2026-07-18 20:29:50,2026-07-18,Saturday,20,True,Express (<10 items),12,CASH-139,Cash,4,0,False,27.2,27.7,27.2,0.0,26.8,37.4,0.0,,91.3,4
TXN-CRT-001-002951,2026-07-18 20:34:30,2026-07-18,Saturday,20,True,Traditional,6,CASH-117,Check,14,5,True,70.27,75.7,91.7,43.4,45.0,20.5,0.0,,200.7,4
TXN-CRT-001-002952,2026-07-18 20:37:46,2026-07-18,Saturday,20,True,Traditional,3,CASH-111,Cash,33,8,True,231.72,71.5,180.1,28.3,27.8,36.6,0.0,,272.8,4
TXN-CRT-001-002953,2026-07-18 20:39:03,2026-07-18,Saturday,20,True,Traditional,7,CASH-134,Card (Local),19,2,True,80.61,46.9,136.5,38.8,23.0,15.0,0.0,,213.3,4
TXN-CRT-001-002954,2026-07-18 20:39:27,2026-07-18,Saturday,20,True,Traditional,7,CASH-104,Cash,10,2,True,28.49,14.7,56.9,21.0,53.4,32.0,0.0,,163.3,4
TXN-CRT-001-002955,2026-07-18 20:45:31,2026-07-18,Saturday,20,True,Self-Service,10,,Flous (Mobile),13,5,True,95.05,13.9,83.5,34.0,33.2,35.5,0.0,,186.2,4
TXN-CRT-001-002956,2026-07-18 20:51:55,2026-07-18,Saturday,20,True,Traditional,7,CASH-117,Card (Local),23,7,True,79.36,65.8,112.8,21.0,28.3,29.7,0.0,,191.8,3
TXN-CRT-001-002957,2026-07-18 20:56:47,2026-07-18,Saturday,20,True,Traditional,4,CASH-111,Card (Local),47,10,True,235.43,29.9,122.1,15.3,31.5,22.5,0.0,,191.4,4
TXN-CRT-001-002958,2026-07-18 20:58:35,2026-07-18,Saturday,20,True,Self-Service,11,,Flous (Mobile),38,14,True,244.7,59.3,380.1,29.4,28.6,27.2,0.0,,465.3,4
TXN-CRT-001-002959,2026-07-18 21:12:26,2026-07-18,Saturday,21,True,Traditional,7,CASH-126,Cash,11,1,True,33.23,53.7,49.0,15.2,66.5,15.4,0.0,,146.1,4
TXN-CRT-001-002960,2026-07-18 21:21:41,2026-07-18,Saturday,21,True,Traditional,8,CASH-135,Cash,50,18,True,240.34,7.6,317.1,42.1,43.5,36.1,0.0,,438.8,4
TXN-CRT-001-002961,2026-07-18 21:28:59,2026-07-18,Saturday,21,True,Traditional,5,CASH-121,Flous (Mobile),1,0,False,6.92,135.9,5.9,0.0,34.4,22.3,0.0,,62.5,3
TXN-CRT-001-002962,2026-07-18 21:50:15,2026-07-18,Saturday,21,True,Traditional,7,CASH-119,Cash,2,0,False,10.52,13.7,7.9,0.0,33.1,17.4,0.0,,58.4,4
TXN-CRT-001-002963,2026-07-18 21:51:28,2026-07-18,Saturday,21,True,Traditional,5,CASH-119,Cash,30,7,True,148.25,41.5,171.8,32.9,32.0,19.2,0.0,,256.0,4
TXN-CRT-001-002964,2026-07-18 21:56:27,2026-07-18,Saturday,21,True,Express (<10 items),12,CASH-142,Cash,7,1,True,38.13,16.5,43.0,30.7,71.6,15.2,0.0,,160.4,4
TXN-CRT-001-002965,2026-07-19 08:01:41,2026-07-19,Sunday,8,False,Self-Service,10,,Card (Local),3,1,True,23.42,29.3,29.6,45.7,25.8,30.3,0.0,,131.3,4
TXN-CRT-001-002966,2026-07-19 08:11:26,2026-07-19,Sunday,8,False,Traditional,6,CASH-101,Cash,8,3,True,23.77,32.3,49.7,42.7,44.5,37.6,0.0,,174.6,4
TXN-CRT-001-002967,2026-07-19 08:26:47,2026-07-19,Sunday,8,False,Traditional,5,CASH-126,Cash,13,5,True,47.24,35.0,55.5,15.6,45.1,37.1,0.0,,153.4,4
TXN-CRT-001-002968,2026-07-19 08:27:55,2026-07-19,Sunday,8,False,Traditional,6,CASH-133,Cash,24,5,True,96.65,42.4,139.4,35.2,70.4,30.7,0.0,,275.7,4
TXN-CRT-001-002969,2026-07-19 08:41:23,2026-07-19,Sunday,8,False,Express (<10 items),12,CASH-144,Cash,20,5,True,57.14,155.8,68.3,27.9,46.2,37.0,0.0,,179.5,3
TXN-CRT-001-002970,2026-07-19 09:12:56,2026-07-19,Sunday,9,False,Traditional,2,CASH-122,Flous (Mobile),8,1,True,30.07,22.7,42.3,37.8,30.0,38.9,163.2,Barcode not scanning,312.2,2
TXN-CRT-001-002971,2026-07-19 09:19:36,2026-07-19,Sunday,9,False,Traditional,2,CASH-133,Check,15,1,True,77.21,77.7,100.9,43.4,89.0,17.0,64.1,Item return/exchange,314.3,2
TXN-CRT-001-002972,2026-07-19 09:32:10,2026-07-19,Sunday,9,False,Traditional,3,CASH-116,Card (Local),42,11,True,258.18,112.6,176.3,23.5,24.4,22.4,0.0,,246.6,4
TXN-CRT-001-002973,2026-07-19 09:44:22,2026-07-19,Sunday,9,False,Traditional,3,CASH-110,Cash,30,4,True,251.86,72.0,192.8,36.7,60.5,33.7,0.0,,323.6,3
TXN-CRT-001-002974,2026-07-19 09:47:18,2026-07-19,Sunday,9,False,Traditional,1,CASH-105,Flous (Mobile),10,3,True,68.91,128.6,70.3,43.1,38.8,23.4,74.5,Promo code issue,250.1,2
TXN-CRT-001-002975,2026-07-19 09:51:00,2026-07-19,Sunday,9,False,Traditional,8,CASH-105,Cash,48,12,True,187.86,72.5,208.4,15.5,53.0,16.3,0.0,,293.1,3
TXN-CRT-001-002976,2026-07-19 09:55:01,2026-07-19,Sunday,9,False,Traditional,6,CASH-115,Cash,23,4,True,123.52,70.9,128.5,15.6,46.3,29.6,0.0,,219.9,3
TXN-CRT-001-002977,2026-07-19 10:05:25,2026-07-19,Sunday,10,False,Traditional,4,CASH-113,Flous (Mobile),3,1,True,17.91,114.8,10.4,24.5,38.2,21.4,0.0,,94.5,4
TXN-CRT-001-002978,2026-07-19 10:08:40,2026-07-19,Sunday,10,False,Traditional,7,CASH-103,Card (International),2,0,False,8.52,63.8,11.9,0.0,39.8,20.1,0.0,,71.8,4
TXN-CRT-001-002979,2026-07-19 10:10:15,2026-07-19,Sunday,10,False,Traditional,1,CASH-118,Card (Local),7,1,True,29.1,113.0,18.8,38.5,18.4,28.0,0.0,,103.8,4
TXN-CRT-001-002980,2026-07-19 10:13:47,2026-07-19,Sunday,10,False,Express (<10 items),13,CASH-140,Card (Local),24,8,True,150.9,63.7,98.2,18.5,30.1,31.6,0.0,,178.3,3
TXN-CRT-001-002981,2026-07-19 10:31:06,2026-07-19,Sunday,10,False,Traditional,2,CASH-109,Cash,7,2,True,19.54,111.6,22.8,20.9,25.3,22.4,0.0,,91.4,4
TXN-CRT-001-002982,2026-07-19 10:48:15,2026-07-19,Sunday,10,False,Traditional,2,CASH-107,Cash,16,2,True,96.52,146.0,102.7,15.4,33.7,19.2,0.0,,171.0,3
TXN-CRT-001-002983,2026-07-19 10:49:34,2026-07-19,Sunday,10,False,Traditional,8,CASH-131,Card (Local),4,1,True,24.34,37.4,28.3,34.8,19.4,21.4,0.0,,103.9,4
TXN-CRT-001-002984,2026-07-19 10:50:33,2026-07-19,Sunday,10,False,Traditional,2,CASH-121,Cash,41,8,True,174.84,33.0,188.9,44.8,52.3,37.7,0.0,,323.7,3
TXN-CRT-001-002985,2026-07-19 11:02:29,2026-07-19,Sunday,11,False,Traditional,7,CASH-114,Cash,11,4,True,77.23,128.4,78.4,29.8,38.3,15.8,0.0,,162.3,3
TXN-CRT-001-002986,2026-07-19 11:04:07,2026-07-19,Sunday,11,False,Express (<10 items),12,CASH-140,Card (International),40,10,True,279.1,110.1,276.2,16.1,44.3,21.7,0.0,,358.3,3
TXN-CRT-001-002987,2026-07-19 11:06:00,2026-07-19,Sunday,11,False,Traditional,4,CASH-135,Card (International),44,11,True,330.02,9.0,135.0,20.6,30.1,33.9,0.0,,219.6,4
TXN-CRT-001-002988,2026-07-19 11:06:38,2026-07-19,Sunday,11,False,Traditional,7,CASH-123,Cash,1,1,True,7.68,59.9,4.5,33.9,30.2,34.0,0.0,,102.6,4
TXN-CRT-001-002989,2026-07-19 11:16:23,2026-07-19,Sunday,11,False,Traditional,4,CASH-127,Card (International),14,4,True,48.8,166.9,97.3,31.3,45.0,25.6,0.0,,199.2,3
TXN-CRT-001-002990,2026-07-19 11:30:41,2026-07-19,Sunday,11,False,Self-Service,10,,Flous (Mobile),1,0,False,6.59,18.7,8.4,0.0,22.7,21.8,0.0,,53.0,4
TXN-CRT-001-002991,2026-07-19 11:31:19,2026-07-19,Sunday,11,False,Traditional,6,CASH-117,Card (Local),40,8,True,124.69,16.3,176.6,26.6,30.3,35.9,0.0,,269.3,4
TXN-CRT-001-002992,2026-07-19 11:32:44,2026-07-19,Sunday,11,False,Traditional,4,CASH-123,Cash,16,6,True,56.25,28.4,70.1,28.9,65.8,24.6,0.0,,189.4,4
TXN-CRT-001-002993,2026-07-19 11:36:43,2026-07-19,Sunday,11,False,Traditional,7,CASH-101,Cash,3,0,False,8.39,35.4,8.2,0.0,38.1,23.8,0.0,,70.1,4
TXN-CRT-001-002994,2026-07-19 11:39:45,2026-07-19,Sunday,11,False,Traditional,3,CASH-119,Cash,5,1,True,38.87,10.8,14.4,41.0,69.3,22.6,0.0,,147.4,4
TXN-CRT-001-002995,2026-07-19 11:53:22,2026-07-19,Sunday,11,False,Traditional,2,CASH-120,Cash,12,4,True,58.49,18.9,79.7,32.2,53.2,23.9,0.0,,189.0,4
TXN-CRT-001-002996,2026-07-19 11:53:48,2026-07-19,Sunday,11,False,Self-Service,11,,Cash,44,12,True,249.95,9.8,530.7,32.2,25.4,35.6,0.0,,624.0,3
TXN-CRT-001-002997,2026-07-19 12:02:48,2026-07-19,Sunday,12,False,Traditional,5,CASH-127,Cash,23,7,True,251.31,58.5,145.4,18.2,36.9,31.9,0.0,,232.5,4
TXN-CRT-001-002998,2026-07-19 12:03:37,2026-07-19,Sunday,12,False,Traditional,6,CASH-111,Cash,35,10,True,130.72,57.6,207.1,19.2,37.3,38.5,0.0,,302.1,3
TXN-CRT-001-002999,2026-07-19 12:03:42,2026-07-19,Sunday,12,False,Traditional,6,CASH-117,Flous (Mobile),12,4,True,84.84,129.2,73.5,37.8,26.7,29.1,0.0,,167.2,3
TXN-CRT-001-003000,2026-07-19 12:03:57,2026-07-19,Sunday,12,False,Self-Service,11,,Cash,2,1,True,6.85,62.0,28.1,60.5,26.8,30.5,0.0,,145.8,3
TXN-CRT-001-003001,2026-07-19 12:09:25,2026-07-19,Sunday,12,False,Traditional,1,CASH-102,Card (Local),48,13,True,341.35,76.6,169.2,33.1,35.0,16.1,0.0,,253.4,4
TXN-CRT-001-003002,2026-07-19 12:10:05,2026-07-19,Sunday,12,False,Traditional,7,CASH-120,Card (Local),1,0,False,6.84,82.5,3.5,0.0,34.5,27.2,0.0,,65.2,3
TXN-CRT-001-003003,2026-07-19 12:13:49,2026-07-19,Sunday,12,False,Traditional,8,CASH-119,Cash,44,11,True,161.14,21.9,271.5,31.2,65.6,20.7,0.0,,389.0,4
TXN-CRT-001-003004,2026-07-19 12:22:30,2026-07-19,Sunday,12,False,Traditional,1,CASH-107,Flous (Mobile),12,4,True,32.42,19.5,47.4,18.1,28.6,26.9,0.0,,121.0,4
TXN-CRT-001-003005,2026-07-19 12:24:04,2026-07-19,Sunday,12,False,Traditional,1,CASH-126,Card (Local),1,1,True,4.23,16.8,5.5,35.9,32.8,29.5,0.0,,103.7,4
TXN-CRT-001-003006,2026-07-19 12:30:28,2026-07-19,Sunday,12,False,Traditional,1,CASH-114,Cash,22,4,True,150.3,35.3,135.8,24.9,67.2,37.0,0.0,,264.9,4
TXN-CRT-001-003007,2026-07-19 12:31:19,2026-07-19,Sunday,12,False,Self-Service,11,,Card (International),48,11,True,290.67,32.9,207.0,58.5,44.0,30.5,0.0,,340.0,3
TXN-CRT-001-003008,2026-07-19 12:39:53,2026-07-19,Sunday,12,False,Traditional,5,CASH-106,Cash,47,16,True,415.74,52.8,123.3,28.1,72.2,39.9,0.0,,263.4,4
TXN-CRT-001-003009,2026-07-19 12:42:55,2026-07-19,Sunday,12,False,Traditional,3,CASH-128,Card (Local),6,2,True,44.46,87.1,22.4,28.6,25.4,20.2,0.0,,96.6,4
TXN-CRT-001-003010,2026-07-19 12:44:14,2026-07-19,Sunday,12,False,Traditional,5,CASH-125,Cash,7,1,True,25.42,76.5,26.1,38.2,71.3,22.9,0.0,,158.5,4
TXN-CRT-001-003011,2026-07-19 12:47:46,2026-07-19,Sunday,12,False,Traditional,5,CASH-119,Flous (Mobile),18,5,True,118.28,32.7,82.2,27.7,26.3,37.9,0.0,,174.1,4
TXN-CRT-001-003012,2026-07-19 12:50:51,2026-07-19,Sunday,12,False,Traditional,3,CASH-107,Cash,20,10,True,65.47,27.9,106.3,20.4,45.4,19.1,0.0,,191.3,4
TXN-CRT-001-003013,2026-07-19 12:53:54,2026-07-19,Sunday,12,False,Traditional,1,CASH-132,Card (Local),25,8,True,109.35,31.0,83.4,22.9,21.9,33.9,0.0,,162.1,4
TXN-CRT-001-003014,2026-07-19 13:04:47,2026-07-19,Sunday,13,False,Traditional,5,CASH-104,Cash,7,2,True,18.94,34.6,47.7,33.5,53.5,39.7,0.0,,174.4,4
TXN-CRT-001-003015,2026-07-19 13:21:05,2026-07-19,Sunday,13,False,Traditional,7,CASH-104,Card (Local),46,9,True,399.7,12.8,208.3,24.6,31.7,17.7,0.0,,282.3,4
TXN-CRT-001-003016,2026-07-19 13:26:44,2026-07-19,Sunday,13,False,Traditional,7,CASH-104,Card (International),20,7,True,157.5,62.7,56.3,22.0,29.8,37.3,0.0,,145.4,4
TXN-CRT-001-003017,2026-07-19 13:29:22,2026-07-19,Sunday,13,False,Traditional,5,CASH-115,Cash,33,8,True,166.07,167.5,190.1,21.9,72.5,34.5,0.0,,319.0,2
TXN-CRT-001-003018,2026-07-19 13:34:36,2026-07-19,Sunday,13,False,Traditional,7,CASH-115,Card (Local),17,6,True,46.91,50.7,111.4,31.4,28.9,33.7,83.1,Item return/exchange,288.6,3
TXN-CRT-001-003019,2026-07-19 13:37:57,2026-07-19,Sunday,13,False,Traditional,7,CASH-129,Cash,13,2,True,59.51,52.5,73.3,32.5,48.5,15.2,0.0,,169.5,4
TXN-CRT-001-003020,2026-07-19 13:38:49,2026-07-19,Sunday,13,False,Traditional,8,CASH-102,Flous (Mobile),48,8,True,318.66,69.5,164.7,22.1,35.0,26.0,0.0,,247.8,4
TXN-CRT-001-003021,2026-07-19 13:39:15,2026-07-19,Sunday,13,False,Traditional,7,CASH-117,Cash,18,4,True,110.66,18.5,64.4,22.5,27.3,20.4,179.3,Supervisor approval needed,313.8,3
TXN-CRT-001-003022,2026-07-19 13:40:01,2026-07-19,Sunday,13,False,Traditional,1,CASH-129,Flous (Mobile),35,7,True,228.47,28.7,137.8,20.7,37.2,27.0,0.0,,222.6,4
TXN-CRT-001-003023,2026-07-19 13:41:29,2026-07-19,Sunday,13,False,Traditional,6,CASH-118,Card (International),45,13,True,196.68,31.4,210.9,31.8,35.4,16.6,0.0,,294.8,4
TXN-CRT-001-003024,2026-07-19 13:45:54,2026-07-19,Sunday,13,False,Traditional,7,CASH-109,Cash,22,9,True,124.38,17.7,86.6,26.5,69.8,15.6,0.0,,198.5,4
TXN-CRT-001-003025,2026-07-19 13:49:03,2026-07-19,Sunday,13,False,Traditional,5,CASH-108,Cash,17,5,True,63.41,144.9,81.7,29.4,64.6,20.7,0.0,,196.4,3
TXN-CRT-001-003026,2026-07-19 13:54:49,2026-07-19,Sunday,13,False,Traditional,3,CASH-109,Cash,1,1,True,3.06,85.3,3.1,39.7,41.2,23.7,0.0,,107.8,4
TXN-CRT-001-003027,2026-07-19 13:57:40,2026-07-19,Sunday,13,False,Express (<10 items),12,CASH-136,Flous (Mobile),2,0,False,7.51,53.8,12.8,0.0,38.7,19.8,0.0,,71.4,4
TXN-CRT-001-003028,2026-07-19 13:59:34,2026-07-19,Sunday,13,False,Traditional,5,CASH-128,Cash,7,3,True,24.21,38.0,44.7,30.4,41.3,19.4,0.0,,135.8,4
TXN-CRT-001-003029,2026-07-19 14:01:05,2026-07-19,Sunday,14,False,Traditional,6,CASH-126,Card (Local),7,3,True,24.49,55.7,34.1,36.8,18.2,36.7,0.0,,125.8,4
TXN-CRT-001-003030,2026-07-19 14:01:20,2026-07-19,Sunday,14,False,Traditional,7,CASH-102,Card (International),9,3,True,41.25,35.4,49.7,21.7,29.9,18.1,0.0,,119.4,4
TXN-CRT-001-003031,2026-07-19 14:04:20,2026-07-19,Sunday,14,False,Traditional,6,CASH-124,Cash,10,2,True,78.51,42.0,43.3,30.2,74.8,17.6,0.0,,165.9,4
TXN-CRT-001-003032,2026-07-19 14:08:20,2026-07-19,Sunday,14,False,Traditional,8,CASH-133,Card (Local),12,3,True,82.58,52.7,56.0,30.6,34.5,37.3,0.0,,158.3,4
TXN-CRT-001-003033,2026-07-19 14:09:40,2026-07-19,Sunday,14,False,Traditional,8,CASH-102,Cash,13,4,True,43.82,44.0,49.7,17.1,59.2,15.9,0.0,,141.9,4
TXN-CRT-001-003034,2026-07-19 14:27:36,2026-07-19,Sunday,14,False,Traditional,6,CASH-135,Cash,4,0,False,26.12,52.2,12.6,0.0,39.2,25.1,0.0,,76.9,4
TXN-CRT-001-003035,2026-07-19 14:37:25,2026-07-19,Sunday,14,False,Traditional,1,CASH-121,Card (International),2,1,True,7.8,11.2,10.6,38.5,35.8,26.7,0.0,,111.5,4
TXN-CRT-001-003036,2026-07-19 14:48:01,2026-07-19,Sunday,14,False,Traditional,8,CASH-127,Cash,22,9,True,200.42,18.8,96.5,42.8,65.6,26.4,0.0,,231.4,4
TXN-CRT-001-003037,2026-07-19 14:50:30,2026-07-19,Sunday,14,False,Traditional,5,CASH-101,Cash,17,4,True,68.99,35.3,79.4,21.0,38.1,19.9,0.0,,158.4,4
TXN-CRT-001-003038,2026-07-19 15:14:27,2026-07-19,Sunday,15,False,Express (<10 items),13,CASH-138,Flous (Mobile),14,4,True,44.72,40.5,38.3,19.0,23.0,33.5,0.0,,113.8,4
TXN-CRT-001-003039,2026-07-19 15:21:55,2026-07-19,Sunday,15,False,Traditional,4,CASH-107,Cash,20,6,True,83.47,40.5,149.6,24.2,25.3,20.7,0.0,,219.8,4
TXN-CRT-001-003040,2026-07-19 15:26:17,2026-07-19,Sunday,15,False,Traditional,4,CASH-132,Check,31,9,True,200.76,74.9,177.0,38.6,51.5,29.2,0.0,,296.3,4
TXN-CRT-001-003041,2026-07-19 15:28:26,2026-07-19,Sunday,15,False,Traditional,1,CASH-104,Check,13,3,True,90.0,60.2,58.6,29.7,52.8,19.6,0.0,,160.7,4
TXN-CRT-001-003042,2026-07-19 15:33:37,2026-07-19,Sunday,15,False,Express (<10 items),13,CASH-144,Cash,20,7,True,117.04,67.0,115.9,31.6,29.8,36.9,0.0,,214.2,3
TXN-CRT-001-003043,2026-07-19 15:36:40,2026-07-19,Sunday,15,False,Traditional,3,CASH-133,Cash,45,11,True,238.78,30.9,219.4,18.9,59.9,30.9,0.0,,329.2,4
TXN-CRT-001-003044,2026-07-19 15:42:19,2026-07-19,Sunday,15,False,Traditional,4,CASH-133,Card (Local),32,4,True,177.13,21.7,205.0,18.1,19.3,23.6,0.0,,266.0,4
TXN-CRT-001-003045,2026-07-19 15:43:24,2026-07-19,Sunday,15,False,Traditional,6,CASH-101,Cash,13,5,True,63.2,43.2,70.2,26.0,50.2,21.2,0.0,,167.5,4
TXN-CRT-001-003046,2026-07-19 15:53:13,2026-07-19,Sunday,15,False,Traditional,5,CASH-129,Cash,20,6,True,79.44,81.1,58.8,26.9,28.2,16.3,0.0,,130.2,3
TXN-CRT-001-003047,2026-07-19 16:01:41,2026-07-19,Sunday,16,False,Traditional,7,CASH-110,Card (Local),7,3,True,46.2,140.8,35.1,17.2,30.3,34.0,0.0,,116.6,3
TXN-CRT-001-003048,2026-07-19 16:11:24,2026-07-19,Sunday,16,False,Traditional,7,CASH-118,Cash,17,2,True,110.73,31.7,43.6,30.3,40.5,39.9,0.0,,154.3,4
TXN-CRT-001-003049,2026-07-19 16:20:53,2026-07-19,Sunday,16,False,Traditional,3,CASH-110,Flous (Mobile),48,7,True,315.4,140.6,219.3,35.7,25.0,27.7,134.2,Supervisor approval needed,442.0,1
TXN-CRT-001-003050,2026-07-19 16:23:35,2026-07-19,Sunday,16,False,Traditional,3,CASH-104,Cash,16,7,True,78.48,19.6,87.0,27.5,51.9,19.3,0.0,,185.7,4
TXN-CRT-001-003051,2026-07-19 16:26:07,2026-07-19,Sunday,16,False,Traditional,7,CASH-131,Cash,42,8,True,270.03,12.3,156.1,33.3,36.1,31.2,0.0,,256.7,4
TXN-CRT-001-003052,2026-07-19 16:31:09,2026-07-19,Sunday,16,False,Traditional,6,CASH-122,Cash,13,5,True,77.19,39.5,73.7,21.7,62.8,16.4,0.0,,174.7,4
TXN-CRT-001-003053,2026-07-19 16:36:30,2026-07-19,Sunday,16,False,Traditional,5,CASH-116,Check,50,15,True,397.97,21.8,163.8,43.8,49.2,26.2,0.0,,283.0,4
TXN-CRT-001-003054,2026-07-19 16:42:16,2026-07-19,Sunday,16,False,Traditional,1,CASH-102,Card (Local),18,5,True,110.53,27.7,53.7,27.8,23.9,29.8,0.0,,135.2,4
TXN-CRT-001-003055,2026-07-19 16:51:20,2026-07-19,Sunday,16,False,Traditional,2,CASH-129,Card (International),2,0,False,11.05,95.4,12.7,0.0,39.8,33.2,0.0,,85.7,3
TXN-CRT-001-003056,2026-07-19 16:57:40,2026-07-19,Sunday,16,False,Express (<10 items),13,CASH-143,Cash,18,5,True,106.88,89.2,112.5,28.2,56.6,35.4,0.0,,232.6,3
TXN-CRT-001-003057,2026-07-19 17:01:53,2026-07-19,Sunday,17,False,Traditional,6,CASH-110,Cash,9,4,True,31.28,60.3,61.2,17.6,46.6,37.2,0.0,,162.6,3
TXN-CRT-001-003058,2026-07-19 17:11:35,2026-07-19,Sunday,17,False,Traditional,6,CASH-110,Cash,2,0,False,10.19,56.8,12.8,0.0,33.0,39.8,0.0,,85.6,4
TXN-CRT-001-003059,2026-07-19 17:11:38,2026-07-19,Sunday,17,False,Traditional,4,CASH-125,Cash,30,7,True,157.57,27.3,133.3,31.6,28.2,29.4,0.0,,222.5,4
TXN-CRT-001-003060,2026-07-19 17:20:29,2026-07-19,Sunday,17,False,Express (<10 items),12,CASH-145,Card (Local),9,2,True,60.83,43.6,20.0,36.1,19.3,18.8,0.0,,94.2,4
TXN-CRT-001-003061,2026-07-19 17:24:21,2026-07-19,Sunday,17,False,Traditional,1,CASH-128,Card (Local),28,4,True,152.18,38.1,70.1,23.8,19.8,39.6,0.0,,153.4,4
TXN-CRT-001-003062,2026-07-19 17:25:04,2026-07-19,Sunday,17,False,Traditional,7,CASH-126,Cash,10,4,True,46.1,15.2,26.9,31.9,62.9,18.2,0.0,,139.8,4
TXN-CRT-001-003063,2026-07-19 17:30:45,2026-07-19,Sunday,17,False,Traditional,3,CASH-129,Check,7,3,True,54.45,157.5,28.3,24.9,49.3,35.4,0.0,,137.9,3
TXN-CRT-001-003064,2026-07-19 17:41:34,2026-07-19,Sunday,17,False,Traditional,3,CASH-115,Cash,47,21,True,253.34,38.9,346.7,27.8,28.5,38.2,0.0,,441.1,3
TXN-CRT-001-003065,2026-07-19 17:49:37,2026-07-19,Sunday,17,False,Traditional,2,CASH-118,Check,12,3,True,85.91,20.2,37.8,28.6,88.4,15.6,0.0,,170.4,4
TXN-CRT-001-003066,2026-07-19 17:49:45,2026-07-19,Sunday,17,False,Traditional,3,CASH-121,Cash,19,6,True,75.45,13.7,119.5,33.3,57.5,23.3,66.0,Promo code issue,299.7,3
TXN-CRT-001-003067,2026-07-19 17:56:46,2026-07-19,Sunday,17,False,Traditional,3,CASH-134,Cash,19,3,True,127.34,70.0,101.6,32.5,46.3,34.3,0.0,,214.7,4
TXN-CRT-001-003068,2026-07-19 17:58:52,2026-07-19,Sunday,17,False,Express (<10 items),13,CASH-142,Cash,17,5,True,78.97,148.6,99.6,22.5,36.0,37.2,0.0,,195.3,3
TXN-CRT-001-003069,2026-07-19 18:05:49,2026-07-19,Sunday,18,False,Traditional,3,CASH-104,Cash,41,11,True,205.31,181.0,247.7,35.3,48.8,35.9,0.0,,367.6,2
TXN-CRT-001-003070,2026-07-19 18:07:14,2026-07-19,Sunday,18,False,Traditional,8,CASH-106,Card (Local),22,8,True,211.21,45.9,140.9,42.2,26.6,23.8,0.0,,233.6,4
TXN-CRT-001-003071,2026-07-19 18:09:03,2026-07-19,Sunday,18,False,Traditional,7,CASH-121,Cash,13,5,True,76.8,39.0,61.9,36.4,69.5,24.1,0.0,,191.9,4
TXN-CRT-001-003072,2026-07-19 18:17:17,2026-07-19,Sunday,18,False,Traditional,8,CASH-103,Cash,35,13,True,205.7,53.2,194.1,43.9,50.3,25.3,0.0,,313.7,4
TXN-CRT-001-003073,2026-07-19 18:20:34,2026-07-19,Sunday,18,False,Traditional,8,CASH-103,Card (Local),7,3,True,27.76,52.3,41.3,39.1,33.5,19.8,0.0,,133.8,4
TXN-CRT-001-003074,2026-07-19 18:32:49,2026-07-19,Sunday,18,False,Traditional,5,CASH-134,Card (Local),17,6,True,115.69,7.5,88.5,32.0,20.8,34.0,0.0,,175.3,4
TXN-CRT-001-003075,2026-07-19 18:33:25,2026-07-19,Sunday,18,False,Traditional,7,CASH-124,Flous (Mobile),45,7,True,238.9,35.2,197.4,23.5,25.4,23.1,0.0,,269.3,4
TXN-CRT-001-003076,2026-07-19 18:35:13,2026-07-19,Sunday,18,False,Self-Service,9,,Cash,20,7,True,143.39,63.1,217.7,48.2,74.3,44.4,0.0,,384.6,3
TXN-CRT-001-003077,2026-07-19 18:36:52,2026-07-19,Sunday,18,False,Express (<10 items),13,CASH-144,Card (Local),30,8,True,219.72,72.6,135.9,31.7,33.5,37.8,0.0,,238.9,4
TXN-CRT-001-003078,2026-07-19 18:42:35,2026-07-19,Sunday,18,False,Traditional,2,CASH-121,Card (Local),21,5,True,220.57,76.5,128.4,43.9,25.4,25.3,0.0,,223.0,4
TXN-CRT-001-003079,2026-07-19 18:43:24,2026-07-19,Sunday,18,False,Traditional,7,CASH-118,Cash,32,4,True,322.45,51.8,174.3,15.1,66.7,27.7,0.0,,283.7,4
TXN-CRT-001-003080,2026-07-19 18:48:42,2026-07-19,Sunday,18,False,Express (<10 items),12,CASH-145,Cash,44,12,True,268.48,19.4,285.7,29.7,29.5,18.9,0.0,,363.8,3
TXN-CRT-001-003081,2026-07-19 18:55:45,2026-07-19,Sunday,18,False,Traditional,2,CASH-105,Cash,9,2,True,55.51,45.0,59.5,43.1,50.6,24.4,0.0,,177.6,4
TXN-CRT-001-003082,2026-07-19 18:59:07,2026-07-19,Sunday,18,False,Self-Service,9,,Cash,7,2,True,30.52,116.0,37.2,52.5,66.3,33.9,0.0,,189.9,4
TXN-CRT-001-003083,2026-07-19 19:00:21,2026-07-19,Sunday,19,False,Traditional,3,CASH-119,Cash,15,4,True,83.8,66.5,102.5,40.4,62.3,20.2,0.0,,225.4,4
TXN-CRT-001-003084,2026-07-19 19:05:36,2026-07-19,Sunday,19,False,Traditional,5,CASH-125,Cash,23,9,True,207.87,40.3,135.5,22.0,56.1,15.8,0.0,,229.5,4
TXN-CRT-001-003085,2026-07-19 19:06:38,2026-07-19,Sunday,19,False,Traditional,2,CASH-123,Card (Local),8,3,True,37.94,191.9,51.8,32.6,21.1,37.5,171.1,Barcode not scanning,314.1,2
TXN-CRT-001-003086,2026-07-19 19:06:59,2026-07-19,Sunday,19,False,Traditional,2,CASH-105,Card (Local),1,0,False,6.69,53.9,4.7,0.0,24.2,26.9,0.0,,55.8,4
TXN-CRT-001-003087,2026-07-19 19:20:33,2026-07-19,Sunday,19,False,Traditional,6,CASH-128,Check,11,2,True,80.78,44.4,39.2,19.5,43.6,15.3,0.0,,117.5,4
TXN-CRT-001-003088,2026-07-19 19:23:29,2026-07-19,Sunday,19,False,Traditional,5,CASH-132,Card (Local),47,10,True,339.84,81.2,233.9,37.4,18.1,23.5,163.4,Barcode not scanning,476.3,2
TXN-CRT-001-003089,2026-07-19 19:24:13,2026-07-19,Sunday,19,False,Traditional,7,CASH-111,Cash,23,5,True,181.36,17.7,112.6,30.7,56.3,38.9,0.0,,238.5,4
TXN-CRT-001-003090,2026-07-19 19:29:39,2026-07-19,Sunday,19,False,Traditional,1,CASH-108,Flous (Mobile),13,1,True,46.98,38.9,35.8,27.1,35.6,33.7,0.0,,132.2,4
TXN-CRT-001-003091,2026-07-19 19:30:27,2026-07-19,Sunday,19,False,Traditional,1,CASH-110,Flous (Mobile),7,4,True,52.57,45.2,46.5,27.2,39.5,31.9,81.4,Price check required,226.5,3
TXN-CRT-001-003092,2026-07-19 19:32:26,2026-07-19,Sunday,19,False,Express (<10 items),12,CASH-143,Cash,11,3,True,73.18,10.5,47.7,39.1,33.2,22.3,0.0,,142.3,4
TXN-CRT-001-003093,2026-07-19 19:32:54,2026-07-19,Sunday,19,False,Traditional,2,CASH-105,Card (Local),7,0,False,32.45,57.6,38.5,0.0,29.9,17.3,0.0,,85.8,4
TXN-CRT-001-003094,2026-07-19 19:35:17,2026-07-19,Sunday,19,False,Traditional,8,CASH-121,Check,5,1,True,37.9,72.3,17.8,37.8,84.8,35.4,0.0,,175.8,4
TXN-CRT-001-003095,2026-07-19 19:36:33,2026-07-19,Sunday,19,False,Traditional,7,CASH-110,Card (Local),40,10,True,159.36,32.5,295.0,24.8,23.7,34.8,0.0,,378.3,3
TXN-CRT-001-003096,2026-07-19 19:37:19,2026-07-19,Sunday,19,False,Traditional,8,CASH-126,Flous (Mobile),50,13,True,284.98,84.1,321.3,26.5,23.8,34.4,0.0,,406.0,3
TXN-CRT-001-003097,2026-07-19 19:38:04,2026-07-19,Sunday,19,False,Express (<10 items),13,CASH-137,Cash,6,0,False,30.1,104.4,13.4,0.0,68.6,28.7,0.0,,110.6,3
TXN-CRT-001-003098,2026-07-19 19:41:06,2026-07-19,Sunday,19,False,Traditional,3,CASH-131,Cash,3,2,True,18.14,113.4,12.2,36.1,72.6,29.7,0.0,,150.6,3
TXN-CRT-001-003099,2026-07-19 19:43:19,2026-07-19,Sunday,19,False,Traditional,4,CASH-108,Cash,11,2,True,84.01,20.0,30.3,36.1,67.7,33.1,0.0,,167.3,4
TXN-CRT-001-003100,2026-07-19 19:45:32,2026-07-19,Sunday,19,False,Traditional,2,CASH-133,Card (Local),14,0,False,108.22,56.0,71.0,0.0,30.9,27.9,46.2,Item return/exchange,176.0,3
TXN-CRT-001-003101,2026-07-19 19:50:43,2026-07-19,Sunday,19,False,Traditional,3,CASH-127,Card (International),7,0,False,46.18,77.9,18.2,0.0,35.5,20.6,0.0,,74.2,3
TXN-CRT-001-003102,2026-07-19 19:58:16,2026-07-19,Sunday,19,False,Traditional,6,CASH-131,Check,10,3,True,55.09,55.9,47.2,25.0,46.9,33.6,0.0,,152.7,4
TXN-CRT-001-003103,2026-07-19 19:59:08,2026-07-19,Sunday,19,False,Self-Service,10,,Cash,7,1,True,26.15,99.4,57.5,38.2,33.2,39.6,0.0,,168.6,4
TXN-CRT-001-003104,2026-07-19 20:03:48,2026-07-19,Sunday,20,False,Traditional,1,CASH-104,Cash,27,3,True,184.22,59.3,95.6,15.7,57.3,22.3,0.0,,190.9,4
TXN-CRT-001-003105,2026-07-19 20:09:13,2026-07-19,Sunday,20,False,Traditional,5,CASH-128,Card (International),24,5,True,150.75,19.4,172.7,35.6,27.1,19.9,0.0,,255.4,4
TXN-CRT-001-003106,2026-07-19 20:11:42,2026-07-19,Sunday,20,False,Traditional,8,CASH-133,Card (Local),20,6,True,105.02,100.7,121.3,24.9,25.5,30.3,36.1,Supervisor approval needed,238.1,3
TXN-CRT-001-003107,2026-07-19 20:26:02,2026-07-19,Sunday,20,False,Traditional,3,CASH-116,Cash,12,1,True,58.32,54.6,50.6,26.6,67.6,33.9,0.0,,178.7,4
TXN-CRT-001-003108,2026-07-19 20:44:13,2026-07-19,Sunday,20,False,Traditional,7,CASH-131,Cash,40,9,True,268.69,143.7,287.7,16.7,57.0,38.5,0.0,,400.0,3
TXN-CRT-001-003109,2026-07-19 20:46:04,2026-07-19,Sunday,20,False,Traditional,5,CASH-109,Card (International),47,11,True,363.97,19.5,320.4,44.3,36.1,16.8,0.0,,417.6,3
TXN-CRT-001-003110,2026-07-19 20:48:43,2026-07-19,Sunday,20,False,Traditional,3,CASH-102,Card (International),7,1,True,38.23,55.3,21.3,38.6,32.1,20.9,0.0,,113.0,4
TXN-CRT-001-003111,2026-07-19 20:49:09,2026-07-19,Sunday,20,False,Traditional,7,CASH-105,Cash,8,2,True,33.03,136.6,39.3,26.4,49.3,24.0,0.0,,139.1,3
TXN-CRT-001-003112,2026-07-19 20:51:36,2026-07-19,Sunday,20,False,Traditional,2,CASH-128,Cash,16,2,True,81.39,60.3,95.5,21.1,31.4,38.8,0.0,,186.7,3
TXN-CRT-001-003113,2026-07-19 20:57:12,2026-07-19,Sunday,20,False,Traditional,3,CASH-117,Check,4,0,False,24.06,87.5,22.0,0.0,64.0,26.7,0.0,,112.7,4
TXN-CRT-001-003114,2026-07-19 20:58:00,2026-07-19,Sunday,20,False,Traditional,2,CASH-135,Card (Local),14,3,True,82.43,107.0,68.0,24.9,25.7,39.5,0.0,,158.1,3
TXN-CRT-001-003115,2026-07-19 20:59:32,2026-07-19,Sunday,20,False,Traditional,3,CASH-121,Cash,18,3,True,119.45,52.9,47.7,33.1,41.7,31.8,0.0,,154.3,4
TXN-CRT-001-003116,2026-07-19 21:08:31,2026-07-19,Sunday,21,False,Self-Service,9,,Cash,16,2,True,106.78,25.4,147.4,68.8,35.2,47.8,0.0,,299.2,4
TXN-CRT-001-003117,2026-07-19 21:11:43,2026-07-19,Sunday,21,False,Traditional,4,CASH-117,Card (Local),11,2,True,75.13,95.4,48.2,32.6,24.9,22.0,0.0,,127.7,4
TXN-CRT-001-003118,2026-07-19 21:17:48,2026-07-19,Sunday,21,False,Traditional,5,CASH-130,Cash,17,7,True,49.71,45.7,99.9,26.6,38.5,28.6,0.0,,193.6,4
TXN-CRT-001-003119,2026-07-19 21:20:14,2026-07-19,Sunday,21,False,Traditional,4,CASH-106,Cash,46,13,True,210.96,7.0,231.4,44.7,44.5,36.8,0.0,,357.5,3
TXN-CRT-001-003120,2026-07-19 21:22:59,2026-07-19,Sunday,21,False,Traditional,8,CASH-116,Card (Local),8,3,True,49.65,120.0,39.2,27.7,27.6,17.0,0.0,,111.4,4
TXN-CRT-001-003121,2026-07-19 21:25:49,2026-07-19,Sunday,21,False,Traditional,6,CASH-115,Cash,21,8,True,136.35,155.7,65.3,35.8,41.2,16.0,0.0,,158.2,3
TXN-CRT-001-003122,2026-07-19 21:30:02,2026-07-19,Sunday,21,False,Traditional,4,CASH-109,Card (Local),2,2,True,14.87,31.2,11.2,33.3,29.7,34.7,0.0,,109.0,4
TXN-CRT-001-003123,2026-07-19 21:33:38,2026-07-19,Sunday,21,False,Traditional,7,CASH-121,Cash,3,1,True,16.0,51.1,11.7,28.7,47.6,24.1,0.0,,112.1,4
TXN-CRT-001-003124,2026-07-20 08:31:54,2026-07-20,Monday,8,False,Traditional,6,CASH-106,Card (Local),17,5,True,60.89,164.5,104.2,29.4,25.0,16.5,0.0,,175.2,3
TXN-CRT-001-003125,2026-07-20 08:54:34,2026-07-20,Monday,8,False,Traditional,7,CASH-127,Cash,5,1,True,25.2,138.5,24.0,34.5,52.5,21.9,77.6,Price check required,210.5,2
TXN-CRT-001-003126,2026-07-20 09:00:17,2026-07-20,Monday,9,False,Traditional,1,CASH-114,Cash,1,0,False,2.66,78.1,6.9,0.0,37.3,18.1,0.0,,62.2,4
TXN-CRT-001-003127,2026-07-20 09:31:05,2026-07-20,Monday,9,False,Traditional,8,CASH-117,Cash,7,2,True,18.39,129.8,45.4,22.2,52.3,39.5,0.0,,159.4,3
TXN-CRT-001-003128,2026-07-20 09:41:43,2026-07-20,Monday,9,False,Traditional,6,CASH-106,Flous (Mobile),18,10,True,124.83,43.4,47.8,24.4,30.5,30.0,0.0,,132.6,4
TXN-CRT-001-003129,2026-07-20 10:03:09,2026-07-20,Monday,10,False,Express (<10 items),12,CASH-139,Flous (Mobile),23,5,True,160.23,14.8,108.9,34.6,27.4,27.4,0.0,,198.3,4
TXN-CRT-001-003130,2026-07-20 10:03:10,2026-07-20,Monday,10,False,Traditional,6,CASH-102,Cash,7,2,True,35.65,112.6,48.7,29.1,26.5,19.8,0.0,,124.0,3
TXN-CRT-001-003131,2026-07-20 10:08:23,2026-07-20,Monday,10,False,Traditional,5,CASH-103,Card (International),21,5,True,141.48,49.9,118.0,40.1,40.0,19.3,0.0,,217.5,4
TXN-CRT-001-003132,2026-07-20 10:13:19,2026-07-20,Monday,10,False,Traditional,3,CASH-120,Card (Local),7,1,True,17.66,11.4,51.4,28.6,28.4,39.9,0.0,,148.3,4
TXN-CRT-001-003133,2026-07-20 10:30:57,2026-07-20,Monday,10,False,Express (<10 items),13,CASH-139,Check,19,4,True,57.47,32.2,100.9,35.3,59.7,21.1,0.0,,217.0,4
TXN-CRT-001-003134,2026-07-20 10:41:43,2026-07-20,Monday,10,False,Traditional,3,CASH-125,Cash,13,3,True,70.85,42.0,63.6,29.5,50.9,19.5,0.0,,163.6,4
TXN-CRT-001-003135,2026-07-20 10:42:46,2026-07-20,Monday,10,False,Traditional,2,CASH-110,Card (Local),21,4,True,150.35,46.1,98.7,38.0,27.0,16.8,0.0,,180.3,4
TXN-CRT-001-003136,2026-07-20 10:46:02,2026-07-20,Monday,10,False,Traditional,4,CASH-124,Cash,50,15,True,340.01,28.0,323.9,38.0,44.6,34.8,0.0,,441.2,4
TXN-CRT-001-003137,2026-07-20 10:47:37,2026-07-20,Monday,10,False,Traditional,6,CASH-126,Cash,43,14,True,267.37,21.1,109.7,20.9,62.2,25.3,0.0,,218.1,4
TXN-CRT-001-003138,2026-07-20 11:02:23,2026-07-20,Monday,11,False,Traditional,5,CASH-108,Check,1,1,True,6.53,9.9,6.6,30.5,55.2,30.3,0.0,,122.5,4
TXN-CRT-001-003139,2026-07-20 11:05:19,2026-07-20,Monday,11,False,Traditional,6,CASH-122,Card (Local),37,7,True,236.35,9.5,160.3,39.8,27.6,26.3,0.0,,254.0,4
TXN-CRT-001-003140,2026-07-20 11:08:33,2026-07-20,Monday,11,False,Traditional,5,CASH-116,Cash,3,2,True,23.66,49.1,10.9,23.9,73.2,35.1,0.0,,143.0,4
TXN-CRT-001-003141,2026-07-20 11:23:48,2026-07-20,Monday,11,False,Traditional,1,CASH-116,Cash,45,10,True,398.71,61.7,329.8,34.5,39.4,18.3,0.0,,422.0,3
TXN-CRT-001-003142,2026-07-20 11:23:58,2026-07-20,Monday,11,False,Self-Service,9,,Card (Local),9,2,True,32.22,20.6,56.6,41.3,19.3,25.3,0.0,,142.5,4
TXN-CRT-001-003143,2026-07-20 11:24:27,2026-07-20,Monday,11,False,Traditional,7,CASH-101,Card (Local),12,4,True,80.7,127.8,45.0,22.6,26.6,28.3,0.0,,122.6,3
TXN-CRT-001-003144,2026-07-20 11:28:23,2026-07-20,Monday,11,False,Traditional,5,CASH-122,Cash,4,0,False,27.23,36.5,25.8,0.0,54.5,35.6,0.0,,115.8,4
TXN-CRT-001-003145,2026-07-20 11:37:52,2026-07-20,Monday,11,False,Traditional,5,CASH-106,Check,5,0,False,24.66,46.2,34.0,0.0,56.1,22.2,0.0,,112.3,4
TXN-CRT-001-003146,2026-07-20 11:43:45,2026-07-20,Monday,11,False,Traditional,6,CASH-135,Cash,24,5,True,142.83,44.0,123.0,33.6,54.9,16.0,55.4,Supervisor approval needed,282.8,3
TXN-CRT-001-003147,2026-07-20 11:53:47,2026-07-20,Monday,11,False,Self-Service,10,,Cash,44,13,True,377.8,8.0,283.3,45.6,25.7,28.2,0.0,,382.9,3
TXN-CRT-001-003148,2026-07-20 12:00:06,2026-07-20,Monday,12,False,Traditional,8,CASH-132,Flous (Mobile),19,4,True,151.11,100.1,135.6,34.1,26.5,32.2,0.0,,228.5,3
TXN-CRT-001-003149,2026-07-20 12:03:40,2026-07-20,Monday,12,False,Traditional,6,CASH-125,Cash,24,7,True,186.85,76.9,77.4,27.7,45.9,36.1,0.0,,187.1,4
TXN-CRT-001-003150,2026-07-20 12:04:57,2026-07-20,Monday,12,False,Traditional,3,CASH-111,Cash,26,7,True,206.13,130.6,87.7,28.5,70.9,38.9,0.0,,225.9,3
TXN-CRT-001-003151,2026-07-20 12:05:14,2026-07-20,Monday,12,False,Traditional,4,CASH-119,Card (Local),9,3,True,42.57,124.9,60.8,39.1,21.8,35.7,0.0,,157.5,3
TXN-CRT-001-003152,2026-07-20 12:06:04,2026-07-20,Monday,12,False,Traditional,2,CASH-101,Flous (Mobile),2,1,True,15.09,70.2,13.4,24.3,23.1,17.3,0.0,,78.2,4
TXN-CRT-001-003153,2026-07-20 12:08:21,2026-07-20,Monday,12,False,Traditional,2,CASH-118,Cash,1,0,False,3.55,80.8,6.5,0.0,47.4,39.1,0.0,,92.9,3
TXN-CRT-001-003154,2026-07-20 12:15:07,2026-07-20,Monday,12,False,Traditional,3,CASH-128,Check,11,1,True,34.09,19.3,75.3,36.5,87.2,37.1,0.0,,236.1,4
TXN-CRT-001-003155,2026-07-20 12:15:45,2026-07-20,Monday,12,False,Traditional,4,CASH-125,Card (International),8,1,True,26.1,36.7,56.6,38.1,26.3,25.4,62.1,Promo code issue,208.5,3
TXN-CRT-001-003156,2026-07-20 12:18:31,2026-07-20,Monday,12,False,Traditional,3,CASH-106,Cash,3,1,True,22.86,43.8,12.1,34.1,71.9,39.8,0.0,,157.9,4
TXN-CRT-001-003157,2026-07-20 12:21:13,2026-07-20,Monday,12,False,Express (<10 items),13,CASH-136,Card (Local),7,2,True,50.63,32.7,40.5,26.1,20.4,21.4,0.0,,108.4,4
TXN-CRT-001-003158,2026-07-20 12:23:37,2026-07-20,Monday,12,False,Traditional,5,CASH-105,Cash,5,0,False,28.69,122.9,21.7,0.0,69.7,24.1,0.0,,115.4,3
TXN-CRT-001-003159,2026-07-20 12:25:58,2026-07-20,Monday,12,False,Traditional,8,CASH-103,Cash,41,9,True,325.97,57.3,115.5,39.5,65.0,20.5,0.0,,240.6,4
TXN-CRT-001-003160,2026-07-20 12:36:27,2026-07-20,Monday,12,False,Traditional,2,CASH-128,Card (International),6,2,True,28.05,25.8,23.4,44.4,36.4,19.3,0.0,,123.5,4
TXN-CRT-001-003161,2026-07-20 12:38:31,2026-07-20,Monday,12,False,Traditional,8,CASH-105,Check,17,5,True,96.04,117.6,99.9,17.3,70.1,35.6,0.0,,222.8,3
TXN-CRT-001-003162,2026-07-20 12:40:09,2026-07-20,Monday,12,False,Traditional,8,CASH-123,Cash,19,6,True,100.34,58.7,63.9,44.6,69.9,17.9,0.0,,196.3,4
TXN-CRT-001-003163,2026-07-20 12:43:01,2026-07-20,Monday,12,False,Traditional,7,CASH-133,Cash,17,6,True,104.67,97.3,60.4,25.0,35.6,36.9,0.0,,157.9,4
TXN-CRT-001-003164,2026-07-20 12:43:06,2026-07-20,Monday,12,False,Traditional,4,CASH-105,Cash,4,2,True,31.86,19.0,26.5,25.3,60.8,35.5,0.0,,148.0,4
TXN-CRT-001-003165,2026-07-20 12:47:42,2026-07-20,Monday,12,False,Traditional,4,CASH-125,Cash,10,3,True,31.04,62.1,74.3,35.1,46.1,33.7,134.0,Promo code issue,323.2,2
TXN-CRT-001-003166,2026-07-20 12:47:50,2026-07-20,Monday,12,False,Traditional,5,CASH-106,Cash,3,1,True,18.09,24.8,8.8,37.8,64.1,40.0,0.0,,150.6,4
TXN-CRT-001-003167,2026-07-20 12:51:12,2026-07-20,Monday,12,False,Self-Service,11,,Cash,12,6,True,76.37,59.6,136.5,59.5,63.2,43.2,0.0,,302.4,4
TXN-CRT-001-003168,2026-07-20 12:52:18,2026-07-20,Monday,12,False,Traditional,3,CASH-134,Card (Local),7,2,True,32.26,77.1,27.1,17.6,32.8,22.9,0.0,,100.4,3
TXN-CRT-001-003169,2026-07-20 12:52:57,2026-07-20,Monday,12,False,Traditional,8,CASH-113,Cash,18,3,True,73.92,17.3,123.9,41.5,31.9,21.5,0.0,,218.9,4
TXN-CRT-001-003170,2026-07-20 12:57:56,2026-07-20,Monday,12,False,Traditional,3,CASH-110,Cash,23,5,True,172.94,48.6,134.7,24.5,38.5,32.8,38.9,Promo code issue,269.4,4
TXN-CRT-001-003171,2026-07-20 13:00:43,2026-07-20,Monday,13,False,Traditional,1,CASH-135,Card (International),16,5,True,79.73,18.9,41.8,33.8,35.8,17.4,0.0,,128.8,4
TXN-CRT-001-003172,2026-07-20 13:04:22,2026-07-20,Monday,13,False,Traditional,4,CASH-128,Card (International),14,6,True,86.76,100.8,85.5,38.1,36.4,31.0,0.0,,191.0,3
TXN-CRT-001-003173,2026-07-20 13:04:56,2026-07-20,Monday,13,False,Traditional,7,CASH-121,Cash,12,2,True,57.17,52.4,44.3,15.0,30.9,28.4,0.0,,118.7,4
TXN-CRT-001-003174,2026-07-20 13:12:13,2026-07-20,Monday,13,False,Traditional,3,CASH-113,Cash,32,5,True,269.92,25.8,116.5,37.9,64.1,21.8,0.0,,240.3,4
TXN-CRT-001-003175,2026-07-20 13:14:57,2026-07-20,Monday,13,False,Traditional,2,CASH-128,Card (Local),8,3,True,34.46,31.8,25.1,15.5,23.4,31.8,178.5,Item return/exchange,274.3,3
TXN-CRT-001-003176,2026-07-20 13:22:39,2026-07-20,Monday,13,False,Traditional,8,CASH-125,Cash,25,9,True,166.98,35.8,156.8,18.2,42.7,38.1,0.0,,255.9,4
TXN-CRT-001-003177,2026-07-20 13:24:15,2026-07-20,Monday,13,False,Traditional,6,CASH-108,Cash,26,5,True,228.14,129.3,137.8,22.3,69.0,23.6,0.0,,252.7,3
TXN-CRT-001-003178,2026-07-20 13:25:37,2026-07-20,Monday,13,False,Self-Service,11,,Card (Local),13,3,True,57.52,47.3,48.7,65.9,31.0,26.3,0.0,,171.9,4
TXN-CRT-001-003179,2026-07-20 13:29:35,2026-07-20,Monday,13,False,Traditional,1,CASH-120,Cash,10,3,True,67.53,89.3,56.1,41.4,32.1,37.3,0.0,,167.0,4
TXN-CRT-001-003180,2026-07-20 13:31:50,2026-07-20,Monday,13,False,Traditional,1,CASH-123,Cash,15,3,True,39.77,49.0,95.2,26.0,42.3,38.2,0.0,,201.7,4
TXN-CRT-001-003181,2026-07-20 13:32:44,2026-07-20,Monday,13,False,Traditional,2,CASH-102,Cash,4,2,True,18.83,19.4,26.4,41.6,40.1,27.4,0.0,,135.5,4
TXN-CRT-001-003182,2026-07-20 13:34:08,2026-07-20,Monday,13,False,Traditional,7,CASH-105,Cash,2,0,False,12.9,31.5,8.5,0.0,71.2,28.7,0.0,,108.3,4
TXN-CRT-001-003183,2026-07-20 13:41:17,2026-07-20,Monday,13,False,Traditional,4,CASH-105,Cash,5,0,False,28.11,64.2,37.1,0.0,36.5,21.1,0.0,,94.7,3
TXN-CRT-001-003184,2026-07-20 13:41:31,2026-07-20,Monday,13,False,Traditional,1,CASH-131,Check,7,1,True,27.98,8.1,27.6,17.1,68.9,23.8,0.0,,137.5,4
TXN-CRT-001-003185,2026-07-20 13:42:07,2026-07-20,Monday,13,False,Traditional,5,CASH-124,Cash,16,3,True,91.49,72.2,80.4,25.6,47.2,26.0,0.0,,179.2,3
TXN-CRT-001-003186,2026-07-20 13:46:30,2026-07-20,Monday,13,False,Traditional,6,CASH-104,Cash,33,5,True,245.58,28.1,212.1,30.9,67.8,32.0,0.0,,342.7,4
TXN-CRT-001-003187,2026-07-20 13:55:57,2026-07-20,Monday,13,False,Traditional,4,CASH-115,Cash,8,0,False,29.96,56.9,39.3,0.0,61.3,35.8,0.0,,136.4,4
TXN-CRT-001-003188,2026-07-20 14:02:14,2026-07-20,Monday,14,False,Traditional,1,CASH-130,Flous (Mobile),43,13,True,208.18,32.6,203.3,21.0,33.6,16.8,0.0,,274.7,4
TXN-CRT-001-003189,2026-07-20 14:04:56,2026-07-20,Monday,14,False,Traditional,7,CASH-120,Card (Local),45,8,True,290.32,82.2,209.7,25.8,28.9,36.4,0.0,,300.9,3
TXN-CRT-001-003190,2026-07-20 14:09:03,2026-07-20,Monday,14,False,Traditional,4,CASH-113,Cash,46,16,True,385.21,51.7,182.3,37.7,56.8,33.3,0.0,,310.0,3
TXN-CRT-001-003191,2026-07-20 14:10:04,2026-07-20,Monday,14,False,Traditional,6,CASH-125,Flous (Mobile),32,7,True,177.24,80.1,200.6,25.2,28.4,31.7,0.0,,286.0,3
TXN-CRT-001-003192,2026-07-20 14:10:37,2026-07-20,Monday,14,False,Self-Service,11,,Cash,12,4,True,65.21,10.0,88.5,81.2,47.4,48.2,0.0,,265.2,4
TXN-CRT-001-003193,2026-07-20 14:16:09,2026-07-20,Monday,14,False,Express (<10 items),12,CASH-137,Cash,3,0,False,9.16,25.9,13.7,0.0,47.6,23.2,0.0,,84.5,4
TXN-CRT-001-003194,2026-07-20 14:19:22,2026-07-20,Monday,14,False,Traditional,5,CASH-112,Cash,18,3,True,49.51,27.7,94.7,16.0,31.6,27.1,0.0,,169.4,4
TXN-CRT-001-003195,2026-07-20 14:23:43,2026-07-20,Monday,14,False,Traditional,4,CASH-122,Cash,17,5,True,95.17,70.8,98.9,18.8,37.6,34.8,0.0,,190.1,3
TXN-CRT-001-003196,2026-07-20 14:25:45,2026-07-20,Monday,14,False,Traditional,6,CASH-105,Cash,33,9,True,263.1,100.0,90.3,28.9,39.4,29.5,0.0,,188.0,4
TXN-CRT-001-003197,2026-07-20 14:27:50,2026-07-20,Monday,14,False,Express (<10 items),12,CASH-140,Card (Local),50,15,True,402.6,97.6,356.6,22.5,34.9,19.8,0.0,,433.8,3
TXN-CRT-001-003198,2026-07-20 14:42:28,2026-07-20,Monday,14,False,Self-Service,10,,Cash,16,5,True,116.12,134.0,92.3,43.7,38.4,40.5,0.0,,214.9,3
TXN-CRT-001-003199,2026-07-20 14:44:39,2026-07-20,Monday,14,False,Traditional,1,CASH-111,Card (Local),11,3,True,57.36,101.7,33.1,29.5,33.5,31.3,0.0,,127.4,4
TXN-CRT-001-003200,2026-07-20 14:46:50,2026-07-20,Monday,14,False,Traditional,1,CASH-125,Cash,7,2,True,25.84,42.9,17.5,17.0,27.9,19.9,0.0,,82.3,4
TXN-CRT-001-003201,2026-07-20 14:48:27,2026-07-20,Monday,14,False,Traditional,2,CASH-107,Cash,1,1,True,2.91,22.4,7.0,33.3,73.5,16.8,0.0,,130.7,4
TXN-CRT-001-003202,2026-07-20 15:03:58,2026-07-20,Monday,15,False,Traditional,2,CASH-134,Cash,16,4,True,62.09,10.8,104.4,22.6,31.3,25.8,0.0,,184.1,4
TXN-CRT-001-003203,2026-07-20 15:11:48,2026-07-20,Monday,15,False,Traditional,7,CASH-106,Flous (Mobile),17,9,True,93.4,21.5,108.5,26.8,33.2,21.9,34.4,Item return/exchange,224.8,4
TXN-CRT-001-003204,2026-07-20 15:15:17,2026-07-20,Monday,15,False,Self-Service,10,,Cash,30,10,True,112.74,9.0,258.8,45.1,31.8,41.0,67.2,Item return/exchange,443.9,2
TXN-CRT-001-003205,2026-07-20 15:32:02,2026-07-20,Monday,15,False,Traditional,8,CASH-109,Card (Local),16,1,True,64.9,15.3,112.1,37.9,21.3,31.3,87.9,Item return/exchange,290.4,3
TXN-CRT-001-003206,2026-07-20 15:34:13,2026-07-20,Monday,15,False,Traditional,5,CASH-120,Cash,41,9,True,305.5,60.7,280.0,21.6,29.5,19.0,0.0,,350.1,3
TXN-CRT-001-003207,2026-07-20 15:44:14,2026-07-20,Monday,15,False,Self-Service,11,,Cash,20,5,True,122.35,10.0,104.1,40.1,61.9,46.3,0.0,,252.4,4
TXN-CRT-001-003208,2026-07-20 15:48:17,2026-07-20,Monday,15,False,Traditional,2,CASH-105,Cash,32,9,True,238.67,66.5,122.8,43.5,52.5,15.6,0.0,,234.4,3
TXN-CRT-001-003209,2026-07-20 15:49:25,2026-07-20,Monday,15,False,Traditional,7,CASH-121,Cash,6,2,True,25.28,31.7,31.7,34.9,29.8,27.3,0.0,,123.7,4
TXN-CRT-001-003210,2026-07-20 15:56:08,2026-07-20,Monday,15,False,Traditional,6,CASH-111,Cash,34,10,True,282.8,53.4,229.7,24.0,66.8,21.3,0.0,,341.9,3
TXN-CRT-001-003211,2026-07-20 16:07:49,2026-07-20,Monday,16,False,Traditional,3,CASH-105,Cash,22,4,True,194.37,54.5,67.7,26.4,64.5,16.5,0.0,,175.2,4
TXN-CRT-001-003212,2026-07-20 16:11:12,2026-07-20,Monday,16,False,Traditional,5,CASH-110,Card (International),7,1,True,39.13,134.3,40.0,29.7,36.3,28.3,0.0,,134.4,3
TXN-CRT-001-003213,2026-07-20 16:21:11,2026-07-20,Monday,16,False,Traditional,5,CASH-106,Cash,7,0,False,51.45,56.0,20.0,0.0,31.1,17.9,54.1,Promo code issue,123.2,3
TXN-CRT-001-003214,2026-07-20 16:26:01,2026-07-20,Monday,16,False,Traditional,5,CASH-116,Card (Local),42,11,True,377.64,16.0,110.3,34.8,26.0,35.2,0.0,,206.4,4
TXN-CRT-001-003215,2026-07-20 16:35:52,2026-07-20,Monday,16,False,Traditional,6,CASH-114,Cash,2,1,True,9.45,23.5,12.2,36.8,57.8,26.4,0.0,,133.2,4
TXN-CRT-001-003216,2026-07-20 16:58:12,2026-07-20,Monday,16,False,Traditional,5,CASH-135,Cash,14,3,True,76.91,54.4,88.7,23.1,56.9,32.0,0.0,,200.7,4
TXN-CRT-001-003217,2026-07-20 17:06:25,2026-07-20,Monday,17,False,Traditional,5,CASH-130,Card (Local),10,3,True,26.81,41.4,52.0,26.1,30.9,26.2,63.8,Item return/exchange,199.0,3
TXN-CRT-001-003218,2026-07-20 17:10:39,2026-07-20,Monday,17,False,Traditional,7,CASH-114,Cash,21,2,True,236.51,56.3,76.1,33.9,68.5,23.0,0.0,,201.5,4
TXN-CRT-001-003219,2026-07-20 17:12:28,2026-07-20,Monday,17,False,Traditional,1,CASH-102,Cash,32,5,True,220.78,67.4,196.5,23.4,49.5,30.1,0.0,,299.4,4
TXN-CRT-001-003220,2026-07-20 17:18:46,2026-07-20,Monday,17,False,Traditional,4,CASH-103,Card (Local),12,4,True,39.53,24.3,88.4,39.6,30.9,32.9,0.0,,191.8,4
TXN-CRT-001-003221,2026-07-20 17:19:37,2026-07-20,Monday,17,False,Traditional,6,CASH-125,Flous (Mobile),13,3,True,100.77,68.8,73.2,37.3,38.8,28.2,0.0,,177.5,4
TXN-CRT-001-003222,2026-07-20 17:20:32,2026-07-20,Monday,17,False,Traditional,2,CASH-103,Cash,48,13,True,358.67,74.5,324.7,24.4,35.9,16.1,77.4,Supervisor approval needed,478.5,2
TXN-CRT-001-003223,2026-07-20 17:30:40,2026-07-20,Monday,17,False,Traditional,8,CASH-116,Cash,27,9,True,276.53,56.9,93.6,41.3,26.2,30.3,0.0,,191.5,4
TXN-CRT-001-003224,2026-07-20 17:39:14,2026-07-20,Monday,17,False,Traditional,4,CASH-111,Flous (Mobile),39,13,True,198.02,161.7,102.6,28.9,20.6,15.6,0.0,,167.7,3
TXN-CRT-001-003225,2026-07-20 17:39:22,2026-07-20,Monday,17,False,Traditional,8,CASH-133,Cash,14,2,True,47.01,11.1,88.8,25.5,38.1,23.7,0.0,,176.1,4
TXN-CRT-001-003226,2026-07-20 17:42:53,2026-07-20,Monday,17,False,Self-Service,11,,Card (Local),8,2,True,22.64,148.6,84.7,42.6,34.1,26.3,0.0,,187.8,3
TXN-CRT-001-003227,2026-07-20 17:43:31,2026-07-20,Monday,17,False,Traditional,2,CASH-129,Cash,13,4,True,55.33,38.4,37.7,29.1,65.9,35.5,0.0,,168.3,4
TXN-CRT-001-003228,2026-07-20 17:48:04,2026-07-20,Monday,17,False,Traditional,1,CASH-123,Cash,24,8,True,93.54,27.4,66.3,40.3,42.4,19.1,0.0,,168.1,4
TXN-CRT-001-003229,2026-07-20 17:51:45,2026-07-20,Monday,17,False,Traditional,6,CASH-130,Card (Local),5,2,True,25.65,70.6,36.4,44.5,34.3,32.1,0.0,,147.3,4
TXN-CRT-001-003230,2026-07-20 17:52:52,2026-07-20,Monday,17,False,Traditional,4,CASH-115,Card (Local),9,1,True,71.23,31.8,47.0,42.2,31.3,33.7,0.0,,154.2,4
TXN-CRT-001-003231,2026-07-20 17:53:03,2026-07-20,Monday,17,False,Traditional,2,CASH-130,Cash,2,0,False,6.06,95.6,14.3,0.0,67.1,30.9,0.0,,112.4,3
TXN-CRT-001-003232,2026-07-20 17:54:06,2026-07-20,Monday,17,False,Traditional,3,CASH-130,Cash,14,4,True,99.47,37.5,72.5,35.7,60.7,37.0,54.9,Barcode not scanning,260.8,3
TXN-CRT-001-003233,2026-07-20 17:56:50,2026-07-20,Monday,17,False,Traditional,8,CASH-124,Card (International),31,9,True,261.73,104.7,155.3,24.1,42.6,20.8,0.0,,242.7,4
TXN-CRT-001-003234,2026-07-20 17:59:39,2026-07-20,Monday,17,False,Traditional,5,CASH-128,Card (Local),1,0,False,7.56,20.6,4.1,0.0,32.1,26.6,0.0,,62.8,4
TXN-CRT-001-003235,2026-07-20 18:09:19,2026-07-20,Monday,18,False,Traditional,7,CASH-119,Cash,22,3,True,126.03,63.4,65.2,19.0,30.4,25.1,0.0,,139.7,4
TXN-CRT-001-003236,2026-07-20 18:09:44,2026-07-20,Monday,18,False,Traditional,7,CASH-107,Card (Local),43,12,True,319.61,25.7,228.9,42.0,34.4,36.3,0.0,,341.6,3
TXN-CRT-001-003237,2026-07-20 18:10:44,2026-07-20,Monday,18,False,Traditional,3,CASH-102,Card (Local),8,1,True,50.88,65.1,60.0,42.0,34.6,37.8,0.0,,174.4,3
TXN-CRT-001-003238,2026-07-20 18:18:45,2026-07-20,Monday,18,False,Express (<10 items),12,CASH-144,Card (International),23,4,True,118.16,13.6,103.5,29.5,45.7,26.3,97.8,Price check required,302.8,3
TXN-CRT-001-003239,2026-07-20 18:19:37,2026-07-20,Monday,18,False,Traditional,5,CASH-120,Card (Local),48,9,True,201.78,14.8,344.6,31.0,26.9,25.8,0.0,,428.4,3
TXN-CRT-001-003240,2026-07-20 18:19:39,2026-07-20,Monday,18,False,Traditional,6,CASH-124,Cash,46,10,True,348.45,37.3,284.8,24.2,39.5,37.2,0.0,,385.7,4
TXN-CRT-001-003241,2026-07-20 18:20:33,2026-07-20,Monday,18,False,Traditional,8,CASH-109,Card (Local),8,2,True,33.62,107.9,44.3,24.3,27.3,23.4,0.0,,119.3,3
TXN-CRT-001-003242,2026-07-20 18:25:02,2026-07-20,Monday,18,False,Traditional,3,CASH-103,Card (Local),4,1,True,28.65,11.6,15.8,20.6,20.9,26.5,0.0,,83.8,4
TXN-CRT-001-003243,2026-07-20 18:27:27,2026-07-20,Monday,18,False,Traditional,8,CASH-131,Cash,6,0,False,15.54,121.4,31.2,0.0,66.7,31.0,0.0,,128.9,3
TXN-CRT-001-003244,2026-07-20 18:35:47,2026-07-20,Monday,18,False,Traditional,2,CASH-109,Cash,23,3,True,149.0,65.2,113.0,37.6,59.0,29.3,0.0,,238.9,4
TXN-CRT-001-003245,2026-07-20 18:37:50,2026-07-20,Monday,18,False,Traditional,5,CASH-122,Cash,24,5,True,168.57,102.2,135.2,26.6,36.2,19.0,0.0,,217.0,4
TXN-CRT-001-003246,2026-07-20 18:41:05,2026-07-20,Monday,18,False,Traditional,8,CASH-118,Card (Local),22,6,True,223.69,51.7,82.4,29.4,32.1,17.5,0.0,,161.4,4
TXN-CRT-001-003247,2026-07-20 18:45:03,2026-07-20,Monday,18,False,Traditional,3,CASH-101,Cash,11,1,True,76.08,57.4,28.4,33.5,60.6,39.2,0.0,,161.7,4
TXN-CRT-001-003248,2026-07-20 18:48:09,2026-07-20,Monday,18,False,Traditional,5,CASH-113,Card (Local),7,2,True,20.9,42.2,45.4,39.3,24.0,39.9,0.0,,148.5,4
TXN-CRT-001-003249,2026-07-20 18:48:32,2026-07-20,Monday,18,False,Self-Service,10,,Flous (Mobile),18,2,True,54.11,38.7,162.6,63.6,22.8,21.7,0.0,,270.8,4
TXN-CRT-001-003250,2026-07-20 18:49:18,2026-07-20,Monday,18,False,Traditional,4,CASH-132,Card (International),15,2,True,48.43,83.8,105.8,19.5,42.9,25.5,0.0,,193.8,4
TXN-CRT-001-003251,2026-07-20 18:49:19,2026-07-20,Monday,18,False,Traditional,1,CASH-125,Flous (Mobile),24,4,True,201.5,20.7,103.4,43.9,32.2,32.6,0.0,,212.1,4
TXN-CRT-001-003252,2026-07-20 18:53:57,2026-07-20,Monday,18,False,Traditional,2,CASH-117,Check,14,1,True,58.03,50.9,79.0,21.9,80.2,27.6,0.0,,208.8,4
TXN-CRT-001-003253,2026-07-20 18:55:30,2026-07-20,Monday,18,False,Traditional,7,CASH-120,Cash,11,3,True,35.77,11.4,49.1,42.7,74.4,35.4,0.0,,201.7,4
TXN-CRT-001-003254,2026-07-20 19:00:29,2026-07-20,Monday,19,False,Traditional,5,CASH-106,Card (Local),10,2,True,51.65,15.5,70.4,38.2,25.4,28.7,0.0,,162.7,4
TXN-CRT-001-003255,2026-07-20 19:02:41,2026-07-20,Monday,19,False,Traditional,3,CASH-113,Cash,8,3,True,50.68,47.2,23.5,36.6,61.5,24.9,0.0,,146.5,4
TXN-CRT-001-003256,2026-07-20 19:07:19,2026-07-20,Monday,19,False,Traditional,5,CASH-116,Flous (Mobile),9,1,True,60.74,29.8,58.1,20.8,39.4,29.4,171.2,Item return/exchange,319.0,3
TXN-CRT-001-003257,2026-07-20 19:12:07,2026-07-20,Monday,19,False,Traditional,3,CASH-102,Cash,4,0,False,23.37,43.1,20.4,0.0,38.2,20.0,0.0,,78.6,4
TXN-CRT-001-003258,2026-07-20 19:14:16,2026-07-20,Monday,19,False,Traditional,4,CASH-133,Check,11,2,True,86.17,23.7,38.8,22.5,61.8,16.5,0.0,,139.5,4
TXN-CRT-001-003259,2026-07-20 19:14:40,2026-07-20,Monday,19,False,Traditional,4,CASH-117,Card (Local),2,1,True,10.24,77.4,10.2,28.3,28.7,33.9,0.0,,101.1,4
TXN-CRT-001-003260,2026-07-20 19:16:33,2026-07-20,Monday,19,False,Self-Service,11,,Card (International),7,1,True,37.14,16.6,40.8,62.4,42.6,33.9,0.0,,179.7,4
TXN-CRT-001-003261,2026-07-20 19:19:45,2026-07-20,Monday,19,False,Traditional,8,CASH-121,Cash,25,6,True,167.67,151.7,162.6,29.7,39.5,15.5,0.0,,247.3,3
TXN-CRT-001-003262,2026-07-20 19:21:01,2026-07-20,Monday,19,False,Traditional,3,CASH-124,Cash,11,2,True,53.44,117.6,55.0,18.9,57.0,18.5,0.0,,149.4,3
TXN-CRT-001-003263,2026-07-20 19:22:27,2026-07-20,Monday,19,False,Traditional,4,CASH-110,Card (International),21,3,True,156.73,70.9,129.1,30.7,25.6,33.0,0.0,,218.3,4
TXN-CRT-001-003264,2026-07-20 19:24:09,2026-07-20,Monday,19,False,Traditional,4,CASH-109,Cash,24,9,True,188.88,14.3,130.0,25.1,46.0,19.2,0.0,,220.4,4
TXN-CRT-001-003265,2026-07-20 19:25:07,2026-07-20,Monday,19,False,Traditional,2,CASH-124,Card (International),18,5,True,135.88,43.2,48.6,24.4,31.6,34.7,0.0,,139.4,4
TXN-CRT-001-003266,2026-07-20 19:33:46,2026-07-20,Monday,19,False,Traditional,3,CASH-121,Cash,46,14,True,298.21,73.9,215.8,42.2,36.2,36.5,0.0,,330.6,3
TXN-CRT-001-003267,2026-07-20 19:48:29,2026-07-20,Monday,19,False,Traditional,2,CASH-119,Card (Local),1,0,False,3.11,98.5,5.1,0.0,20.2,34.2,0.0,,59.5,4
TXN-CRT-001-003268,2026-07-20 19:49:39,2026-07-20,Monday,19,False,Traditional,8,CASH-117,Cash,25,6,True,225.38,98.1,176.4,26.8,45.1,21.6,0.0,,270.0,3
TXN-CRT-001-003269,2026-07-20 19:50:07,2026-07-20,Monday,19,False,Traditional,1,CASH-109,Card (Local),46,8,True,298.31,85.1,139.0,28.3,32.7,21.3,0.0,,221.3,4
TXN-CRT-001-003270,2026-07-20 19:50:36,2026-07-20,Monday,19,False,Traditional,7,CASH-111,Card (Local),35,10,True,164.63,5.9,169.3,25.2,21.1,34.2,0.0,,249.9,4
TXN-CRT-001-003271,2026-07-20 19:52:44,2026-07-20,Monday,19,False,Traditional,3,CASH-133,Cash,7,1,True,30.91,21.5,47.1,27.0,64.9,38.5,0.0,,177.5,4
TXN-CRT-001-003272,2026-07-20 19:54:11,2026-07-20,Monday,19,False,Traditional,4,CASH-122,Cash,11,2,True,80.56,86.7,60.1,17.0,43.5,26.5,0.0,,147.2,3
TXN-CRT-001-003273,2026-07-20 19:58:27,2026-07-20,Monday,19,False,Traditional,3,CASH-105,Cash,7,2,True,20.43,31.5,41.6,19.3,52.7,23.2,0.0,,136.7,4
TXN-CRT-001-003274,2026-07-20 19:59:16,2026-07-20,Monday,19,False,Traditional,1,CASH-117,Card (Local),19,6,True,72.32,62.6,50.3,33.8,23.6,30.6,0.0,,138.3,4
TXN-CRT-001-003275,2026-07-20 20:05:33,2026-07-20,Monday,20,False,Traditional,4,CASH-106,Card (Local),23,7,True,206.96,158.4,159.2,22.8,23.7,28.2,92.4,Barcode not scanning,326.2,2
TXN-CRT-001-003276,2026-07-20 20:06:31,2026-07-20,Monday,20,False,Traditional,3,CASH-116,Card (International),10,3,True,27.83,30.3,51.7,30.5,27.9,28.6,0.0,,138.8,4
TXN-CRT-001-003277,2026-07-20 20:08:20,2026-07-20,Monday,20,False,Traditional,3,CASH-126,Cash,17,2,True,98.3,103.2,57.7,28.1,49.8,34.3,0.0,,169.9,3
TXN-CRT-001-003278,2026-07-20 20:09:53,2026-07-20,Monday,20,False,Traditional,2,CASH-113,Cash,23,5,True,172.03,65.0,127.3,31.2,56.9,36.8,0.0,,252.2,4
TXN-CRT-001-003279,2026-07-20 20:20:46,2026-07-20,Monday,20,False,Traditional,1,CASH-110,Cash,13,1,True,60.28,206.0,49.1,18.8,66.3,35.1,0.0,,169.3,3
TXN-CRT-001-003280,2026-07-20 20:25:49,2026-07-20,Monday,20,False,Traditional,2,CASH-123,Cash,34,10,True,196.22,65.2,105.2,41.2,58.2,37.0,0.0,,241.5,4
TXN-CRT-001-003281,2026-07-20 20:28:37,2026-07-20,Monday,20,False,Traditional,1,CASH-121,Cash,27,11,True,148.68,31.9,109.2,29.6,60.0,23.8,0.0,,222.7,4
TXN-CRT-001-003282,2026-07-20 20:36:38,2026-07-20,Monday,20,False,Traditional,3,CASH-134,Check,3,0,False,12.83,51.1,19.6,0.0,44.9,31.1,0.0,,95.7,4
TXN-CRT-001-003283,2026-07-20 20:41:47,2026-07-20,Monday,20,False,Self-Service,9,,Flous (Mobile),20,2,True,133.34,20.3,109.2,43.8,37.3,37.0,0.0,,227.4,4
TXN-CRT-001-003284,2026-07-20 20:51:38,2026-07-20,Monday,20,False,Self-Service,9,,Cash,8,2,True,41.86,82.7,98.6,65.9,57.6,48.2,0.0,,270.4,3
TXN-CRT-001-003285,2026-07-20 20:51:55,2026-07-20,Monday,20,False,Traditional,1,CASH-128,Card (Local),17,6,True,71.66,36.7,63.8,31.8,33.2,15.2,0.0,,144.0,4
TXN-CRT-001-003286,2026-07-20 20:54:17,2026-07-20,Monday,20,False,Traditional,1,CASH-107,Flous (Mobile),46,12,True,162.32,51.0,220.5,17.2,37.7,39.5,0.0,,314.9,3
TXN-CRT-001-003287,2026-07-20 20:55:54,2026-07-20,Monday,20,False,Traditional,2,CASH-116,Cash,36,5,True,211.12,108.9,254.6,26.6,50.1,23.5,0.0,,354.7,3
TXN-CRT-001-003288,2026-07-20 20:56:35,2026-07-20,Monday,20,False,Traditional,7,CASH-114,Cash,13,6,True,90.32,18.4,71.6,40.0,29.8,26.3,0.0,,167.7,4
TXN-CRT-001-003289,2026-07-20 21:03:47,2026-07-20,Monday,21,False,Self-Service,10,,Cash,10,4,True,76.38,98.7,105.2,25.7,57.9,20.9,0.0,,209.6,3
TXN-CRT-001-003290,2026-07-21 08:41:32,2026-07-21,Tuesday,8,False,Traditional,7,CASH-113,Cash,8,1,True,40.53,12.8,55.1,31.1,61.7,19.2,0.0,,167.1,4
TXN-CRT-001-003291,2026-07-21 09:07:41,2026-07-21,Tuesday,9,False,Traditional,7,CASH-114,Check,17,7,True,93.25,46.3,115.8,22.8,44.8,30.4,0.0,,213.9,4
TXN-CRT-001-003292,2026-07-21 09:13:23,2026-07-21,Tuesday,9,False,Self-Service,9,,Card (Local),5,1,True,31.88,71.2,41.6,33.3,25.9,27.6,0.0,,128.4,4
TXN-CRT-001-003293,2026-07-21 09:19:52,2026-07-21,Tuesday,9,False,Traditional,1,CASH-101,Cash,17,4,True,68.3,86.7,77.9,24.6,47.6,18.2,55.3,Promo code issue,223.6,2
TXN-CRT-001-003294,2026-07-21 09:30:16,2026-07-21,Tuesday,9,False,Traditional,1,CASH-123,Cash,1,0,False,5.39,19.9,6.9,0.0,41.0,19.5,0.0,,67.4,4
TXN-CRT-001-003295,2026-07-21 09:50:28,2026-07-21,Tuesday,9,False,Express (<10 items),13,CASH-142,Card (International),11,4,True,82.54,160.0,79.1,26.0,38.6,31.7,0.0,,175.3,3
TXN-CRT-001-003296,2026-07-21 10:06:00,2026-07-21,Tuesday,10,False,Traditional,7,CASH-107,Flous (Mobile),8,2,True,38.74,71.9,41.0,31.6,20.3,32.5,79.8,Supervisor approval needed,205.2,3
TXN-CRT-001-003297,2026-07-21 10:17:56,2026-07-21,Tuesday,10,False,Traditional,2,CASH-115,Card (Local),47,7,True,324.17,87.5,224.7,19.6,34.5,36.6,0.0,,315.4,3
TXN-CRT-001-003298,2026-07-21 10:21:32,2026-07-21,Tuesday,10,False,Traditional,1,CASH-107,Card (Local),24,10,True,245.49,72.3,135.6,38.6,29.1,30.7,143.4,Supervisor approval needed,377.3,2
TXN-CRT-001-003299,2026-07-21 10:29:56,2026-07-21,Tuesday,10,False,Traditional,2,CASH-105,Cash,11,1,True,86.86,20.7,28.1,17.1,74.3,28.6,0.0,,148.0,4
TXN-CRT-001-003300,2026-07-21 10:37:47,2026-07-21,Tuesday,10,False,Traditional,5,CASH-108,Flous (Mobile),4,2,True,10.67,28.0,18.5,37.1,38.8,20.1,0.0,,114.5,4
TXN-CRT-001-003301,2026-07-21 10:38:53,2026-07-21,Tuesday,10,False,Traditional,4,CASH-116,Card (International),16,5,True,49.33,118.5,77.4,43.3,34.8,17.8,0.0,,173.3,4
TXN-CRT-001-003302,2026-07-21 10:39:39,2026-07-21,Tuesday,10,False,Express (<10 items),13,CASH-143,Cash,8,1,True,63.58,121.1,37.1,17.0,53.9,29.0,0.0,,137.1,3
TXN-CRT-001-003303,2026-07-21 10:40:10,2026-07-21,Tuesday,10,False,Traditional,7,CASH-109,Card (Local),17,3,True,108.02,7.5,113.8,35.4,20.2,33.3,0.0,,202.6,4
TXN-CRT-001-003304,2026-07-21 10:41:02,2026-07-21,Tuesday,10,False,Traditional,2,CASH-114,Cash,31,10,True,182.68,82.1,103.3,39.6,54.7,36.2,0.0,,233.9,3
TXN-CRT-001-003305,2026-07-21 10:42:40,2026-07-21,Tuesday,10,False,Traditional,5,CASH-127,Cash,19,4,True,145.63,45.6,110.4,27.3,41.6,34.2,0.0,,213.5,4
TXN-CRT-001-003306,2026-07-21 10:44:27,2026-07-21,Tuesday,10,False,Traditional,1,CASH-131,Cash,20,6,True,150.87,68.8,108.4,36.1,44.5,29.0,0.0,,218.0,4
TXN-CRT-001-003307,2026-07-21 10:47:17,2026-07-21,Tuesday,10,False,Traditional,4,CASH-104,Cash,17,4,True,61.97,58.0,96.6,31.2,57.2,21.7,0.0,,206.8,4
TXN-CRT-001-003308,2026-07-21 10:51:10,2026-07-21,Tuesday,10,False,Traditional,5,CASH-133,Cash,42,12,True,239.39,57.3,232.9,16.6,32.0,34.3,0.0,,315.9,4
TXN-CRT-001-003309,2026-07-21 10:51:51,2026-07-21,Tuesday,10,False,Traditional,6,CASH-112,Cash,43,11,True,388.26,24.8,159.0,25.9,51.2,23.7,0.0,,259.9,4
TXN-CRT-001-003310,2026-07-21 10:52:12,2026-07-21,Tuesday,10,False,Traditional,4,CASH-108,Cash,16,3,True,56.21,100.4,51.9,30.5,36.1,25.0,0.0,,143.4,3
TXN-CRT-001-003311,2026-07-21 10:58:21,2026-07-21,Tuesday,10,False,Traditional,2,CASH-114,Cash,10,2,True,60.1,31.7,50.8,33.3,69.4,17.0,0.0,,170.5,4
TXN-CRT-001-003312,2026-07-21 11:06:38,2026-07-21,Tuesday,11,False,Traditional,1,CASH-124,Cash,14,5,True,41.65,44.9,59.5,43.8,52.8,24.1,125.4,Promo code issue,305.6,3
TXN-CRT-001-003313,2026-07-21 11:07:05,2026-07-21,Tuesday,11,False,Traditional,8,CASH-112,Cash,7,2,True,23.51,25.3,31.8,23.2,54.3,31.7,148.4,Item return/exchange,289.4,3
TXN-CRT-001-003314,2026-07-21 11:08:28,2026-07-21,Tuesday,11,False,Traditional,5,CASH-110,Card (Local),20,3,True,94.46,51.0,135.8,43.0,23.1,25.7,0.0,,227.7,4
TXN-CRT-001-003315,2026-07-21 11:09:18,2026-07-21,Tuesday,11,False,Traditional,7,CASH-105,Cash,15,6,True,100.23,16.8,84.5,19.7,27.1,26.6,0.0,,158.0,4
TXN-CRT-001-003316,2026-07-21 11:09:24,2026-07-21,Tuesday,11,False,Traditional,3,CASH-108,Cash,5,2,True,22.44,33.0,25.2,35.5,59.5,21.9,0.0,,142.0,4
TXN-CRT-001-003317,2026-07-21 11:13:59,2026-07-21,Tuesday,11,False,Traditional,4,CASH-105,Flous (Mobile),7,0,False,31.63,100.0,49.8,0.0,21.6,16.8,0.0,,88.2,3
TXN-CRT-001-003318,2026-07-21 11:15:45,2026-07-21,Tuesday,11,False,Traditional,6,CASH-107,Card (International),15,9,True,58.87,19.5,109.4,29.2,29.0,22.0,0.0,,189.6,4
TXN-CRT-001-003319,2026-07-21 11:18:16,2026-07-21,Tuesday,11,False,Traditional,5,CASH-134,Flous (Mobile),37,11,True,318.94,81.5,148.2,37.2,25.4,21.4,0.0,,232.2,4
TXN-CRT-001-003320,2026-07-21 11:18:33,2026-07-21,Tuesday,11,False,Traditional,7,CASH-102,Cash,18,3,True,110.67,15.4,96.9,20.2,34.2,37.8,0.0,,189.1,4
TXN-CRT-001-003321,2026-07-21 11:22:57,2026-07-21,Tuesday,11,False,Traditional,6,CASH-114,Cash,22,4,True,136.58,30.0,98.8,37.1,67.0,39.5,0.0,,242.3,4
TXN-CRT-001-003322,2026-07-21 11:23:32,2026-07-21,Tuesday,11,False,Traditional,2,CASH-104,Card (Local),11,3,True,67.06,30.4,37.7,15.6,18.9,30.9,98.5,Price check required,201.8,3
TXN-CRT-001-003323,2026-07-21 11:31:29,2026-07-21,Tuesday,11,False,Traditional,1,CASH-133,Cash,18,6,True,72.17,93.8,52.2,42.1,39.3,20.3,0.0,,153.9,3
TXN-CRT-001-003324,2026-07-21 11:33:14,2026-07-21,Tuesday,11,False,Traditional,1,CASH-131,Cash,14,2,True,99.59,121.8,81.5,24.7,41.1,18.7,0.0,,165.9,3
TXN-CRT-001-003325,2026-07-21 11:33:30,2026-07-21,Tuesday,11,False,Traditional,4,CASH-114,Cash,21,4,True,122.19,39.1,66.0,25.3,66.0,32.4,0.0,,189.7,4
TXN-CRT-001-003326,2026-07-21 11:33:53,2026-07-21,Tuesday,11,False,Traditional,1,CASH-115,Flous (Mobile),3,0,False,15.9,16.7,17.0,0.0,30.0,32.6,0.0,,79.6,4
TXN-CRT-001-003327,2026-07-21 11:36:46,2026-07-21,Tuesday,11,False,Traditional,8,CASH-114,Cash,15,4,True,116.35,34.3,69.3,33.0,25.7,17.6,0.0,,145.6,4
TXN-CRT-001-003328,2026-07-21 11:38:29,2026-07-21,Tuesday,11,False,Traditional,7,CASH-103,Flous (Mobile),10,1,True,48.15,36.5,53.1,18.8,24.2,36.4,0.0,,132.6,4
TXN-CRT-001-003329,2026-07-21 11:41:46,2026-07-21,Tuesday,11,False,Traditional,3,CASH-105,Flous (Mobile),11,1,True,38.39,33.3,37.8,33.6,39.6,22.1,0.0,,133.2,4
TXN-CRT-001-003330,2026-07-21 11:45:10,2026-07-21,Tuesday,11,False,Traditional,1,CASH-113,Cash,46,13,True,187.28,45.6,123.5,19.1,70.6,17.9,0.0,,231.1,4
TXN-CRT-001-003331,2026-07-21 11:51:20,2026-07-21,Tuesday,11,False,Traditional,6,CASH-134,Card (International),7,3,True,34.64,25.3,31.3,34.5,47.6,22.7,0.0,,136.1,4
TXN-CRT-001-003332,2026-07-21 11:55:08,2026-07-21,Tuesday,11,False,Traditional,5,CASH-106,Card (Local),10,2,True,69.44,17.6,46.2,33.6,24.1,39.0,0.0,,143.0,4
TXN-CRT-001-003333,2026-07-21 11:55:39,2026-07-21,Tuesday,11,False,Traditional,6,CASH-128,Card (International),16,3,True,117.17,8.5,111.8,40.1,38.3,27.1,0.0,,217.4,4
TXN-CRT-001-003334,2026-07-21 12:03:34,2026-07-21,Tuesday,12,False,Traditional,7,CASH-102,Cash,35,8,True,146.45,91.0,130.0,41.9,27.7,32.2,0.0,,231.8,4
TXN-CRT-001-003335,2026-07-21 12:05:58,2026-07-21,Tuesday,12,False,Self-Service,10,,Card (International),13,3,True,90.61,57.6,110.0,64.9,27.4,43.5,137.4,Payment terminal error,383.2,2
TXN-CRT-001-003336,2026-07-21 12:07:01,2026-07-21,Tuesday,12,False,Traditional,2,CASH-111,Cash,25,10,True,174.73,76.3,93.7,34.2,40.4,34.3,0.0,,202.6,3
TXN-CRT-001-003337,2026-07-21 12:07:14,2026-07-21,Tuesday,12,False,Self-Service,10,,Check,34,10,True,290.02,69.3,136.3,50.9,47.7,25.8,0.0,,260.8,4
TXN-CRT-001-003338,2026-07-21 12:11:00,2026-07-21,Tuesday,12,False,Traditional,1,CASH-102,Cash,10,1,True,69.23,48.1,68.4,29.3,42.2,21.2,0.0,,161.1,4
TXN-CRT-001-003339,2026-07-21 12:13:17,2026-07-21,Tuesday,12,False,Traditional,1,CASH-133,Cash,12,2,True,36.62,45.6,79.6,44.8,63.7,33.8,0.0,,221.9,4
TXN-CRT-001-003340,2026-07-21 12:17:37,2026-07-21,Tuesday,12,False,Traditional,7,CASH-110,Card (International),11,3,True,35.7,157.6,74.2,26.3,48.9,24.0,0.0,,173.5,3
TXN-CRT-001-003341,2026-07-21 12:17:38,2026-07-21,Tuesday,12,False,Self-Service,10,,Flous (Mobile),31,8,True,149.8,33.7,168.8,62.1,37.5,30.8,0.0,,299.3,4
TXN-CRT-001-003342,2026-07-21 12:18:16,2026-07-21,Tuesday,12,False,Traditional,7,CASH-127,Card (Local),2,0,False,6.85,51.9,9.3,0.0,24.5,39.6,0.0,,73.4,4
TXN-CRT-001-003343,2026-07-21 12:25:09,2026-07-21,Tuesday,12,False,Traditional,7,CASH-133,Cash,10,4,True,52.58,36.2,51.3,34.7,40.5,39.3,0.0,,165.8,4
TXN-CRT-001-003344,2026-07-21 12:27:10,2026-07-21,Tuesday,12,False,Traditional,5,CASH-108,Cash,22,7,True,109.54,21.9,79.7,16.5,33.8,23.8,0.0,,153.8,4
TXN-CRT-001-003345,2026-07-21 12:28:04,2026-07-21,Tuesday,12,False,Traditional,2,CASH-135,Check,18,4,True,123.48,202.8,68.9,40.5,51.9,26.1,0.0,,187.4,3
TXN-CRT-001-003346,2026-07-21 12:34:05,2026-07-21,Tuesday,12,False,Traditional,2,CASH-108,Card (International),14,5,True,47.42,73.9,44.5,23.0,40.7,27.7,0.0,,135.9,3
TXN-CRT-001-003347,2026-07-21 12:34:39,2026-07-21,Tuesday,12,False,Traditional,1,CASH-118,Card (International),17,5,True,63.95,29.5,43.0,39.5,42.2,22.8,130.0,Payment terminal error,277.5,3
TXN-CRT-001-003348,2026-07-21 12:39:27,2026-07-21,Tuesday,12,False,Traditional,7,CASH-116,Cash,7,3,True,38.76,24.4,24.9,20.9,27.0,30.1,0.0,,102.9,4
TXN-CRT-001-003349,2026-07-21 12:40:32,2026-07-21,Tuesday,12,False,Traditional,6,CASH-114,Cash,13,6,True,45.44,81.3,39.4,17.0,30.2,24.8,0.0,,111.4,4
TXN-CRT-001-003350,2026-07-21 12:42:05,2026-07-21,Tuesday,12,False,Traditional,5,CASH-121,Card (Local),15,3,True,83.38,105.3,77.6,28.2,32.9,31.4,0.0,,170.1,4
TXN-CRT-001-003351,2026-07-21 12:46:51,2026-07-21,Tuesday,12,False,Traditional,2,CASH-134,Flous (Mobile),39,8,True,210.56,19.2,207.5,19.9,31.5,38.5,0.0,,297.3,4
TXN-CRT-001-003352,2026-07-21 12:51:03,2026-07-21,Tuesday,12,False,Traditional,2,CASH-127,Cash,9,4,True,45.82,44.1,33.6,42.9,32.6,16.9,0.0,,126.0,4
TXN-CRT-001-003353,2026-07-21 12:53:32,2026-07-21,Tuesday,12,False,Self-Service,11,,Flous (Mobile),35,11,True,305.83,51.7,332.2,39.3,30.4,45.8,0.0,,447.7,4
TXN-CRT-001-003354,2026-07-21 12:56:01,2026-07-21,Tuesday,12,False,Traditional,4,CASH-112,Card (Local),20,8,True,89.37,52.0,87.7,35.9,25.8,38.5,0.0,,188.0,4
TXN-CRT-001-003355,2026-07-21 12:56:41,2026-07-21,Tuesday,12,False,Traditional,5,CASH-135,Cash,1,0,False,5.83,59.8,2.8,0.0,38.2,30.6,119.0,Barcode not scanning,190.5,3
TXN-CRT-001-003356,2026-07-21 12:59:00,2026-07-21,Tuesday,12,False,Traditional,1,CASH-116,Cash,24,7,True,160.52,40.8,132.4,28.2,74.7,20.6,0.0,,255.9,4
TXN-CRT-001-003357,2026-07-21 13:01:55,2026-07-21,Tuesday,13,False,Traditional,8,CASH-124,Cash,2,0,False,8.0,46.8,12.7,0.0,48.5,40.0,0.0,,101.2,4
TXN-CRT-001-003358,2026-07-21 13:02:17,2026-07-21,Tuesday,13,False,Traditional,6,CASH-133,Card (Local),50,12,True,200.81,48.8,284.0,38.3,24.6,38.7,0.0,,385.6,3
TXN-CRT-001-003359,2026-07-21 13:06:27,2026-07-21,Tuesday,13,False,Traditional,2,CASH-101,Cash,36,6,True,199.38,18.2,128.2,30.2,29.1,30.8,0.0,,218.2,4
TXN-CRT-001-003360,2026-07-21 13:06:33,2026-07-21,Tuesday,13,False,Traditional,7,CASH-124,Cash,10,1,True,31.37,155.1,71.1,35.0,65.3,24.6,0.0,,195.9,3
TXN-CRT-001-003361,2026-07-21 13:09:54,2026-07-21,Tuesday,13,False,Traditional,5,CASH-135,Card (International),9,0,False,40.96,84.7,36.7,0.0,41.8,28.5,0.0,,107.1,4
TXN-CRT-001-003362,2026-07-21 13:10:38,2026-07-21,Tuesday,13,False,Traditional,8,CASH-134,Cash,12,3,True,81.6,101.5,77.4,27.4,40.9,33.1,0.0,,178.8,3
TXN-CRT-001-003363,2026-07-21 13:11:20,2026-07-21,Tuesday,13,False,Traditional,1,CASH-129,Cash,11,2,True,70.12,61.6,52.1,31.9,26.8,34.7,0.0,,145.5,3
TXN-CRT-001-003364,2026-07-21 13:16:23,2026-07-21,Tuesday,13,False,Traditional,1,CASH-132,Cash,12,1,True,91.78,206.9,41.6,16.9,74.6,15.5,0.0,,148.7,3
TXN-CRT-001-003365,2026-07-21 13:17:12,2026-07-21,Tuesday,13,False,Express (<10 items),13,CASH-145,Cash,10,2,True,44.09,2.6,59.9,19.2,56.4,35.0,0.0,,170.5,4
TXN-CRT-001-003366,2026-07-21 13:21:06,2026-07-21,Tuesday,13,False,Traditional,4,CASH-128,Card (International),20,3,True,53.27,53.2,80.2,25.1,34.2,34.1,0.0,,173.5,4
TXN-CRT-001-003367,2026-07-21 13:24:14,2026-07-21,Tuesday,13,False,Traditional,7,CASH-133,Cash,6,3,True,43.15,23.8,27.7,24.6,53.3,36.0,0.0,,141.6,4
TXN-CRT-001-003368,2026-07-21 13:25:57,2026-07-21,Tuesday,13,False,Traditional,7,CASH-103,Card (International),33,7,True,254.69,56.4,151.1,17.7,25.9,28.0,0.0,,222.6,4
TXN-CRT-001-003369,2026-07-21 13:26:26,2026-07-21,Tuesday,13,False,Traditional,4,CASH-130,Card (Local),29,6,True,303.39,134.8,102.9,38.4,29.8,21.0,0.0,,192.2,3
TXN-CRT-001-003370,2026-07-21 13:28:04,2026-07-21,Tuesday,13,False,Traditional,5,CASH-127,Cash,15,5,True,114.03,80.1,60.5,20.1,36.8,33.6,0.0,,151.0,3
TXN-CRT-001-003371,2026-07-21 13:30:07,2026-07-21,Tuesday,13,False,Traditional,3,CASH-132,Cash,33,9,True,170.99,49.2,178.7,20.2,33.8,24.2,0.0,,256.9,4
TXN-CRT-001-003372,2026-07-21 13:32:55,2026-07-21,Tuesday,13,False,Traditional,7,CASH-104,Cash,9,3,True,51.81,144.2,65.9,20.4,42.4,35.9,45.2,Payment terminal error,209.9,3
TXN-CRT-001-003373,2026-07-21 13:33:36,2026-07-21,Tuesday,13,False,Traditional,7,CASH-112,Cash,1,0,False,7.58,95.0,7.5,0.0,65.5,26.6,0.0,,99.6,3
TXN-CRT-001-003374,2026-07-21 13:34:34,2026-07-21,Tuesday,13,False,Traditional,3,CASH-118,Card (International),20,8,True,50.84,74.2,83.3,42.3,32.1,18.1,0.0,,175.8,3
TXN-CRT-001-003375,2026-07-21 13:37:34,2026-07-21,Tuesday,13,False,Traditional,7,CASH-119,Card (Local),14,2,True,106.57,72.8,49.1,29.9,18.9,20.1,0.0,,118.0,3
TXN-CRT-001-003376,2026-07-21 13:37:41,2026-07-21,Tuesday,13,False,Traditional,8,CASH-127,Cash,18,9,True,73.64,91.2,102.1,43.7,31.5,33.6,87.1,Item return/exchange,297.9,3
TXN-CRT-001-003377,2026-07-21 13:43:39,2026-07-21,Tuesday,13,False,Traditional,1,CASH-117,Cash,39,12,True,310.85,31.6,263.9,26.6,66.5,21.8,0.0,,378.9,3
TXN-CRT-001-003378,2026-07-21 13:48:21,2026-07-21,Tuesday,13,False,Traditional,4,CASH-118,Cash,47,12,True,259.76,28.4,277.2,15.1,57.5,39.2,0.0,,388.9,4
TXN-CRT-001-003379,2026-07-21 13:50:51,2026-07-21,Tuesday,13,False,Traditional,7,CASH-111,Card (Local),20,6,True,157.86,21.7,147.0,21.2,30.3,25.0,90.5,Supervisor approval needed,314.1,3
TXN-CRT-001-003380,2026-07-21 13:51:49,2026-07-21,Tuesday,13,False,Traditional,2,CASH-113,Cash,26,7,True,198.49,32.8,142.0,31.4,72.1,15.9,0.0,,261.5,4
TXN-CRT-001-003381,2026-07-21 13:53:52,2026-07-21,Tuesday,13,False,Traditional,8,CASH-123,Cash,4,0,False,15.29,138.2,13.0,0.0,43.0,33.1,0.0,,89.1,3
TXN-CRT-001-003382,2026-07-21 13:56:28,2026-07-21,Tuesday,13,False,Traditional,8,CASH-134,Cash,6,1,True,19.21,44.1,35.3,43.7,36.4,23.8,0.0,,139.2,4
TXN-CRT-001-003383,2026-07-21 13:58:45,2026-07-21,Tuesday,13,False,Traditional,2,CASH-125,Card (Local),24,10,True,202.43,140.1,117.0,34.5,29.4,38.1,0.0,,218.9,3
TXN-CRT-001-003384,2026-07-21 13:59:27,2026-07-21,Tuesday,13,False,Traditional,6,CASH-118,Flous (Mobile),13,3,True,34.2,30.9,49.6,37.3,33.2,28.4,0.0,,148.5,4
TXN-CRT-001-003385,2026-07-21 14:00:07,2026-07-21,Tuesday,14,False,Traditional,1,CASH-133,Cash,14,3,True,58.11,108.2,38.6,41.5,32.1,33.1,0.0,,145.2,3
TXN-CRT-001-003386,2026-07-21 14:00:10,2026-07-21,Tuesday,14,False,Self-Service,10,,Cash,10,3,True,59.21,122.2,66.2,61.1,69.6,47.8,0.0,,244.8,3
TXN-CRT-001-003387,2026-07-21 14:02:32,2026-07-21,Tuesday,14,False,Traditional,7,CASH-118,Check,19,5,True,142.6,57.2,123.8,41.9,42.3,25.1,47.4,Supervisor approval needed,280.5,4
TXN-CRT-001-003388,2026-07-21 14:05:23,2026-07-21,Tuesday,14,False,Traditional,3,CASH-102,Cash,7,0,False,44.92,43.6,38.9,0.0,25.2,24.1,0.0,,88.3,4
TXN-CRT-001-003389,2026-07-21 14:06:43,2026-07-21,Tuesday,14,False,Traditional,6,CASH-112,Card (Local),20,6,True,86.24,26.6,110.4,29.2,32.4,19.1,0.0,,191.1,4
TXN-CRT-001-003390,2026-07-21 14:11:24,2026-07-21,Tuesday,14,False,Traditional,8,CASH-131,Cash,7,2,True,29.1,99.4,35.2,16.1,43.7,29.1,0.0,,124.1,4
TXN-CRT-001-003391,2026-07-21 14:18:09,2026-07-21,Tuesday,14,False,Traditional,2,CASH-102,Card (Local),3,0,False,17.62,42.4,22.4,0.0,21.8,23.4,0.0,,67.6,4
TXN-CRT-001-003392,2026-07-21 14:22:56,2026-07-21,Tuesday,14,False,Self-Service,11,,Cash,11,5,True,80.23,38.3,84.6,44.0,63.5,36.7,0.0,,228.8,4
TXN-CRT-001-003393,2026-07-21 14:46:32,2026-07-21,Tuesday,14,False,Self-Service,10,,Check,8,1,True,25.55,66.6,83.1,44.3,69.0,21.3,0.0,,217.6,4
TXN-CRT-001-003394,2026-07-21 14:48:11,2026-07-21,Tuesday,14,False,Traditional,7,CASH-110,Card (Local),38,9,True,319.94,80.3,231.1,29.6,34.3,35.6,0.0,,330.7,3
TXN-CRT-001-003395,2026-07-21 14:50:07,2026-07-21,Tuesday,14,False,Self-Service,9,,Card (International),3,0,False,9.08,25.4,29.6,0.0,40.6,42.0,0.0,,112.2,4
TXN-CRT-001-003396,2026-07-21 14:53:23,2026-07-21,Tuesday,14,False,Express (<10 items),12,CASH-145,Card (Local),7,2,True,42.75,66.4,31.6,35.2,18.2,21.3,0.0,,106.3,4
TXN-CRT-001-003397,2026-07-21 14:53:44,2026-07-21,Tuesday,14,False,Traditional,3,CASH-103,Card (Local),17,4,True,69.42,122.6,74.0,18.1,31.7,15.4,0.0,,139.2,3
TXN-CRT-001-003398,2026-07-21 14:58:57,2026-07-21,Tuesday,14,False,Traditional,1,CASH-132,Cash,15,3,True,83.34,21.4,100.4,25.4,41.2,29.9,0.0,,196.9,4
TXN-CRT-001-003399,2026-07-21 15:22:26,2026-07-21,Tuesday,15,False,Traditional,2,CASH-124,Flous (Mobile),2,1,True,13.8,100.9,14.7,16.2,28.0,28.4,0.0,,87.2,4
TXN-CRT-001-003400,2026-07-21 15:39:12,2026-07-21,Tuesday,15,False,Traditional,3,CASH-117,Check,1,0,False,4.08,100.3,5.5,0.0,83.3,33.7,0.0,,122.4,4
TXN-CRT-001-003401,2026-07-21 15:43:53,2026-07-21,Tuesday,15,False,Traditional,7,CASH-110,Cash,49,15,True,388.41,106.3,162.6,20.1,34.1,21.3,89.9,Item return/exchange,328.0,2
TXN-CRT-001-003402,2026-07-21 15:46:20,2026-07-21,Tuesday,15,False,Traditional,6,CASH-110,Flous (Mobile),21,6,True,81.81,82.7,59.2,18.2,20.7,25.7,0.0,,123.9,4
TXN-CRT-001-003403,2026-07-21 15:48:36,2026-07-21,Tuesday,15,False,Express (<10 items),13,CASH-140,Card (Local),12,7,True,63.66,79.7,66.7,40.4,24.5,21.1,0.0,,152.6,4
TXN-CRT-001-003404,2026-07-21 15:56:53,2026-07-21,Tuesday,15,False,Traditional,3,CASH-103,Card (Local),15,4,True,83.33,98.6,94.6,38.9,19.5,22.5,0.0,,175.6,4
TXN-CRT-001-003405,2026-07-21 15:57:36,2026-07-21,Tuesday,15,False,Traditional,7,CASH-106,Cash,9,0,False,52.71,66.4,60.0,0.0,73.8,18.8,0.0,,152.6,4
TXN-CRT-001-003406,2026-07-21 16:01:52,2026-07-21,Tuesday,16,False,Traditional,1,CASH-120,Cash,11,1,True,28.87,36.0,34.8,19.3,32.9,25.3,0.0,,112.3,4
TXN-CRT-001-003407,2026-07-21 16:12:53,2026-07-21,Tuesday,16,False,Self-Service,10,,Cash,21,8,True,118.8,35.4,227.5,27.7,56.8,47.9,0.0,,360.0,3
TXN-CRT-001-003408,2026-07-21 16:15:32,2026-07-21,Tuesday,16,False,Express (<10 items),12,CASH-143,Cash,37,12,True,345.76,47.9,122.0,19.7,39.4,15.6,0.0,,196.6,4
TXN-CRT-001-003409,2026-07-21 16:38:59,2026-07-21,Tuesday,16,False,Traditional,1,CASH-125,Cash,7,1,True,44.85,86.6,22.1,36.1,25.8,17.4,0.0,,101.3,4
TXN-CRT-001-003410,2026-07-21 16:42:58,2026-07-21,Tuesday,16,False,Traditional,6,CASH-135,Cash,32,9,True,164.11,49.0,164.2,33.1,52.2,31.8,0.0,,281.4,4
TXN-CRT-001-003411,2026-07-21 16:49:21,2026-07-21,Tuesday,16,False,Traditional,3,CASH-114,Cash,5,1,True,25.28,43.2,18.4,16.8,54.3,27.2,0.0,,116.7,4
TXN-CRT-001-003412,2026-07-21 16:52:29,2026-07-21,Tuesday,16,False,Traditional,2,CASH-126,Check,8,4,True,45.75,105.6,57.3,25.1,77.9,30.1,0.0,,190.4,4
TXN-CRT-001-003413,2026-07-21 16:53:40,2026-07-21,Tuesday,16,False,Traditional,8,CASH-113,Cash,2,2,True,6.27,58.5,6.2,43.2,74.9,19.6,0.0,,143.9,4
TXN-CRT-001-003414,2026-07-21 16:59:31,2026-07-21,Tuesday,16,False,Traditional,6,CASH-107,Cash,6,4,True,19.81,15.8,37.1,30.6,45.4,27.2,0.0,,140.3,4
TXN-CRT-001-003415,2026-07-21 17:01:03,2026-07-21,Tuesday,17,False,Traditional,6,CASH-122,Cash,41,13,True,212.18,21.7,114.0,38.0,62.7,37.5,0.0,,252.1,4
TXN-CRT-001-003416,2026-07-21 17:01:21,2026-07-21,Tuesday,17,False,Traditional,6,CASH-126,Cash,14,6,True,90.85,19.4,66.8,32.4,43.1,24.4,0.0,,166.7,4
TXN-CRT-001-003417,2026-07-21 17:02:59,2026-07-21,Tuesday,17,False,Traditional,2,CASH-123,Card (International),4,0,False,25.81,50.0,10.1,0.0,29.7,31.0,38.1,Supervisor approval needed,108.9,3
TXN-CRT-001-003418,2026-07-21 17:14:58,2026-07-21,Tuesday,17,False,Traditional,8,CASH-133,Card (Local),46,14,True,253.46,22.5,321.1,22.1,18.9,27.1,0.0,,389.3,4
TXN-CRT-001-003419,2026-07-21 17:16:54,2026-07-21,Tuesday,17,False,Traditional,8,CASH-125,Card (International),36,10,True,200.66,43.6,112.0,44.1,35.6,36.0,0.0,,227.6,4
TXN-CRT-001-003420,2026-07-21 17:21:28,2026-07-21,Tuesday,17,False,Traditional,8,CASH-127,Cash,25,10,True,165.31,33.7,71.1,37.4,70.7,19.9,0.0,,199.1,4
TXN-CRT-001-003421,2026-07-21 17:23:20,2026-07-21,Tuesday,17,False,Traditional,5,CASH-134,Card (Local),43,11,True,353.24,13.0,138.8,24.6,28.2,28.6,0.0,,220.2,4
TXN-CRT-001-003422,2026-07-21 17:24:56,2026-07-21,Tuesday,17,False,Traditional,2,CASH-107,Cash,8,0,False,62.14,21.3,38.0,0.0,47.7,28.6,0.0,,114.4,4
TXN-CRT-001-003423,2026-07-21 17:29:00,2026-07-21,Tuesday,17,False,Traditional,3,CASH-118,Cash,32,9,True,308.09,143.8,190.6,20.8,50.1,16.6,0.0,,278.1,3
TXN-CRT-001-003424,2026-07-21 17:33:56,2026-07-21,Tuesday,17,False,Traditional,8,CASH-104,Cash,22,6,True,165.04,39.3,120.3,20.0,74.6,38.7,0.0,,253.5,4
TXN-CRT-001-003425,2026-07-21 17:39:14,2026-07-21,Tuesday,17,False,Traditional,5,CASH-116,Cash,35,7,True,288.05,37.3,121.9,36.6,29.1,27.5,0.0,,215.2,4
TXN-CRT-001-003426,2026-07-21 17:39:15,2026-07-21,Tuesday,17,False,Traditional,7,CASH-118,Cash,28,6,True,167.41,35.8,94.7,19.9,41.9,39.9,0.0,,196.4,4
TXN-CRT-001-003427,2026-07-21 17:45:20,2026-07-21,Tuesday,17,False,Traditional,3,CASH-135,Cash,11,3,True,72.06,61.2,54.2,15.8,54.0,32.6,0.0,,156.7,4
TXN-CRT-001-003428,2026-07-21 17:48:23,2026-07-21,Tuesday,17,False,Traditional,2,CASH-117,Check,27,6,True,247.53,51.1,178.0,16.3,76.0,17.4,0.0,,287.6,4
TXN-CRT-001-003429,2026-07-21 17:49:08,2026-07-21,Tuesday,17,False,Self-Service,9,,Cash,9,2,True,43.78,165.3,41.0,61.1,74.4,27.5,0.0,,204.0,3
TXN-CRT-001-003430,2026-07-21 17:53:17,2026-07-21,Tuesday,17,False,Traditional,3,CASH-122,Cash,11,1,True,66.08,110.2,51.9,15.8,58.3,31.1,0.0,,157.0,3
TXN-CRT-001-003431,2026-07-21 17:57:24,2026-07-21,Tuesday,17,False,Traditional,5,CASH-118,Cash,5,3,True,31.46,161.9,30.2,42.2,59.9,23.7,0.0,,155.9,3
TXN-CRT-001-003432,2026-07-21 18:01:32,2026-07-21,Tuesday,18,False,Express (<10 items),12,CASH-141,Card (Local),43,13,True,221.66,85.6,305.4,33.4,21.2,31.1,0.0,,391.1,3
TXN-CRT-001-003433,2026-07-21 18:02:44,2026-07-21,Tuesday,18,False,Traditional,7,CASH-116,Cash,10,0,False,58.43,78.4,30.6,0.0,71.2,36.5,0.0,,138.3,4
TXN-CRT-001-003434,2026-07-21 18:05:50,2026-07-21,Tuesday,18,False,Traditional,3,CASH-127,Flous (Mobile),16,5,True,87.8,20.5,105.0,41.5,37.3,20.2,0.0,,204.0,4
TXN-CRT-001-003435,2026-07-21 18:06:28,2026-07-21,Tuesday,18,False,Traditional,7,CASH-130,Check,12,4,True,30.97,15.5,60.5,43.3,58.3,30.6,0.0,,192.7,4
TXN-CRT-001-003436,2026-07-21 18:09:09,2026-07-21,Tuesday,18,False,Traditional,5,CASH-113,Cash,46,5,True,154.78,13.7,300.5,33.3,42.0,34.1,0.0,,409.9,3
TXN-CRT-001-003437,2026-07-21 18:09:59,2026-07-21,Tuesday,18,False,Traditional,3,CASH-112,Cash,11,2,True,47.56,45.2,68.5,25.2,49.1,29.3,134.9,Supervisor approval needed,306.9,2
TXN-CRT-001-003438,2026-07-21 18:16:37,2026-07-21,Tuesday,18,False,Traditional,3,CASH-127,Cash,27,7,True,169.78,95.9,114.1,42.3,31.5,19.5,0.0,,207.4,3
TXN-CRT-001-003439,2026-07-21 18:18:14,2026-07-21,Tuesday,18,False,Self-Service,9,,Card (Local),34,8,True,268.67,30.4,164.9,24.1,33.1,36.7,0.0,,258.8,4
TXN-CRT-001-003440,2026-07-21 18:18:17,2026-07-21,Tuesday,18,False,Self-Service,11,,Cash,14,5,True,103.81,24.7,106.6,43.4,48.3,38.9,0.0,,237.3,4
TXN-CRT-001-003441,2026-07-21 18:18:34,2026-07-21,Tuesday,18,False,Traditional,8,CASH-113,Cash,12,3,True,35.48,90.6,74.6,17.9,52.4,33.5,0.0,,178.4,4
TXN-CRT-001-003442,2026-07-21 18:20:06,2026-07-21,Tuesday,18,False,Traditional,6,CASH-114,Cash,25,4,True,152.92,25.0,110.1,25.9,52.8,34.3,0.0,,223.1,4
TXN-CRT-001-003443,2026-07-21 18:22:54,2026-07-21,Tuesday,18,False,Traditional,2,CASH-117,Card (Local),40,16,True,153.87,138.4,232.9,19.2,32.4,36.6,0.0,,321.1,2
TXN-CRT-001-003444,2026-07-21 18:24:25,2026-07-21,Tuesday,18,False,Express (<10 items),13,CASH-141,Cash,25,5,True,177.93,22.1,140.2,18.9,59.2,35.1,0.0,,253.3,4
TXN-CRT-001-003445,2026-07-21 18:29:10,2026-07-21,Tuesday,18,False,Express (<10 items),12,CASH-143,Cash,8,3,True,45.86,95.6,51.5,18.1,30.5,31.7,0.0,,131.9,4
TXN-CRT-001-003446,2026-07-21 18:29:57,2026-07-21,Tuesday,18,False,Traditional,5,CASH-104,Card (Local),38,7,True,238.73,62.3,261.1,25.7,25.0,31.3,0.0,,343.1,3
TXN-CRT-001-003447,2026-07-21 18:31:05,2026-07-21,Tuesday,18,False,Traditional,6,CASH-133,Card (Local),12,2,True,44.52,4.8,38.6,34.8,25.6,37.4,0.0,,136.3,4
TXN-CRT-001-003448,2026-07-21 18:32:37,2026-07-21,Tuesday,18,False,Traditional,5,CASH-105,Flous (Mobile),18,4,True,47.03,26.9,115.7,43.0,36.5,38.7,0.0,,234.0,4
TXN-CRT-001-003449,2026-07-21 18:47:25,2026-07-21,Tuesday,18,False,Traditional,3,CASH-105,Cash,31,6,True,174.03,99.4,165.6,24.1,26.8,20.0,0.0,,236.5,4
TXN-CRT-001-003450,2026-07-21 18:50:30,2026-07-21,Tuesday,18,False,Traditional,2,CASH-131,Card (International),7,2,True,32.84,13.4,23.5,23.7,44.1,34.0,0.0,,125.3,4
TXN-CRT-001-003451,2026-07-21 18:51:17,2026-07-21,Tuesday,18,False,Traditional,6,CASH-123,Card (Local),28,5,True,222.93,37.6,91.8,27.9,22.6,33.2,0.0,,175.5,4
TXN-CRT-001-003452,2026-07-21 18:56:36,2026-07-21,Tuesday,18,False,Traditional,5,CASH-125,Cash,19,5,True,136.21,14.0,140.4,34.0,39.7,20.5,0.0,,234.7,4
TXN-CRT-001-003453,2026-07-21 18:57:58,2026-07-21,Tuesday,18,False,Traditional,6,CASH-127,Card (Local),38,11,True,194.89,45.4,227.1,42.2,32.3,39.9,0.0,,341.5,4
TXN-CRT-001-003454,2026-07-21 19:02:33,2026-07-21,Tuesday,19,False,Traditional,8,CASH-106,Cash,7,0,False,47.29,67.2,20.0,0.0,32.5,36.0,0.0,,88.5,4
TXN-CRT-001-003455,2026-07-21 19:06:24,2026-07-21,Tuesday,19,False,Express (<10 items),12,CASH-140,Check,13,5,True,68.17,55.5,68.4,16.9,73.8,38.4,0.0,,197.6,4
TXN-CRT-001-003456,2026-07-21 19:12:45,2026-07-21,Tuesday,19,False,Traditional,6,CASH-120,Cash,31,6,True,271.94,59.0,178.3,15.9,70.7,33.4,0.0,,298.4,4
TXN-CRT-001-003457,2026-07-21 19:15:02,2026-07-21,Tuesday,19,False,Traditional,7,CASH-128,Card (Local),1,0,False,7.32,55.3,7.3,0.0,19.3,39.7,0.0,,66.4,4
TXN-CRT-001-003458,2026-07-21 19:21:36,2026-07-21,Tuesday,19,False,Traditional,3,CASH-125,Cash,5,2,True,12.75,42.2,21.6,37.1,63.6,21.9,0.0,,144.2,4
TXN-CRT-001-003459,2026-07-21 19:23:25,2026-07-21,Tuesday,19,False,Traditional,1,CASH-124,Check,49,12,True,229.55,88.4,229.8,28.9,61.7,31.3,0.0,,351.7,3
TXN-CRT-001-003460,2026-07-21 19:24:03,2026-07-21,Tuesday,19,False,Traditional,3,CASH-134,Cash,9,2,True,59.33,13.0,35.6,19.9,45.7,38.4,0.0,,139.6,4
TXN-CRT-001-003461,2026-07-21 19:24:56,2026-07-21,Tuesday,19,False,Traditional,3,CASH-118,Check,48,9,True,388.3,133.4,232.0,34.8,41.5,28.1,0.0,,336.4,3
TXN-CRT-001-003462,2026-07-21 19:27:26,2026-07-21,Tuesday,19,False,Traditional,6,CASH-104,Flous (Mobile),7,3,True,29.11,57.1,43.1,37.0,22.2,22.4,0.0,,124.6,4
TXN-CRT-001-003463,2026-07-21 19:31:37,2026-07-21,Tuesday,19,False,Traditional,8,CASH-134,Cash,12,3,True,30.31,14.8,47.4,38.1,43.6,30.2,0.0,,159.3,4
TXN-CRT-001-003464,2026-07-21 19:37:07,2026-07-21,Tuesday,19,False,Traditional,1,CASH-123,Card (International),25,4,True,91.69,121.6,78.6,18.4,37.7,22.7,0.0,,157.4,3
TXN-CRT-001-003465,2026-07-21 19:38:10,2026-07-21,Tuesday,19,False,Traditional,1,CASH-131,Check,21,5,True,172.91,43.3,54.6,23.4,69.2,35.7,0.0,,182.8,4
TXN-CRT-001-003466,2026-07-21 19:41:43,2026-07-21,Tuesday,19,False,Traditional,1,CASH-108,Cash,18,6,True,116.29,33.0,115.1,16.9,33.5,19.8,156.0,Barcode not scanning,341.3,3
TXN-CRT-001-003467,2026-07-21 19:42:31,2026-07-21,Tuesday,19,False,Traditional,2,CASH-104,Cash,16,4,True,70.1,15.1,113.4,20.2,26.5,29.2,0.0,,189.3,4
TXN-CRT-001-003468,2026-07-21 19:48:09,2026-07-21,Tuesday,19,False,Traditional,7,CASH-131,Card (Local),32,5,True,289.74,30.0,194.1,27.4,19.0,21.6,0.0,,262.1,4
TXN-CRT-001-003469,2026-07-21 19:49:05,2026-07-21,Tuesday,19,False,Traditional,4,CASH-103,Cash,8,2,True,24.75,91.5,22.4,16.2,67.4,32.1,0.0,,138.1,4
TXN-CRT-001-003470,2026-07-21 19:50:18,2026-07-21,Tuesday,19,False,Traditional,6,CASH-125,Cash,14,2,True,76.16,23.6,37.0,25.4,64.3,20.4,0.0,,147.2,4
TXN-CRT-001-003471,2026-07-21 19:51:06,2026-07-21,Tuesday,19,False,Traditional,7,CASH-108,Cash,6,1,True,25.41,92.7,30.7,28.7,40.8,24.7,94.6,Barcode not scanning,219.4,2
TXN-CRT-001-003472,2026-07-21 19:51:57,2026-07-21,Tuesday,19,False,Traditional,5,CASH-107,Cash,19,7,True,76.95,37.8,109.0,23.0,38.2,20.7,0.0,,191.0,4
TXN-CRT-001-003473,2026-07-21 19:54:27,2026-07-21,Tuesday,19,False,Traditional,1,CASH-117,Cash,9,2,True,69.86,20.9,37.4,15.6,42.6,21.6,0.0,,117.3,4
TXN-CRT-001-003474,2026-07-21 19:54:38,2026-07-21,Tuesday,19,False,Traditional,8,CASH-101,Cash,11,2,True,83.65,31.4,52.7,16.6,32.8,23.6,0.0,,125.6,4
TXN-CRT-001-003475,2026-07-21 19:58:38,2026-07-21,Tuesday,19,False,Traditional,3,CASH-112,Flous (Mobile),15,6,True,69.19,70.4,66.6,18.1,26.7,17.9,0.0,,129.4,4
TXN-CRT-001-003476,2026-07-21 19:59:00,2026-07-21,Tuesday,19,False,Traditional,4,CASH-111,Card (Local),2,1,True,14.18,58.9,9.3,41.0,26.0,17.4,0.0,,93.7,4
TXN-CRT-001-003477,2026-07-21 20:02:09,2026-07-21,Tuesday,20,False,Express (<10 items),12,CASH-139,Cash,4,1,True,22.39,86.2,14.9,18.4,44.6,31.2,0.0,,109.1,3
TXN-CRT-001-003478,2026-07-21 20:04:24,2026-07-21,Tuesday,20,False,Traditional,5,CASH-122,Card (Local),22,4,True,130.57,39.4,90.8,34.0,34.2,36.8,0.0,,195.8,4
TXN-CRT-001-003479,2026-07-21 20:15:17,2026-07-21,Tuesday,20,False,Traditional,8,CASH-127,Card (Local),13,4,True,44.26,94.7,53.1,21.5,32.4,15.9,0.0,,122.9,3
TXN-CRT-001-003480,2026-07-21 20:18:08,2026-07-21,Tuesday,20,False,Traditional,3,CASH-101,Check,35,9,True,208.89,45.2,244.4,20.6,40.3,18.6,0.0,,324.0,3
TXN-CRT-001-003481,2026-07-21 20:22:30,2026-07-21,Tuesday,20,False,Traditional,3,CASH-125,Cash,23,5,True,187.3,25.5,120.3,44.7,41.0,33.1,0.0,,239.1,4
TXN-CRT-001-003482,2026-07-21 20:24:19,2026-07-21,Tuesday,20,False,Traditional,6,CASH-123,Cash,1,1,True,3.29,17.6,7.1,31.5,46.8,34.8,0.0,,120.2,4
TXN-CRT-001-003483,2026-07-21 20:30:50,2026-07-21,Tuesday,20,False,Traditional,5,CASH-134,Flous (Mobile),19,7,True,130.56,39.8,88.2,32.8,26.4,38.6,0.0,,186.0,4
TXN-CRT-001-003484,2026-07-21 20:33:22,2026-07-21,Tuesday,20,False,Self-Service,9,,Flous (Mobile),4,2,True,24.86,49.7,26.5,30.1,34.7,38.4,0.0,,129.7,4
TXN-CRT-001-003485,2026-07-21 20:35:46,2026-07-21,Tuesday,20,False,Traditional,1,CASH-122,Card (Local),27,7,True,141.61,119.0,77.5,41.1,34.7,38.6,0.0,,192.0,3
TXN-CRT-001-003486,2026-07-21 20:43:16,2026-07-21,Tuesday,20,False,Traditional,2,CASH-123,Card (International),50,12,True,211.07,142.5,192.2,16.8,45.3,30.3,0.0,,284.6,3
TXN-CRT-001-003487,2026-07-21 20:50:42,2026-07-21,Tuesday,20,False,Traditional,8,CASH-112,Cash,16,2,True,96.32,142.2,53.2,36.6,56.2,38.5,0.0,,184.5,3
TXN-CRT-001-003488,2026-07-21 20:55:12,2026-07-21,Tuesday,20,False,Traditional,3,CASH-112,Cash,22,4,True,194.87,28.0,142.0,19.1,60.0,34.8,0.0,,256.0,4
TXN-CRT-001-003489,2026-07-21 21:06:03,2026-07-21,Tuesday,21,False,Traditional,3,CASH-124,Cash,8,3,True,37.02,23.3,40.8,40.7,40.3,16.9,0.0,,138.8,4
TXN-CRT-001-003490,2026-07-21 21:06:46,2026-07-21,Tuesday,21,False,Traditional,5,CASH-102,Cash,14,3,True,38.55,30.1,95.4,22.7,32.5,23.9,0.0,,174.6,4
TXN-CRT-001-003491,2026-07-21 21:08:19,2026-07-21,Tuesday,21,False,Traditional,8,CASH-120,Card (International),34,12,True,158.48,44.2,135.6,24.9,26.1,25.1,0.0,,211.8,4
TXN-CRT-001-003492,2026-07-21 21:12:18,2026-07-21,Tuesday,21,False,Traditional,4,CASH-119,Cash,7,1,True,40.8,10.1,23.6,22.3,71.8,25.8,0.0,,143.5,4
TXN-CRT-001-003493,2026-07-21 21:17:08,2026-07-21,Tuesday,21,False,Self-Service,9,,Cash,9,2,True,41.92,21.9,66.9,31.4,29.2,30.0,0.0,,157.4,4
TXN-CRT-001-003494,2026-07-21 21:18:35,2026-07-21,Tuesday,21,False,Self-Service,9,,Flous (Mobile),14,4,True,104.67,113.5,83.8,36.5,23.0,28.1,93.9,Payment terminal error,265.3,3
TXN-CRT-001-003495,2026-07-21 21:20:40,2026-07-21,Tuesday,21,False,Traditional,7,CASH-114,Cash,24,6,True,207.11,61.5,119.7,30.5,58.2,26.4,0.0,,234.8,4
TXN-CRT-001-003496,2026-07-21 21:26:26,2026-07-21,Tuesday,21,False,Traditional,2,CASH-128,Check,12,5,True,59.21,32.1,30.7,15.1,74.6,18.4,0.0,,138.7,4
TXN-CRT-001-003497,2026-07-21 21:30:15,2026-07-21,Tuesday,21,False,Self-Service,10,,Check,42,17,True,165.65,11.3,395.1,46.2,74.7,46.6,0.0,,562.6,4
TXN-CRT-001-003498,2026-07-21 21:41:20,2026-07-21,Tuesday,21,False,Self-Service,11,,Card (Local),4,0,False,13.45,60.4,50.4,0.0,25.7,25.4,0.0,,101.5,3
TXN-CRT-001-003499,2026-07-21 21:41:48,2026-07-21,Tuesday,21,False,Traditional,6,CASH-102,Cash,12,1,True,39.16,51.9,70.3,38.7,44.3,35.7,0.0,,189.0,4
TXN-CRT-001-003500,2026-07-21 21:45:49,2026-07-21,Tuesday,21,False,Traditional,1,CASH-118,Cash,23,3,True,112.2,21.9,76.4,17.5,66.3,37.9,0.0,,198.1,4
TXN-CRT-001-003501,2026-07-21 21:52:13,2026-07-21,Tuesday,21,False,Traditional,8,CASH-135,Cash,8,3,True,37.92,81.9,58.7,37.0,59.0,24.5,0.0,,179.2,3
TXN-CRT-001-003502,2026-07-21 21:52:20,2026-07-21,Tuesday,21,False,Traditional,2,CASH-133,Cash,21,5,True,181.2,33.4,94.6,41.4,53.1,36.6,0.0,,225.8,4
TXN-CRT-001-003503,2026-07-21 21:55:06,2026-07-21,Tuesday,21,False,Express (<10 items),12,CASH-140,Cash,6,2,True,44.87,56.2,23.1,17.6,73.2,28.9,65.9,Price check required,208.7,3
TXN-CRT-001-003504,2026-07-22 08:02:41,2026-07-22,Wednesday,8,False,Traditional,6,CASH-135,Check,3,0,False,13.43,141.2,18.6,0.0,49.0,31.4,0.0,,99.0,3
TXN-CRT-001-003505,2026-07-22 08:46:15,2026-07-22,Wednesday,8,False,Self-Service,11,,Cash,5,1,True,19.12,78.8,47.4,34.1,63.7,32.5,0.0,,177.8,3
TXN-CRT-001-003506,2026-07-22 08:51:29,2026-07-22,Wednesday,8,False,Traditional,1,CASH-126,Card (Local),42,13,True,190.04,15.3,148.4,39.5,28.1,39.3,88.7,Payment terminal error,343.9,3
TXN-CRT-001-003507,2026-07-22 09:41:27,2026-07-22,Wednesday,9,False,Express (<10 items),12,CASH-137,Cash,17,4,True,98.99,79.0,92.1,15.3,60.8,23.9,0.0,,192.0,3
TXN-CRT-001-003508,2026-07-22 09:59:54,2026-07-22,Wednesday,9,False,Traditional,2,CASH-135,Card (Local),28,7,True,222.56,28.9,73.7,16.1,32.1,16.2,0.0,,138.2,4
TXN-CRT-001-003509,2026-07-22 10:03:59,2026-07-22,Wednesday,10,False,Traditional,6,CASH-107,Flous (Mobile),11,1,True,27.8,70.8,57.7,16.3,32.5,19.7,136.5,Promo code issue,262.6,3
TXN-CRT-001-003510,2026-07-22 10:06:12,2026-07-22,Wednesday,10,False,Traditional,1,CASH-132,Cash,19,4,True,70.62,94.0,126.3,25.5,73.8,24.3,0.0,,249.9,4
TXN-CRT-001-003511,2026-07-22 10:08:30,2026-07-22,Wednesday,10,False,Traditional,3,CASH-119,Cash,15,4,True,47.91,56.2,59.6,39.0,54.3,33.7,0.0,,186.6,4
TXN-CRT-001-003512,2026-07-22 10:10:21,2026-07-22,Wednesday,10,False,Traditional,8,CASH-121,Card (Local),44,11,True,217.88,16.4,295.7,22.8,25.1,24.8,0.0,,368.5,3
TXN-CRT-001-003513,2026-07-22 10:11:47,2026-07-22,Wednesday,10,False,Express (<10 items),12,CASH-143,Card (Local),25,9,True,162.46,6.7,146.7,37.5,27.9,39.2,0.0,,251.4,4
TXN-CRT-001-003514,2026-07-22 10:13:52,2026-07-22,Wednesday,10,False,Traditional,2,CASH-121,Card (Local),24,9,True,187.41,107.6,71.1,18.5,28.7,17.7,0.0,,136.0,3
TXN-CRT-001-003515,2026-07-22 10:16:34,2026-07-22,Wednesday,10,False,Self-Service,10,,Cash,2,1,True,8.32,130.2,15.6,35.1,38.2,20.4,0.0,,109.3,3
TXN-CRT-001-003516,2026-07-22 10:21:01,2026-07-22,Wednesday,10,False,Express (<10 items),12,CASH-143,Cash,17,4,True,115.45,27.5,114.9,23.4,66.7,32.4,0.0,,237.3,4
TXN-CRT-001-003517,2026-07-22 10:23:04,2026-07-22,Wednesday,10,False,Traditional,7,CASH-126,Check,14,4,True,98.24,5.5,88.7,28.1,56.6,15.6,0.0,,189.0,4
TXN-CRT-001-003518,2026-07-22 10:28:33,2026-07-22,Wednesday,10,False,Traditional,2,CASH-134,Flous (Mobile),42,10,True,135.83,13.6,245.3,16.2,23.8,27.3,0.0,,312.6,3
TXN-CRT-001-003519,2026-07-22 10:29:29,2026-07-22,Wednesday,10,False,Traditional,1,CASH-109,Cash,9,1,True,43.19,34.6,31.5,41.2,41.6,26.1,0.0,,140.5,4
TXN-CRT-001-003520,2026-07-22 10:29:55,2026-07-22,Wednesday,10,False,Traditional,6,CASH-128,Flous (Mobile),9,2,True,55.74,93.5,52.4,19.0,23.5,23.1,0.0,,118.0,4
TXN-CRT-001-003521,2026-07-22 10:49:35,2026-07-22,Wednesday,10,False,Traditional,4,CASH-114,Cash,13,1,True,35.99,5.6,48.6,31.8,26.8,19.9,0.0,,127.1,4
TXN-CRT-001-003522,2026-07-22 10:53:08,2026-07-22,Wednesday,10,False,Traditional,8,CASH-128,Cash,8,1,True,45.36,117.1,28.5,29.9,52.8,26.1,0.0,,137.2,4
TXN-CRT-001-003523,2026-07-22 10:54:21,2026-07-22,Wednesday,10,False,Traditional,1,CASH-101,Cash,6,1,True,36.22,107.9,26.9,43.5,67.7,34.3,0.0,,172.4,4
TXN-CRT-001-003524,2026-07-22 10:57:41,2026-07-22,Wednesday,10,False,Traditional,3,CASH-103,Cash,34,13,True,181.72,115.5,97.8,24.5,37.9,32.5,0.0,,192.6,4
TXN-CRT-001-003525,2026-07-22 11:01:41,2026-07-22,Wednesday,11,False,Traditional,4,CASH-133,Card (Local),17,3,True,88.26,20.3,66.7,33.0,20.3,15.0,0.0,,135.0,4
TXN-CRT-001-003526,2026-07-22 11:22:19,2026-07-22,Wednesday,11,False,Traditional,1,CASH-131,Cash,34,12,True,232.33,98.9,94.6,31.4,63.1,32.9,0.0,,222.0,4
TXN-CRT-001-003527,2026-07-22 11:23:32,2026-07-22,Wednesday,11,False,Express (<10 items),12,CASH-139,Cash,31,6,True,136.62,51.1,170.3,18.5,37.5,18.6,0.0,,244.8,4
TXN-CRT-001-003528,2026-07-22 11:24:36,2026-07-22,Wednesday,11,False,Traditional,8,CASH-104,Card (International),9,1,True,31.6,19.1,45.1,40.4,31.4,17.4,0.0,,134.4,4
TXN-CRT-001-003529,2026-07-22 11:29:45,2026-07-22,Wednesday,11,False,Express (<10 items),12,CASH-139,Card (Local),17,4,True,96.9,55.6,43.6,15.7,25.9,27.2,0.0,,112.4,4
TXN-CRT-001-003530,2026-07-22 11:33:36,2026-07-22,Wednesday,11,False,Traditional,7,CASH-128,Card (Local),4,1,True,17.52,49.8,26.1,25.6,33.1,25.0,0.0,,109.8,4
TXN-CRT-001-003531,2026-07-22 11:34:18,2026-07-22,Wednesday,11,False,Traditional,6,CASH-123,Flous (Mobile),41,6,True,153.7,13.5,204.7,26.9,26.2,37.4,63.5,Promo code issue,358.8,3
TXN-CRT-001-003532,2026-07-22 11:36:06,2026-07-22,Wednesday,11,False,Traditional,1,CASH-103,Cash,13,2,True,92.68,76.5,51.3,35.1,69.6,25.0,173.8,Supervisor approval needed,354.8,3
TXN-CRT-001-003533,2026-07-22 11:39:20,2026-07-22,Wednesday,11,False,Traditional,1,CASH-130,Card (Local),12,3,True,54.85,47.9,37.5,20.1,25.9,36.0,0.0,,119.5,4
TXN-CRT-001-003534,2026-07-22 11:39:45,2026-07-22,Wednesday,11,False,Traditional,8,CASH-130,Card (International),10,2,True,64.49,36.7,46.6,15.6,31.7,31.2,0.0,,125.1,4
TXN-CRT-001-003535,2026-07-22 11:47:59,2026-07-22,Wednesday,11,False,Traditional,5,CASH-118,Card (Local),14,4,True,56.62,35.6,37.6,36.7,18.3,36.2,0.0,,128.9,4
TXN-CRT-001-003536,2026-07-22 11:56:11,2026-07-22,Wednesday,11,False,Traditional,2,CASH-128,Cash,9,2,True,46.87,63.3,36.1,38.9,42.8,23.3,0.0,,141.0,3
TXN-CRT-001-003537,2026-07-22 12:05:18,2026-07-22,Wednesday,12,False,Traditional,5,CASH-129,Cash,12,2,True,63.93,33.5,35.5,30.9,40.9,28.5,0.0,,135.7,4
TXN-CRT-001-003538,2026-07-22 12:07:15,2026-07-22,Wednesday,12,False,Traditional,6,CASH-117,Flous (Mobile),29,10,True,209.46,7.0,203.5,41.2,32.5,37.4,0.0,,314.6,3
TXN-CRT-001-003539,2026-07-22 12:15:36,2026-07-22,Wednesday,12,False,Traditional,5,CASH-114,Cash,31,6,True,193.83,18.2,181.1,28.5,38.7,19.8,0.0,,268.1,4
TXN-CRT-001-003540,2026-07-22 12:18:17,2026-07-22,Wednesday,12,False,Traditional,4,CASH-113,Flous (Mobile),10,3,True,56.87,48.3,28.2,16.3,24.7,22.4,0.0,,91.5,4
TXN-CRT-001-003541,2026-07-22 12:24:44,2026-07-22,Wednesday,12,False,Traditional,3,CASH-120,Card (Local),15,5,True,88.79,31.9,43.8,34.2,23.2,20.6,0.0,,121.7,4
TXN-CRT-001-003542,2026-07-22 12:24:45,2026-07-22,Wednesday,12,False,Traditional,8,CASH-101,Card (Local),36,14,True,301.52,36.3,130.4,35.3,25.5,20.8,0.0,,212.0,4
TXN-CRT-001-003543,2026-07-22 12:25:04,2026-07-22,Wednesday,12,False,Traditional,7,CASH-130,Card (International),3,1,True,12.21,21.1,17.2,33.6,46.1,27.8,0.0,,124.7,4
TXN-CRT-001-003544,2026-07-22 12:28:04,2026-07-22,Wednesday,12,False,Traditional,4,CASH-104,Card (Local),38,10,True,321.56,21.3,137.3,37.1,28.2,26.1,0.0,,228.8,4
TXN-CRT-001-003545,2026-07-22 12:30:25,2026-07-22,Wednesday,12,False,Self-Service,10,,Cash,8,1,True,63.01,71.2,44.2,49.4,53.6,20.4,0.0,,167.6,3
TXN-CRT-001-003546,2026-07-22 12:34:01,2026-07-22,Wednesday,12,False,Traditional,6,CASH-121,Cash,22,6,True,105.6,55.0,120.3,34.3,51.9,34.9,0.0,,241.3,4
TXN-CRT-001-003547,2026-07-22 12:34:52,2026-07-22,Wednesday,12,False,Traditional,3,CASH-122,Card (International),18,4,True,140.27,24.0,63.2,27.0,48.8,17.0,176.5,Supervisor approval needed,332.4,3
TXN-CRT-001-003548,2026-07-22 12:37:09,2026-07-22,Wednesday,12,False,Traditional,5,CASH-122,Cash,17,4,True,103.36,35.3,52.0,39.4,49.6,33.4,0.0,,174.4,4
TXN-CRT-001-003549,2026-07-22 12:42:44,2026-07-22,Wednesday,12,False,Traditional,5,CASH-102,Cash,34,11,True,247.61,84.2,243.3,27.3,29.4,24.5,0.0,,324.5,3
TXN-CRT-001-003550,2026-07-22 12:50:36,2026-07-22,Wednesday,12,False,Traditional,8,CASH-108,Cash,5,0,False,27.2,17.5,34.3,0.0,50.3,30.5,0.0,,115.2,4
TXN-CRT-001-003551,2026-07-22 12:51:21,2026-07-22,Wednesday,12,False,Traditional,2,CASH-113,Flous (Mobile),11,4,True,32.07,92.1,36.3,24.3,34.7,36.2,0.0,,131.5,4
TXN-CRT-001-003552,2026-07-22 12:54:58,2026-07-22,Wednesday,12,False,Traditional,7,CASH-114,Cash,17,6,True,73.5,42.9,53.6,32.3,52.8,23.2,0.0,,162.0,4
TXN-CRT-001-003553,2026-07-22 12:55:36,2026-07-22,Wednesday,12,False,Traditional,2,CASH-113,Card (Local),29,7,True,182.73,35.7,205.4,33.8,23.1,22.4,0.0,,284.7,4
TXN-CRT-001-003554,2026-07-22 12:59:27,2026-07-22,Wednesday,12,False,Traditional,3,CASH-119,Cash,8,2,True,56.87,14.3,47.6,41.4,52.5,19.8,0.0,,161.4,4
TXN-CRT-001-003555,2026-07-22 12:59:43,2026-07-22,Wednesday,12,False,Traditional,8,CASH-115,Cash,29,6,True,210.25,229.7,101.3,22.6,74.0,39.8,0.0,,237.7,3
TXN-CRT-001-003556,2026-07-22 13:04:35,2026-07-22,Wednesday,13,False,Traditional,4,CASH-106,Card (Local),13,7,True,40.96,66.5,34.0,18.6,22.4,30.2,0.0,,105.1,3
TXN-CRT-001-003557,2026-07-22 13:06:01,2026-07-22,Wednesday,13,False,Traditional,5,CASH-131,Cash,7,0,False,28.88,6.8,19.0,0.0,55.3,25.1,0.0,,99.4,4
TXN-CRT-001-003558,2026-07-22 13:07:43,2026-07-22,Wednesday,13,False,Traditional,2,CASH-109,Card (Local),26,7,True,204.99,57.2,94.3,35.6,30.1,20.6,129.4,Supervisor approval needed,309.9,3
TXN-CRT-001-003559,2026-07-22 13:09:45,2026-07-22,Wednesday,13,False,Traditional,4,CASH-132,Card (International),4,1,True,23.51,106.9,10.4,15.5,47.3,34.9,0.0,,108.2,4
TXN-CRT-001-003560,2026-07-22 13:10:00,2026-07-22,Wednesday,13,False,Traditional,2,CASH-119,Flous (Mobile),16,7,True,120.29,60.1,43.4,23.7,30.5,27.4,0.0,,125.1,4
TXN-CRT-001-003561,2026-07-22 13:15:57,2026-07-22,Wednesday,13,False,Traditional,1,CASH-128,Cash,3,1,True,22.68,85.7,7.8,25.8,50.8,34.1,0.0,,118.5,3
TXN-CRT-001-003562,2026-07-22 13:16:51,2026-07-22,Wednesday,13,False,Traditional,5,CASH-115,Flous (Mobile),11,3,True,68.04,30.8,77.7,22.2,39.9,35.2,120.9,Supervisor approval needed,295.9,4
TXN-CRT-001-003563,2026-07-22 13:20:28,2026-07-22,Wednesday,13,False,Traditional,6,CASH-107,Card (Local),19,3,True,149.29,27.4,104.8,34.4,22.3,21.8,0.0,,183.3,4
TXN-CRT-001-003564,2026-07-22 13:22:09,2026-07-22,Wednesday,13,False,Traditional,1,CASH-133,Flous (Mobile),17,4,True,82.51,38.5,60.2,38.4,31.2,17.7,0.0,,147.5,4
TXN-CRT-001-003565,2026-07-22 13:22:53,2026-07-22,Wednesday,13,False,Traditional,3,CASH-133,Cash,13,2,True,62.58,50.5,81.4,36.3,32.2,23.8,0.0,,173.7,4
TXN-CRT-001-003566,2026-07-22 13:25:46,2026-07-22,Wednesday,13,False,Traditional,6,CASH-123,Card (Local),13,5,True,63.1,31.3,92.0,21.7,32.4,16.1,0.0,,162.1,4
TXN-CRT-001-003567,2026-07-22 13:27:13,2026-07-22,Wednesday,13,False,Traditional,7,CASH-116,Flous (Mobile),8,3,True,22.57,42.2,34.2,35.2,33.0,35.1,0.0,,137.5,4
TXN-CRT-001-003568,2026-07-22 13:29:45,2026-07-22,Wednesday,13,False,Traditional,4,CASH-117,Flous (Mobile),14,5,True,48.61,18.4,64.9,28.4,26.7,15.0,0.0,,135.0,4
TXN-CRT-001-003569,2026-07-22 13:32:41,2026-07-22,Wednesday,13,False,Traditional,3,CASH-102,Cash,45,12,True,302.84,10.1,155.3,37.5,49.2,37.7,0.0,,279.7,4
TXN-CRT-001-003570,2026-07-22 13:33:20,2026-07-22,Wednesday,13,False,Self-Service,9,,Cash,33,8,True,185.88,24.4,374.6,24.4,67.9,26.3,0.0,,493.2,4
TXN-CRT-001-003571,2026-07-22 13:38:06,2026-07-22,Wednesday,13,False,Traditional,8,CASH-110,Cash,6,0,False,40.86,155.3,17.0,0.0,34.0,21.3,0.0,,72.4,3
TXN-CRT-001-003572,2026-07-22 13:48:46,2026-07-22,Wednesday,13,False,Traditional,5,CASH-126,Cash,2,0,False,6.76,112.7,15.0,0.0,63.2,17.3,0.0,,95.5,4
TXN-CRT-001-003573,2026-07-22 13:57:41,2026-07-22,Wednesday,13,False,Traditional,4,CASH-108,Cash,43,8,True,189.98,58.2,155.6,33.5,46.8,32.7,0.0,,268.7,4
TXN-CRT-001-003574,2026-07-22 13:58:45,2026-07-22,Wednesday,13,False,Express (<10 items),13,CASH-136,Cash,16,5,True,68.26,12.3,83.1,38.9,32.8,32.5,0.0,,187.3,4
TXN-CRT-001-003575,2026-07-22 14:01:47,2026-07-22,Wednesday,14,False,Self-Service,10,,Flous (Mobile),17,2,True,93.69,45.0,134.6,28.8,33.9,40.4,0.0,,237.7,4
TXN-CRT-001-003576,2026-07-22 14:03:42,2026-07-22,Wednesday,14,False,Traditional,5,CASH-108,Cash,27,8,True,152.36,53.7,131.5,16.8,44.3,21.5,0.0,,214.2,4
TXN-CRT-001-003577,2026-07-22 14:04:24,2026-07-22,Wednesday,14,False,Traditional,4,CASH-122,Card (Local),10,3,True,64.67,29.8,26.5,29.8,22.3,17.1,0.0,,95.7,4
TXN-CRT-001-003578,2026-07-22 14:08:05,2026-07-22,Wednesday,14,False,Traditional,6,CASH-134,Cash,15,3,True,42.44,117.3,39.4,36.8,28.1,33.2,0.0,,137.5,4
TXN-CRT-001-003579,2026-07-22 14:16:40,2026-07-22,Wednesday,14,False,Traditional,3,CASH-121,Cash,47,9,True,175.79,17.6,214.4,30.3,35.1,36.2,0.0,,316.1,4
TXN-CRT-001-003580,2026-07-22 14:22:13,2026-07-22,Wednesday,14,False,Traditional,7,CASH-110,Cash,22,4,True,117.49,71.3,121.1,42.6,66.4,26.2,0.0,,256.3,4
TXN-CRT-001-003581,2026-07-22 14:27:26,2026-07-22,Wednesday,14,False,Traditional,1,CASH-125,Cash,6,1,True,33.05,17.2,39.2,31.7,48.9,24.6,0.0,,144.4,4
TXN-CRT-001-003582,2026-07-22 14:31:41,2026-07-22,Wednesday,14,False,Traditional,7,CASH-114,Card (International),6,2,True,45.6,19.3,19.0,23.9,49.9,34.0,0.0,,126.9,4
TXN-CRT-001-003583,2026-07-22 14:44:09,2026-07-22,Wednesday,14,False,Traditional,5,CASH-111,Flous (Mobile),7,0,False,18.43,45.0,21.5,0.0,23.9,21.8,0.0,,67.2,4
TXN-CRT-001-003584,2026-07-22 14:55:46,2026-07-22,Wednesday,14,False,Self-Service,11,,Cash,26,9,True,203.64,4.8,285.9,61.2,42.8,44.4,0.0,,434.4,3
TXN-CRT-001-003585,2026-07-22 14:58:11,2026-07-22,Wednesday,14,False,Traditional,7,CASH-114,Cash,10,3,True,48.52,55.6,73.2,20.4,36.1,31.7,0.0,,161.5,4
TXN-CRT-001-003586,2026-07-22 15:03:30,2026-07-22,Wednesday,15,False,Traditional,1,CASH-106,Cash,1,0,False,4.34,32.7,4.4,0.0,47.7,34.0,0.0,,86.2,4
TXN-CRT-001-003587,2026-07-22 15:09:28,2026-07-22,Wednesday,15,False,Traditional,7,CASH-103,Flous (Mobile),44,13,True,174.69,42.4,291.5,15.4,35.6,29.6,0.0,,372.1,4
TXN-CRT-001-003588,2026-07-22 15:11:12,2026-07-22,Wednesday,15,False,Traditional,8,CASH-129,Card (International),7,2,True,36.22,26.8,44.0,44.1,31.2,26.2,0.0,,145.5,4
TXN-CRT-001-003589,2026-07-22 15:14:45,2026-07-22,Wednesday,15,False,Traditional,4,CASH-134,Cash,1,0,False,5.47,115.2,4.1,0.0,45.0,22.5,0.0,,71.6,4
TXN-CRT-001-003590,2026-07-22 15:16:22,2026-07-22,Wednesday,15,False,Traditional,4,CASH-122,Card (Local),8,1,True,45.77,89.9,27.2,16.5,27.8,26.0,0.0,,97.5,3
TXN-CRT-001-003591,2026-07-22 15:23:29,2026-07-22,Wednesday,15,False,Express (<10 items),13,CASH-143,Flous (Mobile),8,1,True,23.15,70.8,52.6,26.9,30.1,32.7,0.0,,142.3,4
TXN-CRT-001-003592,2026-07-22 15:31:23,2026-07-22,Wednesday,15,False,Traditional,5,CASH-131,Cash,13,2,True,42.37,20.3,75.5,38.0,67.7,15.3,0.0,,196.5,4
TXN-CRT-001-003593,2026-07-22 15:39:38,2026-07-22,Wednesday,15,False,Traditional,4,CASH-133,Cash,41,9,True,338.13,77.0,251.9,29.1,63.6,36.8,0.0,,381.4,3
TXN-CRT-001-003594,2026-07-22 15:44:27,2026-07-22,Wednesday,15,False,Traditional,5,CASH-119,Flous (Mobile),37,11,True,201.15,61.0,175.1,23.2,24.8,28.5,0.0,,251.5,3
TXN-CRT-001-003595,2026-07-22 15:50:40,2026-07-22,Wednesday,15,False,Traditional,3,CASH-127,Card (International),14,4,True,66.88,209.3,45.3,41.1,36.3,36.3,0.0,,158.9,3
TXN-CRT-001-003596,2026-07-22 16:04:21,2026-07-22,Wednesday,16,False,Traditional,6,CASH-110,Card (Local),13,6,True,97.68,12.1,77.3,22.0,29.1,31.2,0.0,,159.6,4
TXN-CRT-001-003597,2026-07-22 16:08:44,2026-07-22,Wednesday,16,False,Traditional,4,CASH-103,Card (Local),17,2,True,50.33,40.1,44.6,39.7,28.5,31.6,0.0,,144.4,4
TXN-CRT-001-003598,2026-07-22 16:11:12,2026-07-22,Wednesday,16,False,Traditional,7,CASH-124,Cash,8,0,False,32.59,27.1,29.6,0.0,40.9,21.8,0.0,,92.3,4
TXN-CRT-001-003599,2026-07-22 16:19:01,2026-07-22,Wednesday,16,False,Traditional,5,CASH-119,Card (Local),3,1,True,10.01,62.4,19.5,16.8,28.5,39.9,0.0,,104.7,4
TXN-CRT-001-003600,2026-07-22 16:29:00,2026-07-22,Wednesday,16,False,Traditional,7,CASH-109,Card (Local),43,9,True,202.48,10.7,298.3,37.9,23.1,25.6,0.0,,385.0,3
TXN-CRT-001-003601,2026-07-22 16:30:30,2026-07-22,Wednesday,16,False,Traditional,3,CASH-102,Cash,7,1,True,18.61,81.1,42.1,41.7,56.0,38.9,0.0,,178.7,3
TXN-CRT-001-003602,2026-07-22 16:38:14,2026-07-22,Wednesday,16,False,Traditional,1,CASH-106,Card (Local),7,2,True,46.24,10.6,19.1,36.4,24.8,37.2,0.0,,117.5,4
TXN-CRT-001-003603,2026-07-22 16:43:55,2026-07-22,Wednesday,16,False,Traditional,6,CASH-106,Flous (Mobile),15,2,True,74.92,63.2,107.9,20.2,23.3,26.0,0.0,,177.4,3
TXN-CRT-001-003604,2026-07-22 16:50:30,2026-07-22,Wednesday,16,False,Traditional,6,CASH-134,Cash,15,4,True,65.27,35.6,45.9,28.4,47.8,27.0,0.0,,149.0,4
TXN-CRT-001-003605,2026-07-22 16:55:57,2026-07-22,Wednesday,16,False,Traditional,1,CASH-127,Cash,1,0,False,7.5,22.5,2.9,0.0,69.5,18.1,0.0,,90.5,4
TXN-CRT-001-003606,2026-07-22 17:02:06,2026-07-22,Wednesday,17,False,Traditional,8,CASH-126,Cash,6,2,True,33.8,17.3,19.7,37.2,35.6,38.3,0.0,,130.8,4
TXN-CRT-001-003607,2026-07-22 17:02:58,2026-07-22,Wednesday,17,False,Traditional,8,CASH-133,Card (Local),12,4,True,65.5,26.9,44.1,30.8,26.4,16.6,126.0,Supervisor approval needed,243.9,3
TXN-CRT-001-003608,2026-07-22 17:04:09,2026-07-22,Wednesday,17,False,Traditional,5,CASH-112,Cash,22,4,True,193.76,36.7,154.6,32.1,67.2,24.9,0.0,,278.8,4
TXN-CRT-001-003609,2026-07-22 17:08:06,2026-07-22,Wednesday,17,False,Self-Service,11,,Card (Local),8,4,True,30.7,47.2,75.1,36.6,29.2,38.5,0.0,,179.4,4
TXN-CRT-001-003610,2026-07-22 17:09:19,2026-07-22,Wednesday,17,False,Express (<10 items),12,CASH-143,Flous (Mobile),13,3,True,82.36,52.0,78.9,27.9,37.6,24.8,0.0,,169.3,4
TXN-CRT-001-003611,2026-07-22 17:12:33,2026-07-22,Wednesday,17,False,Traditional,7,CASH-111,Cash,17,7,True,61.87,40.6,49.0,19.2,40.6,29.2,0.0,,138.0,4
TXN-CRT-001-003612,2026-07-22 17:16:32,2026-07-22,Wednesday,17,False,Traditional,6,CASH-126,Flous (Mobile),38,7,True,189.94,34.6,129.5,22.7,28.1,39.4,0.0,,219.7,4
TXN-CRT-001-003613,2026-07-22 17:21:05,2026-07-22,Wednesday,17,False,Traditional,8,CASH-115,Check,11,3,True,67.35,137.6,50.8,16.3,74.3,17.6,0.0,,159.0,3
TXN-CRT-001-003614,2026-07-22 17:25:31,2026-07-22,Wednesday,17,False,Traditional,6,CASH-120,Cash,6,1,True,31.57,77.4,17.8,23.0,58.3,24.0,0.0,,123.1,3
TXN-CRT-001-003615,2026-07-22 17:29:24,2026-07-22,Wednesday,17,False,Traditional,6,CASH-103,Cash,15,5,True,68.86,29.8,62.5,31.1,59.6,19.8,0.0,,173.1,4
TXN-CRT-001-003616,2026-07-22 17:30:35,2026-07-22,Wednesday,17,False,Traditional,2,CASH-106,Check,25,7,True,174.34,43.7,81.4,30.1,89.1,15.6,0.0,,216.2,4
TXN-CRT-001-003617,2026-07-22 17:31:14,2026-07-22,Wednesday,17,False,Traditional,6,CASH-133,Check,5,1,True,25.67,23.2,19.8,17.1,78.9,21.0,0.0,,136.8,4
TXN-CRT-001-003618,2026-07-22 17:37:00,2026-07-22,Wednesday,17,False,Traditional,7,CASH-135,Cash,13,5,True,101.46,36.8,40.9,23.6,66.6,35.5,0.0,,166.5,4
TXN-CRT-001-003619,2026-07-22 17:38:28,2026-07-22,Wednesday,17,False,Traditional,3,CASH-106,Cash,1,0,False,6.42,13.5,2.8,0.0,68.8,27.9,0.0,,99.6,4
TXN-CRT-001-003620,2026-07-22 17:41:05,2026-07-22,Wednesday,17,False,Traditional,4,CASH-119,Cash,2,0,False,6.14,50.2,6.8,0.0,28.3,17.8,0.0,,52.9,4
TXN-CRT-001-003621,2026-07-22 17:44:16,2026-07-22,Wednesday,17,False,Traditional,3,CASH-129,Check,15,4,True,91.88,169.1,43.8,17.8,70.2,15.0,0.0,,146.8,3
TXN-CRT-001-003622,2026-07-22 17:50:40,2026-07-22,Wednesday,17,False,Traditional,1,CASH-129,Cash,10,3,True,36.09,52.5,46.7,29.2,46.4,31.7,0.0,,154.0,4
TXN-CRT-001-003623,2026-07-22 17:55:03,2026-07-22,Wednesday,17,False,Traditional,1,CASH-117,Cash,33,8,True,251.23,52.4,226.1,21.3,64.7,24.8,0.0,,336.9,3
TXN-CRT-001-003624,2026-07-22 17:56:21,2026-07-22,Wednesday,17,False,Self-Service,11,,Flous (Mobile),19,5,True,107.08,40.6,133.7,40.0,23.2,29.7,63.4,Barcode not scanning,290.1,3
TXN-CRT-001-003625,2026-07-22 18:04:12,2026-07-22,Wednesday,18,False,Traditional,6,CASH-107,Cash,14,6,True,102.94,16.6,52.1,35.8,61.9,33.1,0.0,,183.0,4
TXN-CRT-001-003626,2026-07-22 18:05:32,2026-07-22,Wednesday,18,False,Traditional,6,CASH-105,Card (Local),13,4,True,56.87,146.6,80.1,16.0,20.7,38.7,0.0,,155.5,3
TXN-CRT-001-003627,2026-07-22 18:07:09,2026-07-22,Wednesday,18,False,Traditional,2,CASH-133,Cash,15,2,True,54.85,56.7,71.3,38.1,54.8,22.3,0.0,,186.5,4
TXN-CRT-001-003628,2026-07-22 18:10:41,2026-07-22,Wednesday,18,False,Self-Service,9,,Flous (Mobile),2,0,False,10.76,70.7,21.1,0.0,35.3,42.7,0.0,,99.1,4
TXN-CRT-001-003629,2026-07-22 18:15:16,2026-07-22,Wednesday,18,False,Traditional,8,CASH-109,Cash,38,15,True,129.52,34.5,139.2,36.1,49.0,24.0,0.0,,248.3,4
TXN-CRT-001-003630,2026-07-22 18:20:48,2026-07-22,Wednesday,18,False,Traditional,5,CASH-130,Card (Local),50,14,True,272.82,72.3,306.4,26.1,21.3,16.0,0.0,,369.8,3
TXN-CRT-001-003631,2026-07-22 18:27:34,2026-07-22,Wednesday,18,False,Traditional,1,CASH-106,Card (Local),7,3,True,48.86,146.0,45.6,21.5,23.2,24.7,0.0,,115.0,3
TXN-CRT-001-003632,2026-07-22 18:33:26,2026-07-22,Wednesday,18,False,Traditional,2,CASH-123,Cash,5,1,True,34.61,114.4,17.3,26.9,48.5,27.8,0.0,,120.5,3
TXN-CRT-001-003633,2026-07-22 18:34:05,2026-07-22,Wednesday,18,False,Traditional,4,CASH-107,Cash,6,2,True,20.4,0.2,44.5,21.9,50.0,20.9,0.0,,137.3,4
TXN-CRT-001-003634,2026-07-22 18:36:11,2026-07-22,Wednesday,18,False,Traditional,2,CASH-113,Cash,21,6,True,139.5,109.5,139.9,44.5,40.6,22.7,0.0,,247.7,4
TXN-CRT-001-003635,2026-07-22 18:41:55,2026-07-22,Wednesday,18,False,Traditional,2,CASH-108,Cash,21,4,True,174.24,20.3,144.5,15.9,45.2,38.9,0.0,,244.5,4
TXN-CRT-001-003636,2026-07-22 18:43:56,2026-07-22,Wednesday,18,False,Traditional,2,CASH-118,Card (International),33,8,True,313.93,21.5,211.9,40.8,44.0,29.1,0.0,,325.8,3
TXN-CRT-001-003637,2026-07-22 18:47:11,2026-07-22,Wednesday,18,False,Self-Service,10,,Card (International),25,7,True,181.54,19.6,200.2,21.9,49.8,28.8,0.0,,300.7,3
TXN-CRT-001-003638,2026-07-22 18:51:20,2026-07-22,Wednesday,18,False,Traditional,7,CASH-134,Cash,14,3,True,72.56,63.6,95.5,37.7,29.5,35.7,0.0,,198.4,4
TXN-CRT-001-003639,2026-07-22 18:53:35,2026-07-22,Wednesday,18,False,Traditional,2,CASH-111,Card (Local),19,7,True,151.31,52.0,72.5,21.4,30.9,30.8,120.3,Payment terminal error,275.8,4
TXN-CRT-001-003640,2026-07-22 18:53:37,2026-07-22,Wednesday,18,False,Traditional,1,CASH-135,Card (Local),22,7,True,133.95,74.8,114.6,20.1,27.8,33.4,0.0,,195.9,3
TXN-CRT-001-003641,2026-07-22 18:58:46,2026-07-22,Wednesday,18,False,Traditional,3,CASH-109,Flous (Mobile),16,6,True,124.68,47.5,50.8,18.6,22.8,15.5,0.0,,107.5,4
TXN-CRT-001-003642,2026-07-22 19:02:08,2026-07-22,Wednesday,19,False,Self-Service,10,,Cash,15,5,True,112.54,20.3,162.3,38.0,73.6,46.4,0.0,,320.3,4
TXN-CRT-001-003643,2026-07-22 19:02:53,2026-07-22,Wednesday,19,False,Traditional,5,CASH-130,Cash,20,5,True,103.79,79.5,60.5,41.7,64.1,38.8,0.0,,205.0,3
TXN-CRT-001-003644,2026-07-22 19:03:58,2026-07-22,Wednesday,19,False,Traditional,8,CASH-127,Cash,17,4,True,120.52,37.3,73.7,25.5,39.9,39.6,113.8,Price check required,292.6,3
TXN-CRT-001-003645,2026-07-22 19:10:55,2026-07-22,Wednesday,19,False,Traditional,7,CASH-115,Card (Local),20,7,True,123.99,80.9,122.3,44.3,26.7,38.8,139.1,Price check required,371.2,3
TXN-CRT-001-003646,2026-07-22 19:11:39,2026-07-22,Wednesday,19,False,Traditional,1,CASH-118,Cash,19,5,True,80.31,57.1,48.1,44.2,59.1,32.4,0.0,,183.8,4
TXN-CRT-001-003647,2026-07-22 19:12:27,2026-07-22,Wednesday,19,False,Traditional,3,CASH-114,Cash,24,4,True,216.0,50.8,122.5,17.4,60.0,20.0,0.0,,219.9,4
TXN-CRT-001-003648,2026-07-22 19:12:30,2026-07-22,Wednesday,19,False,Traditional,3,CASH-117,Cash,20,5,True,157.52,164.4,140.3,21.3,37.0,15.0,0.0,,213.6,3
TXN-CRT-001-003649,2026-07-22 19:15:02,2026-07-22,Wednesday,19,False,Traditional,1,CASH-128,Card (Local),16,2,True,62.9,7.3,61.0,20.6,30.5,17.7,0.0,,129.7,4
TXN-CRT-001-003650,2026-07-22 19:15:19,2026-07-22,Wednesday,19,False,Express (<10 items),13,CASH-139,Cash,22,6,True,146.01,8.0,90.3,33.6,62.0,31.2,0.0,,217.0,4
TXN-CRT-001-003651,2026-07-22 19:17:01,2026-07-22,Wednesday,19,False,Traditional,6,CASH-124,Cash,14,3,True,67.79,27.0,40.7,35.5,54.8,39.2,0.0,,170.2,4
TXN-CRT-001-003652,2026-07-22 19:20:16,2026-07-22,Wednesday,19,False,Traditional,4,CASH-129,Cash,8,1,True,27.25,81.6,53.7,44.8,56.1,31.4,0.0,,186.0,3
TXN-CRT-001-003653,2026-07-22 19:27:38,2026-07-22,Wednesday,19,False,Traditional,6,CASH-107,Cash,1,1,True,6.98,30.4,2.8,26.4,28.3,31.1,0.0,,88.6,4
TXN-CRT-001-003654,2026-07-22 19:41:09,2026-07-22,Wednesday,19,False,Traditional,5,CASH-135,Card (Local),17,6,True,96.52,38.2,101.9,18.9,33.4,35.7,0.0,,189.9,4
TXN-CRT-001-003655,2026-07-22 19:49:31,2026-07-22,Wednesday,19,False,Traditional,2,CASH-134,Cash,19,6,True,121.5,8.6,76.2,34.0,64.3,15.6,0.0,,190.2,4
TXN-CRT-001-003656,2026-07-22 19:53:21,2026-07-22,Wednesday,19,False,Traditional,3,CASH-126,Cash,47,13,True,353.47,79.2,123.9,41.3,28.7,35.6,143.4,Barcode not scanning,373.0,2
TXN-CRT-001-003657,2026-07-22 19:55:08,2026-07-22,Wednesday,19,False,Traditional,1,CASH-135,Card (Local),12,4,True,56.85,9.1,83.6,39.7,21.7,33.5,87.8,Supervisor approval needed,266.3,3
TXN-CRT-001-003658,2026-07-22 19:57:06,2026-07-22,Wednesday,19,False,Traditional,2,CASH-113,Cash,12,4,True,39.11,34.7,66.5,25.9,67.2,19.9,0.0,,179.5,4
TXN-CRT-001-003659,2026-07-22 19:57:18,2026-07-22,Wednesday,19,False,Traditional,3,CASH-121,Cash,7,2,True,17.72,4.7,38.8,21.2,27.9,36.3,0.0,,124.2,4
TXN-CRT-001-003660,2026-07-22 20:05:15,2026-07-22,Wednesday,20,False,Self-Service,9,,Flous (Mobile),3,2,True,14.32,91.8,35.2,46.7,39.7,43.7,0.0,,165.3,3
TXN-CRT-001-003661,2026-07-22 20:06:58,2026-07-22,Wednesday,20,False,Traditional,8,CASH-118,Cash,27,5,True,140.8,8.3,91.7,38.1,73.3,33.6,0.0,,236.7,4
TXN-CRT-001-003662,2026-07-22 20:11:14,2026-07-22,Wednesday,20,False,Traditional,6,CASH-131,Cash,9,4,True,38.69,32.8,53.0,44.9,52.3,36.5,0.0,,186.7,4
TXN-CRT-001-003663,2026-07-22 20:11:53,2026-07-22,Wednesday,20,False,Traditional,6,CASH-115,Cash,19,4,True,103.29,27.4,112.9,44.1,25.9,35.0,0.0,,217.8,4
TXN-CRT-001-003664,2026-07-22 20:12:31,2026-07-22,Wednesday,20,False,Traditional,1,CASH-130,Cash,22,6,True,121.98,71.1,109.5,22.9,38.8,37.1,0.0,,208.3,3
TXN-CRT-001-003665,2026-07-22 20:13:10,2026-07-22,Wednesday,20,False,Traditional,1,CASH-119,Card (Local),15,2,True,105.02,53.0,64.2,44.7,29.6,29.3,0.0,,167.8,4
TXN-CRT-001-003666,2026-07-22 20:13:36,2026-07-22,Wednesday,20,False,Traditional,3,CASH-122,Card (Local),36,9,True,146.04,158.1,219.1,15.9,23.7,34.1,0.0,,292.9,3
TXN-CRT-001-003667,2026-07-22 20:13:38,2026-07-22,Wednesday,20,False,Traditional,7,CASH-130,Card (Local),14,4,True,44.73,12.0,88.0,35.2,31.3,17.5,0.0,,171.9,4
TXN-CRT-001-003668,2026-07-22 20:14:01,2026-07-22,Wednesday,20,False,Traditional,1,CASH-108,Cash,10,7,True,49.6,109.4,53.3,26.1,53.3,30.7,0.0,,163.4,4
TXN-CRT-001-003669,2026-07-22 20:18:26,2026-07-22,Wednesday,20,False,Traditional,2,CASH-120,Cash,38,15,True,231.87,125.3,217.3,32.4,59.7,35.4,0.0,,344.8,3
TXN-CRT-001-003670,2026-07-22 20:21:14,2026-07-22,Wednesday,20,False,Traditional,6,CASH-129,Card (International),34,13,True,230.58,154.2,159.9,15.8,46.7,39.6,0.0,,262.0,3
TXN-CRT-001-003671,2026-07-22 20:24:25,2026-07-22,Wednesday,20,False,Traditional,2,CASH-112,Check,6,1,True,25.55,47.5,44.5,42.4,56.6,27.6,0.0,,171.1,4
TXN-CRT-001-003672,2026-07-22 20:24:37,2026-07-22,Wednesday,20,False,Traditional,6,CASH-129,Cash,2,2,True,5.24,14.6,10.3,36.5,38.1,39.9,0.0,,124.7,4
TXN-CRT-001-003673,2026-07-22 20:25:53,2026-07-22,Wednesday,20,False,Traditional,4,CASH-117,Cash,4,1,True,19.7,65.8,12.9,15.4,74.8,27.9,0.0,,131.0,3
TXN-CRT-001-003674,2026-07-22 20:44:34,2026-07-22,Wednesday,20,False,Traditional,3,CASH-130,Cash,10,4,True,67.77,9.8,54.3,19.3,63.7,34.7,0.0,,172.0,4
TXN-CRT-001-003675,2026-07-22 20:49:44,2026-07-22,Wednesday,20,False,Traditional,6,CASH-113,Cash,47,9,True,256.68,100.9,193.7,30.4,35.0,32.9,0.0,,292.0,4
TXN-CRT-001-003676,2026-07-22 20:51:37,2026-07-22,Wednesday,20,False,Traditional,5,CASH-108,Cash,17,4,True,123.52,43.4,46.3,29.3,35.7,26.8,0.0,,138.2,4
TXN-CRT-001-003677,2026-07-22 21:09:07,2026-07-22,Wednesday,21,False,Traditional,8,CASH-135,Cash,12,6,True,34.81,60.4,39.2,26.0,52.6,28.9,0.0,,146.7,3
TXN-CRT-001-003678,2026-07-22 21:35:09,2026-07-22,Wednesday,21,False,Traditional,6,CASH-102,Card (Local),38,14,True,253.36,153.8,225.7,30.6,21.5,16.5,0.0,,294.3,3
TXN-CRT-001-003679,2026-07-22 21:36:16,2026-07-22,Wednesday,21,False,Traditional,1,CASH-129,Card (Local),14,4,True,101.89,52.6,67.1,31.5,31.7,21.4,118.9,Item return/exchange,270.6,3
TXN-CRT-001-003680,2026-07-22 21:43:25,2026-07-22,Wednesday,21,False,Traditional,8,CASH-105,Cash,10,4,True,61.12,14.8,57.7,42.7,25.7,16.4,45.1,Item return/exchange,187.7,4
TXN-CRT-001-003681,2026-07-22 21:47:29,2026-07-22,Wednesday,21,False,Traditional,5,CASH-109,Cash,44,8,True,359.21,43.7,295.8,26.6,49.7,15.8,71.4,Barcode not scanning,459.4,3
TXN-CRT-001-003682,2026-07-22 21:51:47,2026-07-22,Wednesday,21,False,Traditional,1,CASH-116,Card (International),33,10,True,262.98,28.2,132.7,34.7,43.1,34.3,0.0,,244.8,4
TXN-CRT-001-003683,2026-07-23 08:07:09,2026-07-23,Thursday,8,False,Traditional,8,CASH-113,Cash,32,9,True,219.85,56.9,189.1,35.0,50.3,17.6,0.0,,292.0,4
TXN-CRT-001-003684,2026-07-23 08:15:59,2026-07-23,Thursday,8,False,Traditional,2,CASH-128,Card (Local),16,2,True,115.42,34.0,86.6,35.4,20.8,23.2,0.0,,165.9,4
TXN-CRT-001-003685,2026-07-23 09:11:45,2026-07-23,Thursday,9,False,Traditional,8,CASH-129,Cash,28,4,True,275.93,25.1,150.1,19.4,67.1,25.8,0.0,,262.4,4
TXN-CRT-001-003686,2026-07-23 09:24:59,2026-07-23,Thursday,9,False,Traditional,4,CASH-133,Card (Local),7,0,False,45.6,44.9,21.0,0.0,20.6,39.0,0.0,,80.7,4
TXN-CRT-001-003687,2026-07-23 09:40:51,2026-07-23,Thursday,9,False,Self-Service,9,,Cash,18,6,True,45.62,14.2,228.8,42.0,70.6,21.8,0.0,,363.1,3
TXN-CRT-001-003688,2026-07-23 10:08:30,2026-07-23,Thursday,10,False,Traditional,8,CASH-107,Cash,49,9,True,446.28,41.8,154.2,25.0,54.4,17.7,0.0,,251.3,4
TXN-CRT-001-003689,2026-07-23 10:16:50,2026-07-23,Thursday,10,False,Traditional,1,CASH-110,Cash,10,2,True,64.77,68.8,30.5,17.9,67.6,27.9,0.0,,143.8,4
TXN-CRT-001-003690,2026-07-23 10:19:07,2026-07-23,Thursday,10,False,Traditional,6,CASH-107,Cash,28,6,True,214.03,130.5,105.1,36.1,54.9,33.7,0.0,,229.9,3
TXN-CRT-001-003691,2026-07-23 10:22:35,2026-07-23,Thursday,10,False,Traditional,6,CASH-122,Cash,15,4,True,68.32,28.8,47.7,35.3,65.7,18.3,0.0,,166.9,4
TXN-CRT-001-003692,2026-07-23 10:28:24,2026-07-23,Thursday,10,False,Traditional,1,CASH-123,Card (Local),2,1,True,14.5,176.4,12.9,44.9,27.6,27.9,0.0,,113.3,3
TXN-CRT-001-003693,2026-07-23 10:31:47,2026-07-23,Thursday,10,False,Traditional,4,CASH-118,Cash,26,7,True,165.98,61.1,174.9,16.8,28.9,19.1,0.0,,239.7,4
TXN-CRT-001-003694,2026-07-23 10:35:53,2026-07-23,Thursday,10,False,Traditional,2,CASH-111,Cash,7,2,True,35.17,35.7,51.7,15.7,46.0,29.5,0.0,,142.9,4
TXN-CRT-001-003695,2026-07-23 10:37:04,2026-07-23,Thursday,10,False,Traditional,1,CASH-115,Cash,20,5,True,72.4,39.3,148.2,33.8,44.5,26.6,0.0,,253.1,4
TXN-CRT-001-003696,2026-07-23 10:54:21,2026-07-23,Thursday,10,False,Traditional,1,CASH-129,Card (Local),4,1,True,24.29,46.3,14.4,36.8,31.6,39.6,0.0,,122.4,4
TXN-CRT-001-003697,2026-07-23 10:56:23,2026-07-23,Thursday,10,False,Express (<10 items),13,CASH-139,Check,44,14,True,263.8,32.4,157.7,24.2,59.7,19.2,0.0,,260.9,4
TXN-CRT-001-003698,2026-07-23 11:08:46,2026-07-23,Thursday,11,False,Traditional,5,CASH-129,Card (Local),10,2,True,49.9,25.7,26.1,29.6,29.3,31.1,0.0,,116.1,4
TXN-CRT-001-003699,2026-07-23 11:13:36,2026-07-23,Thursday,11,False,Express (<10 items),12,CASH-143,Cash,8,1,True,49.95,55.8,28.0,40.8,53.6,31.0,0.0,,153.4,4
TXN-CRT-001-003700,2026-07-23 11:13:52,2026-07-23,Thursday,11,False,Traditional,5,CASH-102,Card (Local),6,2,True,46.25,7.0,33.4,15.2,31.0,38.0,0.0,,117.6,4
TXN-CRT-001-003701,2026-07-23 11:18:46,2026-07-23,Thursday,11,False,Traditional,1,CASH-118,Flous (Mobile),44,10,True,377.02,22.0,145.6,34.2,28.7,20.8,0.0,,229.3,4
TXN-CRT-001-003702,2026-07-23 11:23:52,2026-07-23,Thursday,11,False,Traditional,4,CASH-107,Flous (Mobile),23,8,True,134.92,80.2,167.1,29.8,21.7,32.5,0.0,,251.0,4
TXN-CRT-001-003703,2026-07-23 11:24:16,2026-07-23,Thursday,11,False,Traditional,2,CASH-117,Cash,25,5,True,192.39,5.5,120.9,43.6,31.1,16.3,0.0,,211.8,4
TXN-CRT-001-003704,2026-07-23 11:24:26,2026-07-23,Thursday,11,False,Traditional,1,CASH-122,Cash,15,5,True,42.13,63.3,81.2,42.5,70.7,33.5,0.0,,227.9,3
TXN-CRT-001-003705,2026-07-23 11:29:58,2026-07-23,Thursday,11,False,Express (<10 items),13,CASH-144,Cash,15,1,True,84.31,50.5,82.4,37.5,29.2,23.5,0.0,,172.6,4
TXN-CRT-001-003706,2026-07-23 11:31:54,2026-07-23,Thursday,11,False,Self-Service,10,,Cash,5,1,True,31.84,27.5,32.8,68.9,56.1,27.7,0.0,,185.5,4
TXN-CRT-001-003707,2026-07-23 11:32:49,2026-07-23,Thursday,11,False,Traditional,3,CASH-135,Card (International),17,3,True,72.11,33.4,54.4,17.9,30.0,28.8,0.0,,131.1,4
TXN-CRT-001-003708,2026-07-23 11:33:56,2026-07-23,Thursday,11,False,Traditional,1,CASH-127,Cash,9,3,True,58.03,44.6,57.5,29.4,57.2,19.3,0.0,,163.3,4
TXN-CRT-001-003709,2026-07-23 11:35:28,2026-07-23,Thursday,11,False,Traditional,4,CASH-106,Cash,48,18,True,268.21,65.0,279.2,15.7,32.7,16.9,0.0,,344.5,3
TXN-CRT-001-003710,2026-07-23 11:44:06,2026-07-23,Thursday,11,False,Express (<10 items),13,CASH-139,Card (Local),28,7,True,203.1,60.8,190.8,38.2,29.1,21.1,0.0,,279.2,4
TXN-CRT-001-003711,2026-07-23 11:46:01,2026-07-23,Thursday,11,False,Traditional,1,CASH-126,Card (International),13,5,True,46.59,104.4,34.6,33.8,46.0,27.9,0.0,,142.3,3
TXN-CRT-001-003712,2026-07-23 11:47:11,2026-07-23,Thursday,11,False,Traditional,5,CASH-118,Cash,6,2,True,35.79,58.2,44.7,18.2,43.1,34.1,0.0,,140.1,4
TXN-CRT-001-003713,2026-07-23 11:53:57,2026-07-23,Thursday,11,False,Traditional,2,CASH-113,Card (Local),28,11,True,244.24,118.2,171.0,21.8,21.7,37.1,0.0,,251.7,3
TXN-CRT-001-003714,2026-07-23 12:08:12,2026-07-23,Thursday,12,False,Traditional,2,CASH-110,Cash,5,2,True,34.06,6.6,14.1,15.5,30.8,20.3,0.0,,80.7,4
TXN-CRT-001-003715,2026-07-23 12:17:21,2026-07-23,Thursday,12,False,Express (<10 items),13,CASH-139,Flous (Mobile),7,0,False,48.61,103.1,25.1,0.0,21.7,21.2,0.0,,67.9,3
TXN-CRT-001-003716,2026-07-23 12:20:43,2026-07-23,Thursday,12,False,Traditional,2,CASH-124,Flous (Mobile),8,3,True,38.76,35.9,40.1,41.2,20.6,36.2,0.0,,138.1,4
TXN-CRT-001-003717,2026-07-23 12:24:40,2026-07-23,Thursday,12,False,Traditional,4,CASH-103,Card (Local),17,4,True,42.91,53.5,119.7,19.1,20.3,27.0,0.0,,186.1,4
TXN-CRT-001-003718,2026-07-23 12:26:07,2026-07-23,Thursday,12,False,Traditional,6,CASH-126,Card (Local),28,2,True,108.67,74.3,201.9,18.8,18.9,22.6,0.0,,262.3,4
TXN-CRT-001-003719,2026-07-23 12:26:26,2026-07-23,Thursday,12,False,Traditional,3,CASH-116,Flous (Mobile),10,2,True,68.66,18.3,56.1,34.5,32.3,33.4,0.0,,156.3,4
TXN-CRT-001-003720,2026-07-23 12:36:17,2026-07-23,Thursday,12,False,Traditional,6,CASH-109,Cash,4,2,True,13.33,39.1,19.0,20.5,45.1,29.8,0.0,,114.4,4
TXN-CRT-001-003721,2026-07-23 12:42:07,2026-07-23,Thursday,12,False,Traditional,6,CASH-133,Cash,14,6,True,98.27,110.6,56.4,16.9,42.4,36.4,0.0,,152.0,3
TXN-CRT-001-003722,2026-07-23 12:42:41,2026-07-23,Thursday,12,False,Traditional,4,CASH-130,Card (International),25,8,True,251.62,130.1,160.8,33.5,34.5,19.2,0.0,,248.0,3
TXN-CRT-001-003723,2026-07-23 12:45:10,2026-07-23,Thursday,12,False,Express (<10 items),13,CASH-143,Cash,8,5,True,51.68,27.3,31.3,27.3,26.3,16.0,0.0,,100.9,4
TXN-CRT-001-003724,2026-07-23 12:45:16,2026-07-23,Thursday,12,False,Traditional,6,CASH-121,Cash,8,3,True,42.79,70.7,24.2,40.9,50.0,16.2,0.0,,131.3,3
TXN-CRT-001-003725,2026-07-23 12:46:56,2026-07-23,Thursday,12,False,Traditional,3,CASH-122,Flous (Mobile),44,5,True,267.92,32.8,188.4,20.5,20.9,16.7,0.0,,246.4,4
TXN-CRT-001-003726,2026-07-23 12:47:52,2026-07-23,Thursday,12,False,Self-Service,9,,Card (Local),45,10,True,243.64,10.6,489.9,51.3,22.8,23.9,0.0,,587.9,4
TXN-CRT-001-003727,2026-07-23 12:53:42,2026-07-23,Thursday,12,False,Traditional,6,CASH-117,Cash,49,7,True,435.07,124.2,350.8,36.7,36.8,32.9,0.0,,457.3,3
TXN-CRT-001-003728,2026-07-23 12:56:48,2026-07-23,Thursday,12,False,Traditional,7,CASH-133,Cash,29,4,True,170.3,18.3,183.3,17.6,40.2,20.3,0.0,,261.4,4
TXN-CRT-001-003729,2026-07-23 12:57:18,2026-07-23,Thursday,12,False,Traditional,2,CASH-119,Cash,7,1,True,33.78,217.7,51.7,17.2,74.2,33.5,0.0,,176.6,3
TXN-CRT-001-003730,2026-07-23 13:04:39,2026-07-23,Thursday,13,False,Traditional,1,CASH-103,Cash,8,2,True,39.86,13.5,46.6,24.2,40.4,36.9,0.0,,148.1,4
TXN-CRT-001-003731,2026-07-23 13:05:52,2026-07-23,Thursday,13,False,Traditional,1,CASH-101,Cash,11,4,True,62.36,101.2,29.7,18.4,55.2,28.2,0.0,,131.5,3
TXN-CRT-001-003732,2026-07-23 13:09:19,2026-07-23,Thursday,13,False,Express (<10 items),13,CASH-140,Card (International),10,4,True,26.26,97.6,34.1,18.3,34.3,28.6,0.0,,115.2,3
TXN-CRT-001-003733,2026-07-23 13:10:02,2026-07-23,Thursday,13,False,Traditional,8,CASH-110,Cash,45,12,True,338.0,33.1,166.5,16.8,34.9,17.9,0.0,,236.1,4
TXN-CRT-001-003734,2026-07-23 13:10:28,2026-07-23,Thursday,13,False,Traditional,1,CASH-105,Cash,28,10,True,272.92,59.1,201.0,30.5,25.5,25.1,0.0,,282.1,4
TXN-CRT-001-003735,2026-07-23 13:14:59,2026-07-23,Thursday,13,False,Traditional,1,CASH-101,Cash,24,6,True,176.95,33.9,108.4,20.3,67.0,23.5,0.0,,219.2,4
TXN-CRT-001-003736,2026-07-23 13:17:32,2026-07-23,Thursday,13,False,Traditional,7,CASH-132,Check,7,3,True,42.07,22.4,42.7,23.6,58.8,29.5,0.0,,154.6,4
TXN-CRT-001-003737,2026-07-23 13:23:51,2026-07-23,Thursday,13,False,Traditional,7,CASH-134,Cash,40,10,True,296.28,66.9,113.8,23.4,57.3,27.4,0.0,,222.0,3
TXN-CRT-001-003738,2026-07-23 13:25:06,2026-07-23,Thursday,13,False,Traditional,1,CASH-134,Cash,31,6,True,281.14,87.1,158.0,15.7,57.3,26.5,163.3,Payment terminal error,420.8,2
TXN-CRT-001-003739,2026-07-23 13:25:15,2026-07-23,Thursday,13,False,Traditional,2,CASH-122,Cash,6,3,True,23.36,25.5,30.9,34.0,39.0,16.5,0.0,,120.3,4
TXN-CRT-001-003740,2026-07-23 13:25:36,2026-07-23,Thursday,13,False,Traditional,7,CASH-130,Card (Local),36,8,True,345.08,124.3,238.6,38.2,28.2,19.2,0.0,,324.3,3
TXN-CRT-001-003741,2026-07-23 13:28:28,2026-07-23,Thursday,13,False,Self-Service,11,,Card (Local),9,2,True,65.9,57.8,58.0,33.3,34.3,28.6,0.0,,154.2,4
TXN-CRT-001-003742,2026-07-23 13:34:18,2026-07-23,Thursday,13,False,Traditional,8,CASH-127,Cash,4,1,True,23.19,47.0,17.9,44.9,47.9,18.0,0.0,,128.8,4
TXN-CRT-001-003743,2026-07-23 13:34:50,2026-07-23,Thursday,13,False,Traditional,8,CASH-101,Cash,21,6,True,134.4,48.1,95.2,30.8,62.0,32.9,0.0,,220.9,4
TXN-CRT-001-003744,2026-07-23 13:37:30,2026-07-23,Thursday,13,False,Traditional,5,CASH-105,Cash,21,11,True,195.24,121.9,83.6,28.4,39.4,25.4,0.0,,176.8,3
TXN-CRT-001-003745,2026-07-23 13:37:36,2026-07-23,Thursday,13,False,Traditional,1,CASH-126,Cash,4,0,False,25.73,36.9,24.8,0.0,43.7,18.1,0.0,,86.7,4
TXN-CRT-001-003746,2026-07-23 13:41:13,2026-07-23,Thursday,13,False,Traditional,4,CASH-127,Cash,10,4,True,27.86,38.4,59.6,22.3,56.7,17.6,0.0,,156.1,4
TXN-CRT-001-003747,2026-07-23 13:42:47,2026-07-23,Thursday,13,False,Traditional,8,CASH-125,Cash,50,5,True,392.18,120.1,325.8,30.6,40.9,27.4,0.0,,424.7,3
TXN-CRT-001-003748,2026-07-23 13:47:15,2026-07-23,Thursday,13,False,Traditional,5,CASH-129,Cash,22,5,True,196.03,126.5,68.3,21.4,41.8,30.7,0.0,,162.2,3
TXN-CRT-001-003749,2026-07-23 13:48:07,2026-07-23,Thursday,13,False,Traditional,3,CASH-114,Cash,24,4,True,126.19,96.3,102.2,34.9,54.9,30.9,99.0,Item return/exchange,321.9,3
TXN-CRT-001-003750,2026-07-23 13:55:22,2026-07-23,Thursday,13,False,Self-Service,11,,Cash,8,3,True,29.47,15.1,43.4,64.5,56.5,31.2,0.0,,195.7,4
TXN-CRT-001-003751,2026-07-23 13:56:39,2026-07-23,Thursday,13,False,Self-Service,9,,Card (Local),4,0,False,11.1,173.5,14.9,0.0,26.2,23.1,0.0,,64.2,3
TXN-CRT-001-003752,2026-07-23 14:00:41,2026-07-23,Thursday,14,False,Self-Service,11,,Cash,9,2,True,54.83,53.9,45.8,75.0,30.4,25.5,0.0,,176.7,4
TXN-CRT-001-003753,2026-07-23 14:04:58,2026-07-23,Thursday,14,False,Traditional,4,CASH-112,Cash,9,1,True,66.55,46.0,38.6,28.4,31.4,16.3,0.0,,114.7,4
TXN-CRT-001-003754,2026-07-23 14:05:31,2026-07-23,Thursday,14,False,Traditional,5,CASH-132,Cash,8,1,True,20.04,96.6,51.5,42.5,33.1,36.3,0.0,,163.4,4
TXN-CRT-001-003755,2026-07-23 14:07:57,2026-07-23,Thursday,14,False,Traditional,5,CASH-135,Check,7,3,True,21.67,63.5,33.9,34.0,57.8,23.0,0.0,,148.7,3
TXN-CRT-001-003756,2026-07-23 14:08:07,2026-07-23,Thursday,14,False,Traditional,6,CASH-113,Flous (Mobile),18,3,True,77.85,34.1,81.3,42.4,35.2,33.7,0.0,,192.6,4
TXN-CRT-001-003757,2026-07-23 14:20:06,2026-07-23,Thursday,14,False,Traditional,4,CASH-125,Cash,11,2,True,51.19,138.8,44.4,30.2,31.8,18.8,0.0,,125.2,3
TXN-CRT-001-003758,2026-07-23 14:32:31,2026-07-23,Thursday,14,False,Traditional,1,CASH-103,Cash,30,6,True,220.63,45.7,82.7,17.2,45.9,37.6,0.0,,183.4,4
TXN-CRT-001-003759,2026-07-23 14:36:08,2026-07-23,Thursday,14,False,Traditional,1,CASH-132,Cash,7,2,True,37.93,52.8,33.5,26.3,32.8,16.5,0.0,,109.2,4
TXN-CRT-001-003760,2026-07-23 14:44:37,2026-07-23,Thursday,14,False,Traditional,7,CASH-134,Cash,14,4,True,88.2,138.0,83.1,36.7,50.7,25.5,0.0,,195.9,3
TXN-CRT-001-003761,2026-07-23 14:44:58,2026-07-23,Thursday,14,False,Traditional,8,CASH-103,Cash,1,0,False,6.4,92.2,4.8,0.0,36.6,19.3,116.0,Supervisor approval needed,176.6,3
TXN-CRT-001-003762,2026-07-23 14:45:31,2026-07-23,Thursday,14,False,Traditional,8,CASH-132,Card (Local),15,3,True,42.45,76.5,110.6,37.0,23.8,33.0,0.0,,204.4,3
TXN-CRT-001-003763,2026-07-23 14:45:33,2026-07-23,Thursday,14,False,Traditional,7,CASH-135,Card (Local),3,1,True,21.98,32.8,10.4,20.4,24.4,15.0,0.0,,70.2,4
TXN-CRT-001-003764,2026-07-23 15:15:48,2026-07-23,Thursday,15,False,Traditional,3,CASH-112,Flous (Mobile),48,11,True,228.65,66.0,130.0,41.8,27.8,30.7,0.0,,230.3,3
TXN-CRT-001-003765,2026-07-23 15:44:23,2026-07-23,Thursday,15,False,Traditional,6,CASH-102,Cash,28,10,True,206.81,69.1,177.5,25.1,52.1,21.3,0.0,,276.0,3
TXN-CRT-001-003766,2026-07-23 15:57:09,2026-07-23,Thursday,15,False,Traditional,6,CASH-132,Card (International),15,5,True,97.58,67.9,47.0,26.9,39.5,21.6,0.0,,135.0,3
TXN-CRT-001-003767,2026-07-23 16:06:08,2026-07-23,Thursday,16,False,Traditional,1,CASH-133,Card (International),4,1,True,10.79,46.8,24.9,39.0,44.9,31.9,115.5,Payment terminal error,256.1,3
TXN-CRT-001-003768,2026-07-23 16:09:16,2026-07-23,Thursday,16,False,Traditional,4,CASH-116,Cash,19,4,True,74.18,25.6,85.9,16.0,27.9,34.7,0.0,,164.6,4
TXN-CRT-001-003769,2026-07-23 16:22:07,2026-07-23,Thursday,16,False,Traditional,3,CASH-116,Cash,26,8,True,111.65,101.7,187.9,17.9,43.1,32.4,0.0,,281.4,3
TXN-CRT-001-003770,2026-07-23 16:25:26,2026-07-23,Thursday,16,False,Traditional,6,CASH-134,Cash,7,3,True,27.97,31.7,28.5,33.1,48.6,34.8,0.0,,145.1,4
TXN-CRT-001-003771,2026-07-23 16:29:31,2026-07-23,Thursday,16,False,Traditional,1,CASH-105,Cash,18,5,True,51.32,50.8,81.7,25.1,46.5,20.9,0.0,,174.2,4
TXN-CRT-001-003772,2026-07-23 16:43:20,2026-07-23,Thursday,16,False,Self-Service,9,,Cash,30,9,True,215.55,3.3,270.0,59.8,49.8,21.4,0.0,,401.0,3
TXN-CRT-001-003773,2026-07-23 16:52:00,2026-07-23,Thursday,16,False,Traditional,8,CASH-101,Card (Local),26,8,True,174.84,90.4,75.2,35.5,33.8,26.4,0.0,,171.0,3
TXN-CRT-001-003774,2026-07-23 17:00:12,2026-07-23,Thursday,17,False,Traditional,4,CASH-107,Cash,29,8,True,236.92,21.7,153.9,22.6,71.6,29.9,0.0,,278.0,4
TXN-CRT-001-003775,2026-07-23 17:01:07,2026-07-23,Thursday,17,False,Traditional,7,CASH-113,Check,37,8,True,247.76,69.1,186.2,20.8,60.0,38.3,0.0,,305.3,3
TXN-CRT-001-003776,2026-07-23 17:03:29,2026-07-23,Thursday,17,False,Express (<10 items),13,CASH-142,Cash,43,13,True,262.34,15.9,213.8,29.6,44.6,37.2,0.0,,325.1,3
TXN-CRT-001-003777,2026-07-23 17:05:57,2026-07-23,Thursday,17,False,Traditional,5,CASH-109,Check,13,2,True,54.69,42.3,75.9,30.9,87.8,37.6,0.0,,232.2,4
TXN-CRT-001-003778,2026-07-23 17:06:29,2026-07-23,Thursday,17,False,Traditional,3,CASH-118,Cash,18,6,True,76.65,39.1,91.4,18.5,28.2,20.2,0.0,,158.3,4
TXN-CRT-001-003779,2026-07-23 17:12:32,2026-07-23,Thursday,17,False,Traditional,7,CASH-101,Card (International),28,9,True,179.7,22.0,94.1,43.0,28.8,20.2,0.0,,186.1,4
TXN-CRT-001-003780,2026-07-23 17:27:08,2026-07-23,Thursday,17,False,Self-Service,9,,Cash,23,8,True,157.22,58.8,245.4,35.1,27.2,28.6,0.0,,336.3,4
TXN-CRT-001-003781,2026-07-23 17:37:40,2026-07-23,Thursday,17,False,Traditional,5,CASH-133,Cash,50,12,True,429.58,12.6,132.5,34.6,56.5,21.6,0.0,,245.1,4
TXN-CRT-001-003782,2026-07-23 17:50:35,2026-07-23,Thursday,17,False,Traditional,2,CASH-113,Flous (Mobile),1,0,False,4.25,83.4,5.5,0.0,31.0,25.2,0.0,,61.8,3
TXN-CRT-001-003783,2026-07-23 17:51:24,2026-07-23,Thursday,17,False,Traditional,8,CASH-106,Cash,11,1,True,44.55,86.7,33.5,43.0,33.5,17.6,0.0,,127.7,4
TXN-CRT-001-003784,2026-07-23 17:55:40,2026-07-23,Thursday,17,False,Traditional,5,CASH-122,Card (Local),9,3,True,27.94,24.1,39.0,33.9,20.2,29.6,0.0,,122.8,4
TXN-CRT-001-003785,2026-07-23 17:57:05,2026-07-23,Thursday,17,False,Traditional,3,CASH-110,Card (Local),9,4,True,64.12,120.8,49.0,29.1,20.2,37.2,0.0,,135.5,3
TXN-CRT-001-003786,2026-07-23 17:59:57,2026-07-23,Thursday,17,False,Traditional,1,CASH-125,Cash,8,2,True,39.84,43.1,35.2,37.2,55.6,33.6,101.0,Payment terminal error,262.7,3
TXN-CRT-001-003787,2026-07-23 18:00:11,2026-07-23,Thursday,18,False,Traditional,3,CASH-117,Cash,23,4,True,116.15,20.1,65.9,19.5,55.5,25.7,0.0,,166.6,4
TXN-CRT-001-003788,2026-07-23 18:00:36,2026-07-23,Thursday,18,False,Traditional,3,CASH-126,Card (Local),4,2,True,30.4,8.8,23.0,26.0,23.0,29.7,149.4,Supervisor approval needed,251.1,3
TXN-CRT-001-003789,2026-07-23 18:02:00,2026-07-23,Thursday,18,False,Traditional,4,CASH-131,Cash,25,11,True,140.93,116.2,123.7,41.0,33.3,31.5,0.0,,229.5,4
TXN-CRT-001-003790,2026-07-23 18:11:54,2026-07-23,Thursday,18,False,Express (<10 items),12,CASH-140,Card (Local),23,5,True,216.9,27.0,142.5,21.2,25.0,35.7,0.0,,224.4,4
TXN-CRT-001-003791,2026-07-23 18:13:10,2026-07-23,Thursday,18,False,Traditional,5,CASH-117,Flous (Mobile),9,2,True,42.54,36.9,65.2,39.5,39.6,21.9,0.0,,166.2,4
TXN-CRT-001-003792,2026-07-23 18:14:10,2026-07-23,Thursday,18,False,Traditional,6,CASH-121,Cash,9,3,True,52.51,34.1,57.2,44.5,65.4,15.2,0.0,,182.4,4
TXN-CRT-001-003793,2026-07-23 18:16:19,2026-07-23,Thursday,18,False,Traditional,2,CASH-127,Cash,20,6,True,126.33,98.4,139.7,25.7,29.3,29.6,90.7,Payment terminal error,315.1,2
TXN-CRT-001-003794,2026-07-23 18:21:14,2026-07-23,Thursday,18,False,Traditional,2,CASH-113,Card (Local),26,11,True,189.61,72.2,160.2,20.3,21.2,25.1,0.0,,226.7,4
TXN-CRT-001-003795,2026-07-23 18:21:31,2026-07-23,Thursday,18,False,Traditional,1,CASH-112,Cash,36,6,True,275.1,54.0,226.9,17.3,49.6,23.4,0.0,,317.2,4
TXN-CRT-001-003796,2026-07-23 18:24:37,2026-07-23,Thursday,18,False,Traditional,1,CASH-110,Cash,33,9,True,152.82,13.9,182.0,20.1,47.7,34.9,0.0,,284.7,4
TXN-CRT-001-003797,2026-07-23 18:26:06,2026-07-23,Thursday,18,False,Traditional,1,CASH-122,Cash,46,13,True,292.34,142.4,208.2,23.7,32.0,18.6,0.0,,282.6,3
TXN-CRT-001-003798,2026-07-23 18:29:38,2026-07-23,Thursday,18,False,Traditional,7,CASH-102,Cash,18,7,True,96.22,73.5,99.6,42.7,37.3,21.4,0.0,,201.1,4
TXN-CRT-001-003799,2026-07-23 18:31:04,2026-07-23,Thursday,18,False,Traditional,1,CASH-124,Cash,40,13,True,218.04,74.7,166.1,40.8,73.3,24.8,0.0,,305.0,3
TXN-CRT-001-003800,2026-07-23 18:32:47,2026-07-23,Thursday,18,False,Traditional,6,CASH-120,Cash,29,12,True,233.22,15.7,126.8,29.5,33.0,21.5,0.0,,210.8,4
TXN-CRT-001-003801,2026-07-23 18:33:26,2026-07-23,Thursday,18,False,Traditional,4,CASH-125,Card (International),38,9,True,216.92,19.0,164.2,30.6,45.5,39.4,0.0,,279.7,4
TXN-CRT-001-003802,2026-07-23 18:35:04,2026-07-23,Thursday,18,False,Express (<10 items),12,CASH-143,Cash,1,1,True,6.55,31.6,3.8,32.6,35.8,39.9,0.0,,112.1,4
TXN-CRT-001-003803,2026-07-23 18:35:40,2026-07-23,Thursday,18,False,Traditional,7,CASH-134,Cash,47,11,True,312.1,53.7,238.2,37.0,65.1,26.8,0.0,,367.2,4
TXN-CRT-001-003804,2026-07-23 18:39:16,2026-07-23,Thursday,18,False,Express (<10 items),13,CASH-144,Check,15,3,True,50.69,21.9,84.4,40.0,68.8,36.3,0.0,,229.5,4
TXN-CRT-001-003805,2026-07-23 18:40:18,2026-07-23,Thursday,18,False,Traditional,4,CASH-119,Card (Local),28,5,True,152.3,16.0,126.8,34.3,18.4,38.6,0.0,,218.2,4
TXN-CRT-001-003806,2026-07-23 18:44:42,2026-07-23,Thursday,18,False,Express (<10 items),12,CASH-144,Flous (Mobile),6,2,True,38.74,30.9,23.5,16.5,21.0,35.3,0.0,,96.3,4
TXN-CRT-001-003807,2026-07-23 18:45:50,2026-07-23,Thursday,18,False,Traditional,3,CASH-101,Cash,13,7,True,94.34,38.5,56.2,33.5,59.6,31.5,100.6,Price check required,281.3,3
TXN-CRT-001-003808,2026-07-23 18:50:31,2026-07-23,Thursday,18,False,Traditional,2,CASH-124,Card (International),9,1,True,38.98,14.1,50.3,31.8,30.9,20.6,0.0,,133.6,4
TXN-CRT-001-003809,2026-07-23 18:59:24,2026-07-23,Thursday,18,False,Traditional,2,CASH-122,Cash,10,0,False,78.85,75.2,38.2,0.0,59.1,20.4,0.0,,117.8,4
TXN-CRT-001-003810,2026-07-23 19:03:25,2026-07-23,Thursday,19,False,Traditional,7,CASH-117,Cash,5,2,True,18.2,78.4,23.7,20.3,66.4,20.7,0.0,,131.1,3
TXN-CRT-001-003811,2026-07-23 19:06:44,2026-07-23,Thursday,19,False,Traditional,7,CASH-131,Cash,29,8,True,144.13,69.9,93.4,27.2,61.2,27.6,0.0,,209.4,3
TXN-CRT-001-003812,2026-07-23 19:07:04,2026-07-23,Thursday,19,False,Traditional,8,CASH-119,Cash,1,1,True,5.47,14.9,5.4,22.8,49.9,25.4,0.0,,103.5,4
TXN-CRT-001-003813,2026-07-23 19:08:25,2026-07-23,Thursday,19,False,Traditional,4,CASH-112,Flous (Mobile),10,2,True,57.34,30.6,55.5,36.9,35.2,38.5,0.0,,166.1,4
TXN-CRT-001-003814,2026-07-23 19:09:47,2026-07-23,Thursday,19,False,Traditional,3,CASH-101,Cash,7,0,False,33.75,85.5,48.0,0.0,50.5,18.5,0.0,,117.1,4
TXN-CRT-001-003815,2026-07-23 19:15:06,2026-07-23,Thursday,19,False,Traditional,1,CASH-102,Card (Local),18,4,True,88.53,56.9,106.1,20.2,33.6,17.1,0.0,,177.0,4
TXN-CRT-001-003816,2026-07-23 19:16:30,2026-07-23,Thursday,19,False,Traditional,5,CASH-109,Card (Local),9,1,True,29.92,122.1,59.8,33.4,19.8,37.7,0.0,,150.7,3
TXN-CRT-001-003817,2026-07-23 19:17:25,2026-07-23,Thursday,19,False,Traditional,6,CASH-135,Card (Local),9,1,True,40.8,110.4,25.9,30.0,28.0,27.7,0.0,,111.6,4
TXN-CRT-001-003818,2026-07-23 19:23:36,2026-07-23,Thursday,19,False,Traditional,8,CASH-110,Cash,15,2,True,67.59,48.4,82.5,31.8,28.1,15.5,0.0,,157.9,4
TXN-CRT-001-003819,2026-07-23 19:23:36,2026-07-23,Thursday,19,False,Traditional,6,CASH-115,Card (Local),21,4,True,115.0,30.0,93.9,20.3,20.5,21.7,0.0,,156.4,4
TXN-CRT-001-003820,2026-07-23 19:33:54,2026-07-23,Thursday,19,False,Traditional,8,CASH-120,Cash,5,0,False,30.54,82.7,33.2,0.0,34.3,24.0,0.0,,91.5,3
TXN-CRT-001-003821,2026-07-23 19:37:07,2026-07-23,Thursday,19,False,Traditional,6,CASH-115,Cash,7,4,True,47.16,88.6,31.1,22.0,31.7,32.6,0.0,,117.4,3
TXN-CRT-001-003822,2026-07-23 19:45:02,2026-07-23,Thursday,19,False,Traditional,3,CASH-129,Check,9,1,True,47.7,96.3,30.6,41.9,45.1,22.9,0.0,,140.4,3
TXN-CRT-001-003823,2026-07-23 19:51:34,2026-07-23,Thursday,19,False,Traditional,2,CASH-107,Cash,47,11,True,233.75,56.2,151.8,16.5,29.8,30.5,0.0,,228.6,4
TXN-CRT-001-003824,2026-07-23 19:51:57,2026-07-23,Thursday,19,False,Traditional,3,CASH-119,Cash,13,5,True,79.65,26.9,83.0,20.6,71.6,26.1,0.0,,201.3,4
TXN-CRT-001-003825,2026-07-23 19:54:07,2026-07-23,Thursday,19,False,Traditional,7,CASH-112,Flous (Mobile),19,6,True,57.35,69.1,55.6,35.0,26.8,32.6,0.0,,149.9,3
TXN-CRT-001-003826,2026-07-23 19:54:43,2026-07-23,Thursday,19,False,Traditional,5,CASH-119,Cash,8,2,True,59.84,71.3,22.7,15.1,44.9,34.4,0.0,,117.2,3
TXN-CRT-001-003827,2026-07-23 20:15:48,2026-07-23,Thursday,20,False,Traditional,3,CASH-113,Card (Local),15,5,True,95.28,80.9,82.0,24.7,19.8,20.0,0.0,,146.5,4
TXN-CRT-001-003828,2026-07-23 20:24:24,2026-07-23,Thursday,20,False,Traditional,7,CASH-133,Cash,3,1,True,13.03,32.7,19.7,15.1,61.8,23.5,0.0,,120.1,4
TXN-CRT-001-003829,2026-07-23 20:25:37,2026-07-23,Thursday,20,False,Traditional,1,CASH-133,Cash,2,1,True,5.48,68.6,13.4,34.2,45.3,33.6,0.0,,126.6,4
TXN-CRT-001-003830,2026-07-23 20:30:26,2026-07-23,Thursday,20,False,Traditional,4,CASH-104,Cash,15,4,True,93.71,11.9,73.4,44.3,29.7,17.1,0.0,,164.5,4
TXN-CRT-001-003831,2026-07-23 20:31:55,2026-07-23,Thursday,20,False,Traditional,4,CASH-108,Cash,13,5,True,71.07,86.4,41.2,15.1,32.8,33.4,0.0,,122.5,4
TXN-CRT-001-003832,2026-07-23 20:32:19,2026-07-23,Thursday,20,False,Traditional,7,CASH-116,Cash,6,2,True,23.83,54.7,36.3,31.1,73.7,23.2,0.0,,164.3,4
TXN-CRT-001-003833,2026-07-23 20:34:02,2026-07-23,Thursday,20,False,Traditional,3,CASH-130,Card (Local),22,4,True,159.35,29.1,61.0,27.3,21.7,29.5,0.0,,139.5,4
TXN-CRT-001-003834,2026-07-23 20:40:55,2026-07-23,Thursday,20,False,Traditional,1,CASH-112,Cash,50,16,True,323.79,118.8,252.1,44.9,64.4,39.2,0.0,,400.7,3
TXN-CRT-001-003835,2026-07-23 20:41:19,2026-07-23,Thursday,20,False,Traditional,3,CASH-118,Check,12,3,True,83.78,36.6,74.2,27.6,83.7,23.9,0.0,,209.4,4
TXN-CRT-001-003836,2026-07-23 20:47:49,2026-07-23,Thursday,20,False,Traditional,8,CASH-111,Cash,20,8,True,135.4,55.1,125.2,17.3,72.9,24.5,0.0,,239.9,4
TXN-CRT-001-003837,2026-07-23 20:50:09,2026-07-23,Thursday,20,False,Express (<10 items),13,CASH-144,Cash,46,7,True,183.96,31.9,230.1,37.2,31.9,24.5,0.0,,323.7,4
TXN-CRT-001-003838,2026-07-23 20:54:15,2026-07-23,Thursday,20,False,Traditional,6,CASH-119,Card (Local),31,7,True,165.09,50.9,166.2,32.2,31.6,32.2,0.0,,262.1,4
TXN-CRT-001-003839,2026-07-23 20:56:41,2026-07-23,Thursday,20,False,Express (<10 items),12,CASH-136,Flous (Mobile),14,6,True,98.58,72.2,51.4,37.1,23.9,32.0,0.0,,144.5,3
TXN-CRT-001-003840,2026-07-23 21:14:01,2026-07-23,Thursday,21,False,Traditional,2,CASH-126,Cash,25,5,True,152.32,34.1,99.6,18.1,45.9,25.7,0.0,,189.4,4
TXN-CRT-001-003841,2026-07-23 21:23:03,2026-07-23,Thursday,21,False,Traditional,5,CASH-127,Card (Local),6,3,True,29.19,42.8,29.0,37.9,30.0,21.8,0.0,,118.8,4
TXN-CRT-001-003842,2026-07-23 21:23:13,2026-07-23,Thursday,21,False,Traditional,8,CASH-121,Flous (Mobile),16,7,True,89.3,85.3,47.9,20.6,26.0,39.2,0.0,,133.7,4
TXN-CRT-001-003843,2026-07-23 21:40:04,2026-07-23,Thursday,21,False,Traditional,8,CASH-132,Cash,9,4,True,54.54,7.2,54.7,32.7,49.0,39.3,0.0,,175.8,4
TXN-CRT-001-003844,2026-07-23 21:44:54,2026-07-23,Thursday,21,False,Traditional,1,CASH-115,Flous (Mobile),6,2,True,23.42,89.0,37.0,39.1,31.5,37.9,0.0,,145.5,4
TXN-CRT-001-003845,2026-07-23 21:54:01,2026-07-23,Thursday,21,False,Traditional,3,CASH-134,Cash,13,4,True,37.48,101.2,45.8,28.6,30.0,31.5,0.0,,136.0,3
TXN-CRT-001-003846,2026-07-24 08:03:37,2026-07-24,Friday,8,True,Traditional,1,CASH-122,Card (Local),6,3,True,27.24,20.0,26.0,22.1,27.5,15.4,0.0,,90.9,4
TXN-CRT-001-003847,2026-07-24 08:30:18,2026-07-24,Friday,8,True,Express (<10 items),13,CASH-139,Flous (Mobile),23,7,True,174.61,9.3,79.7,15.7,26.3,33.4,0.0,,155.1,4
TXN-CRT-001-003848,2026-07-24 09:01:29,2026-07-24,Friday,9,True,Traditional,2,CASH-130,Card (Local),14,4,True,59.64,15.4,102.6,24.5,25.3,20.0,0.0,,172.4,4
TXN-CRT-001-003849,2026-07-24 09:17:29,2026-07-24,Friday,9,True,Traditional,2,CASH-121,Cash,16,8,True,116.98,22.8,63.6,21.8,59.8,39.1,0.0,,184.3,4
TXN-CRT-001-003850,2026-07-24 09:18:38,2026-07-24,Friday,9,True,Traditional,6,CASH-107,Cash,6,2,True,27.23,17.2,43.9,44.0,69.7,24.5,0.0,,182.1,4
TXN-CRT-001-003851,2026-07-24 09:24:45,2026-07-24,Friday,9,True,Traditional,3,CASH-112,Flous (Mobile),6,4,True,24.89,76.3,20.9,25.4,28.9,17.1,0.0,,92.4,4
TXN-CRT-001-003852,2026-07-24 09:41:50,2026-07-24,Friday,9,True,Traditional,4,CASH-110,Cash,18,2,True,55.54,44.9,68.4,44.7,37.2,31.0,0.0,,181.3,4
TXN-CRT-001-003853,2026-07-24 09:43:26,2026-07-24,Friday,9,True,Traditional,1,CASH-101,Cash,49,9,True,255.02,62.1,342.9,24.7,30.4,35.0,0.0,,433.0,3
TXN-CRT-001-003854,2026-07-24 09:54:10,2026-07-24,Friday,9,True,Express (<10 items),12,CASH-143,Card (Local),4,1,True,20.28,57.3,29.5,19.4,24.8,28.5,0.0,,102.1,4
TXN-CRT-001-003855,2026-07-24 10:06:48,2026-07-24,Friday,10,True,Traditional,4,CASH-109,Cash,10,2,True,35.47,82.1,57.2,42.1,37.7,34.3,0.0,,171.4,4
TXN-CRT-001-003856,2026-07-24 10:19:04,2026-07-24,Friday,10,True,Traditional,7,CASH-106,Cash,35,11,True,315.8,136.9,117.9,30.4,40.2,26.5,0.0,,215.0,3
TXN-CRT-001-003857,2026-07-24 10:25:20,2026-07-24,Friday,10,True,Traditional,3,CASH-121,Cash,3,0,False,16.81,108.3,13.8,0.0,72.7,39.5,0.0,,126.0,3
TXN-CRT-001-003858,2026-07-24 10:38:24,2026-07-24,Friday,10,True,Traditional,2,CASH-135,Cash,36,14,True,256.6,41.2,209.5,30.4,29.3,33.6,0.0,,302.8,3
TXN-CRT-001-003859,2026-07-24 10:43:30,2026-07-24,Friday,10,True,Traditional,3,CASH-104,Card (Local),16,3,True,114.13,69.1,63.5,33.2,19.8,22.6,0.0,,139.0,4
TXN-CRT-001-003860,2026-07-24 10:52:21,2026-07-24,Friday,10,True,Traditional,2,CASH-122,Card (Local),13,3,True,78.18,140.1,59.7,18.0,21.7,27.9,0.0,,127.3,3
TXN-CRT-001-003861,2026-07-24 10:57:05,2026-07-24,Friday,10,True,Traditional,6,CASH-125,Cash,10,2,True,67.1,36.5,64.3,27.4,59.6,36.2,0.0,,187.6,4
TXN-CRT-001-003862,2026-07-24 10:58:24,2026-07-24,Friday,10,True,Traditional,2,CASH-101,Card (International),10,3,True,37.31,73.3,30.0,39.8,33.0,21.0,0.0,,123.8,3
TXN-CRT-001-003863,2026-07-24 11:13:39,2026-07-24,Friday,11,True,Traditional,8,CASH-112,Flous (Mobile),10,1,True,72.58,167.5,26.0,37.6,35.9,35.8,0.0,,135.2,3
TXN-CRT-001-003864,2026-07-24 11:21:04,2026-07-24,Friday,11,True,Traditional,1,CASH-112,Card (Local),37,7,True,341.39,79.4,107.0,29.9,22.4,15.1,0.0,,174.4,3
TXN-CRT-001-003865,2026-07-24 11:22:43,2026-07-24,Friday,11,True,Traditional,6,CASH-110,Cash,24,7,True,212.87,20.8,169.7,26.2,37.0,17.0,0.0,,249.9,4
TXN-CRT-001-003866,2026-07-24 11:26:32,2026-07-24,Friday,11,True,Traditional,2,CASH-118,Card (Local),22,4,True,243.31,9.9,141.8,39.5,28.1,36.4,0.0,,245.8,4
TXN-CRT-001-003867,2026-07-24 11:26:42,2026-07-24,Friday,11,True,Traditional,7,CASH-132,Cash,29,6,True,163.72,24.7,128.7,38.1,32.0,29.9,0.0,,228.7,4
TXN-CRT-001-003868,2026-07-24 11:28:23,2026-07-24,Friday,11,True,Traditional,2,CASH-103,Card (Local),9,3,True,47.31,43.5,28.8,16.6,19.5,25.8,0.0,,90.7,4
TXN-CRT-001-003869,2026-07-24 11:33:24,2026-07-24,Friday,11,True,Traditional,2,CASH-115,Card (Local),19,2,True,62.15,158.2,53.7,37.7,19.8,24.4,0.0,,135.6,3
TXN-CRT-001-003870,2026-07-24 11:37:10,2026-07-24,Friday,11,True,Traditional,7,CASH-111,Cash,14,3,True,44.88,99.0,99.8,34.0,40.7,32.2,0.0,,206.7,4
TXN-CRT-001-003871,2026-07-24 11:37:58,2026-07-24,Friday,11,True,Traditional,4,CASH-106,Flous (Mobile),27,3,True,235.42,36.0,160.7,29.7,25.2,37.2,0.0,,252.8,4
TXN-CRT-001-003872,2026-07-24 11:38:49,2026-07-24,Friday,11,True,Traditional,6,CASH-116,Cash,10,2,True,75.68,21.8,55.4,19.3,43.2,21.2,0.0,,139.0,4
TXN-CRT-001-003873,2026-07-24 11:47:15,2026-07-24,Friday,11,True,Traditional,6,CASH-113,Card (Local),20,6,True,71.83,21.6,147.4,24.8,18.0,24.8,0.0,,215.0,4
TXN-CRT-001-003874,2026-07-24 11:48:41,2026-07-24,Friday,11,True,Traditional,2,CASH-130,Cash,37,6,True,274.97,188.8,113.3,36.2,52.1,33.3,0.0,,234.8,3
TXN-CRT-001-003875,2026-07-24 11:52:33,2026-07-24,Friday,11,True,Traditional,6,CASH-135,Flous (Mobile),13,5,True,64.14,19.2,35.7,33.1,29.3,36.1,0.0,,134.2,4
TXN-CRT-001-003876,2026-07-24 11:54:35,2026-07-24,Friday,11,True,Traditional,8,CASH-102,Cash,3,2,True,8.87,88.2,11.7,28.2,65.9,30.8,0.0,,136.7,4
TXN-CRT-001-003877,2026-07-24 12:05:15,2026-07-24,Friday,12,True,Traditional,8,CASH-104,Cash,16,2,True,46.44,84.8,47.1,18.9,71.7,33.8,0.0,,171.5,3
TXN-CRT-001-003878,2026-07-24 12:12:02,2026-07-24,Friday,12,True,Self-Service,9,,Cash,11,6,True,77.55,40.5,80.7,53.7,41.5,29.7,0.0,,205.6,4
TXN-CRT-001-003879,2026-07-24 12:12:31,2026-07-24,Friday,12,True,Traditional,2,CASH-125,Cash,22,4,True,178.4,17.7,112.5,20.7,72.0,18.7,0.0,,224.0,4
TXN-CRT-001-003880,2026-07-24 12:16:47,2026-07-24,Friday,12,True,Traditional,7,CASH-135,Cash,45,7,True,220.89,70.0,208.7,30.4,69.7,36.5,0.0,,345.2,3
TXN-CRT-001-003881,2026-07-24 12:20:39,2026-07-24,Friday,12,True,Traditional,1,CASH-120,Card (Local),15,0,False,77.83,150.3,64.4,0.0,29.9,31.8,0.0,,126.1,3
TXN-CRT-001-003882,2026-07-24 12:20:48,2026-07-24,Friday,12,True,Traditional,1,CASH-101,Cash,14,3,True,103.41,15.6,42.6,33.2,69.1,26.7,0.0,,171.5,4
TXN-CRT-001-003883,2026-07-24 12:32:17,2026-07-24,Friday,12,True,Express (<10 items),13,CASH-145,Cash,21,6,True,204.81,52.8,97.7,36.1,57.9,18.7,0.0,,210.4,4
TXN-CRT-001-003884,2026-07-24 12:32:48,2026-07-24,Friday,12,True,Traditional,4,CASH-127,Cash,5,1,True,30.61,81.7,28.7,44.6,36.3,32.3,0.0,,142.0,4
TXN-CRT-001-003885,2026-07-24 12:36:48,2026-07-24,Friday,12,True,Self-Service,10,,Card (International),9,4,True,64.51,143.9,69.3,29.1,27.9,44.2,0.0,,170.5,3
TXN-CRT-001-003886,2026-07-24 12:37:37,2026-07-24,Friday,12,True,Express (<10 items),12,CASH-140,Card (Local),41,12,True,305.31,7.4,144.7,32.9,23.7,39.4,0.0,,240.7,4
TXN-CRT-001-003887,2026-07-24 12:39:55,2026-07-24,Friday,12,True,Self-Service,9,,Card (Local),22,5,True,177.27,74.9,295.4,47.1,28.5,35.1,0.0,,406.0,3
TXN-CRT-001-003888,2026-07-24 12:48:10,2026-07-24,Friday,12,True,Traditional,7,CASH-110,Card (Local),1,0,False,7.09,141.9,5.5,0.0,27.1,20.9,0.0,,53.6,3
TXN-CRT-001-003889,2026-07-24 12:50:23,2026-07-24,Friday,12,True,Traditional,3,CASH-115,Cash,7,4,True,47.67,88.6,38.7,36.9,60.2,28.0,0.0,,163.9,3
TXN-CRT-001-003890,2026-07-24 12:50:44,2026-07-24,Friday,12,True,Traditional,8,CASH-124,Cash,22,3,True,240.38,29.9,124.1,18.6,54.0,32.5,0.0,,229.2,4
TXN-CRT-001-003891,2026-07-24 12:55:56,2026-07-24,Friday,12,True,Traditional,3,CASH-121,Cash,26,5,True,216.89,54.6,103.9,21.6,40.6,29.1,0.0,,195.2,4
TXN-CRT-001-003892,2026-07-24 12:58:46,2026-07-24,Friday,12,True,Traditional,5,CASH-124,Flous (Mobile),32,8,True,206.13,97.7,105.4,17.1,25.0,33.1,0.0,,180.7,3
TXN-CRT-001-003893,2026-07-24 13:01:24,2026-07-24,Friday,13,True,Traditional,6,CASH-103,Check,10,2,True,64.04,102.6,26.7,27.0,82.1,18.7,0.0,,154.5,4
TXN-CRT-001-003894,2026-07-24 13:02:07,2026-07-24,Friday,13,True,Traditional,5,CASH-129,Cash,43,11,True,276.57,87.5,225.8,43.6,49.7,15.8,146.7,Supervisor approval needed,481.6,2
TXN-CRT-001-003895,2026-07-24 13:09:02,2026-07-24,Friday,13,True,Traditional,1,CASH-113,Cash,17,3,True,80.15,58.7,105.8,35.8,56.8,26.6,0.0,,225.0,4
TXN-CRT-001-003896,2026-07-24 13:09:55,2026-07-24,Friday,13,True,Traditional,2,CASH-112,Cash,23,7,True,152.85,46.7,59.8,26.0,71.0,25.8,0.0,,182.6,4
TXN-CRT-001-003897,2026-07-24 13:15:13,2026-07-24,Friday,13,True,Traditional,3,CASH-101,Cash,19,5,True,110.96,107.7,123.5,21.9,73.2,34.7,0.0,,253.4,3
TXN-CRT-001-003898,2026-07-24 13:18:30,2026-07-24,Friday,13,True,Traditional,3,CASH-103,Card (Local),5,1,True,32.39,70.7,23.5,39.4,26.3,16.9,0.0,,106.1,3
TXN-CRT-001-003899,2026-07-24 13:18:36,2026-07-24,Friday,13,True,Traditional,8,CASH-134,Cash,46,8,True,281.82,56.1,249.0,26.9,57.8,34.2,0.0,,367.8,3
TXN-CRT-001-003900,2026-07-24 13:22:51,2026-07-24,Friday,13,True,Traditional,3,CASH-109,Check,5,1,True,17.86,27.6,15.0,40.5,41.2,19.2,0.0,,115.9,4
TXN-CRT-001-003901,2026-07-24 13:23:48,2026-07-24,Friday,13,True,Traditional,1,CASH-109,Cash,9,2,True,61.06,26.1,32.8,43.5,45.4,24.1,47.8,Item return/exchange,193.5,3
TXN-CRT-001-003902,2026-07-24 13:27:20,2026-07-24,Friday,13,True,Traditional,1,CASH-120,Flous (Mobile),30,7,True,134.55,47.8,84.4,16.5,23.1,18.8,51.5,Barcode not scanning,194.3,3
TXN-CRT-001-003903,2026-07-24 13:30:11,2026-07-24,Friday,13,True,Self-Service,9,,Card (International),19,7,True,85.81,78.5,101.7,43.7,39.6,30.7,140.4,Barcode not scanning,356.1,2
TXN-CRT-001-003904,2026-07-24 13:30:36,2026-07-24,Friday,13,True,Traditional,4,CASH-118,Card (International),32,8,True,177.87,74.5,150.6,42.1,45.7,26.1,0.0,,264.5,4
TXN-CRT-001-003905,2026-07-24 13:34:16,2026-07-24,Friday,13,True,Traditional,5,CASH-108,Card (Local),16,1,True,64.78,71.3,44.4,25.4,24.3,18.2,0.0,,112.3,3
TXN-CRT-001-003906,2026-07-24 13:38:12,2026-07-24,Friday,13,True,Traditional,3,CASH-115,Card (Local),12,3,True,39.14,53.7,41.3,33.5,22.3,39.0,0.0,,136.1,4
TXN-CRT-001-003907,2026-07-24 13:38:49,2026-07-24,Friday,13,True,Traditional,4,CASH-103,Card (Local),41,13,True,315.52,101.2,200.9,38.1,23.3,38.2,0.0,,300.6,3
TXN-CRT-001-003908,2026-07-24 13:47:20,2026-07-24,Friday,13,True,Traditional,3,CASH-125,Card (Local),2,1,True,9.01,114.9,6.4,26.5,21.3,35.6,0.0,,89.7,3
TXN-CRT-001-003909,2026-07-24 13:47:42,2026-07-24,Friday,13,True,Traditional,3,CASH-107,Card (Local),34,8,True,288.37,19.2,237.8,34.0,27.2,22.7,0.0,,321.8,4
TXN-CRT-001-003910,2026-07-24 13:47:47,2026-07-24,Friday,13,True,Traditional,1,CASH-101,Check,8,1,True,62.12,31.8,36.6,17.0,85.9,20.2,0.0,,159.7,4
TXN-CRT-001-003911,2026-07-24 13:50:41,2026-07-24,Friday,13,True,Traditional,5,CASH-133,Card (Local),33,8,True,185.85,185.8,115.5,16.6,20.3,17.2,93.3,Price check required,263.0,2
TXN-CRT-001-003912,2026-07-24 13:52:42,2026-07-24,Friday,13,True,Traditional,2,CASH-124,Card (International),6,2,True,34.12,45.5,27.2,38.1,31.4,36.4,0.0,,133.1,4
TXN-CRT-001-003913,2026-07-24 13:53:15,2026-07-24,Friday,13,True,Traditional,5,CASH-121,Flous (Mobile),18,12,True,120.26,46.5,97.3,21.0,32.8,29.1,0.0,,180.3,4
TXN-CRT-001-003914,2026-07-24 14:05:24,2026-07-24,Friday,14,True,Express (<10 items),13,CASH-143,Cash,38,10,True,203.4,25.6,162.2,44.0,59.1,33.5,0.0,,298.8,4
TXN-CRT-001-003915,2026-07-24 14:07:47,2026-07-24,Friday,14,True,Express (<10 items),13,CASH-136,Cash,15,5,True,38.6,103.0,46.1,35.6,36.7,33.8,0.0,,152.2,4
TXN-CRT-001-003916,2026-07-24 14:24:58,2026-07-24,Friday,14,True,Traditional,5,CASH-118,Cash,25,6,True,127.02,217.1,182.1,36.1,70.8,26.3,0.0,,315.4,2
TXN-CRT-001-003917,2026-07-24 14:45:27,2026-07-24,Friday,14,True,Traditional,4,CASH-108,Cash,29,6,True,183.37,25.7,191.1,40.0,30.0,36.3,0.0,,297.3,4
TXN-CRT-001-003918,2026-07-24 14:55:15,2026-07-24,Friday,14,True,Traditional,3,CASH-113,Flous (Mobile),25,8,True,96.23,107.5,162.6,35.1,37.7,31.6,0.0,,267.0,3
TXN-CRT-001-003919,2026-07-24 14:57:16,2026-07-24,Friday,14,True,Traditional,2,CASH-127,Cash,42,10,True,277.28,22.6,306.9,17.0,71.4,26.5,0.0,,421.9,3
TXN-CRT-001-003920,2026-07-24 15:02:08,2026-07-24,Friday,15,True,Traditional,2,CASH-117,Card (Local),14,8,True,43.8,96.7,71.5,35.3,29.2,35.6,0.0,,171.6,3
TXN-CRT-001-003921,2026-07-24 15:02:54,2026-07-24,Friday,15,True,Express (<10 items),13,CASH-136,Card (Local),7,2,True,52.45,23.0,41.5,42.8,22.0,28.5,0.0,,134.8,4
TXN-CRT-001-003922,2026-07-24 15:11:12,2026-07-24,Friday,15,True,Traditional,6,CASH-125,Cash,2,0,False,8.62,6.8,9.0,0.0,53.9,27.0,131.4,Item return/exchange,221.2,3
TXN-CRT-001-003923,2026-07-24 15:12:52,2026-07-24,Friday,15,True,Traditional,4,CASH-118,Card (Local),9,3,True,59.39,184.4,58.2,28.5,33.0,21.0,0.0,,140.7,3
TXN-CRT-001-003924,2026-07-24 15:54:11,2026-07-24,Friday,15,True,Traditional,1,CASH-107,Flous (Mobile),6,0,False,18.17,35.1,24.3,0.0,33.2,37.6,0.0,,95.1,4
TXN-CRT-001-003925,2026-07-24 16:05:51,2026-07-24,Friday,16,True,Express (<10 items),12,CASH-141,Cash,17,3,True,48.97,13.1,90.9,42.3,47.6,19.6,0.0,,200.3,4
TXN-CRT-001-003926,2026-07-24 16:06:29,2026-07-24,Friday,16,True,Traditional,1,CASH-107,Card (Local),7,1,True,44.79,58.8,38.2,32.0,24.7,22.7,53.5,Promo code issue,171.0,3
TXN-CRT-001-003927,2026-07-24 16:07:23,2026-07-24,Friday,16,True,Traditional,3,CASH-108,Card (Local),2,1,True,15.0,79.3,12.0,44.0,20.4,20.6,0.0,,97.1,3
TXN-CRT-001-003928,2026-07-24 16:09:20,2026-07-24,Friday,16,True,Traditional,1,CASH-133,Cash,2,0,False,9.61,110.6,8.5,0.0,28.8,23.0,0.0,,60.2,4
TXN-CRT-001-003929,2026-07-24 16:10:06,2026-07-24,Friday,16,True,Traditional,4,CASH-109,Cash,31,3,True,104.7,43.6,170.7,15.7,34.6,31.9,0.0,,252.9,4
TXN-CRT-001-003930,2026-07-24 16:11:58,2026-07-24,Friday,16,True,Traditional,1,CASH-112,Check,19,5,True,89.44,41.6,60.7,41.8,70.8,30.4,0.0,,203.7,4
TXN-CRT-001-003931,2026-07-24 16:13:34,2026-07-24,Friday,16,True,Express (<10 items),13,CASH-138,Cash,11,2,True,61.41,35.5,82.6,41.3,29.5,24.6,0.0,,177.9,4
TXN-CRT-001-003932,2026-07-24 16:14:47,2026-07-24,Friday,16,True,Traditional,3,CASH-119,Cash,38,13,True,305.18,54.5,138.0,21.4,51.0,26.1,0.0,,236.5,4
TXN-CRT-001-003933,2026-07-24 16:16:47,2026-07-24,Friday,16,True,Traditional,4,CASH-108,Cash,3,1,True,21.44,85.6,12.3,21.5,63.1,28.5,56.7,Barcode not scanning,182.0,3
TXN-CRT-001-003934,2026-07-24 16:17:18,2026-07-24,Friday,16,True,Traditional,3,CASH-115,Card (Local),48,14,True,416.04,65.8,258.4,26.7,28.5,32.6,0.0,,346.2,3
TXN-CRT-001-003935,2026-07-24 16:18:02,2026-07-24,Friday,16,True,Traditional,3,CASH-111,Card (Local),19,3,True,137.74,34.4,100.4,31.4,30.3,33.5,30.2,Price check required,225.9,4
TXN-CRT-001-003936,2026-07-24 16:22:14,2026-07-24,Friday,16,True,Traditional,8,CASH-124,Card (Local),7,3,True,52.86,52.5,51.9,36.0,33.4,38.1,0.0,,159.3,4
TXN-CRT-001-003937,2026-07-24 16:42:18,2026-07-24,Friday,16,True,Traditional,8,CASH-104,Cash,22,7,True,118.72,17.0,129.6,24.1,40.4,36.2,0.0,,230.4,4
TXN-CRT-001-003938,2026-07-24 16:47:06,2026-07-24,Friday,16,True,Traditional,6,CASH-105,Flous (Mobile),26,9,True,200.41,44.6,83.4,28.4,21.1,17.6,0.0,,150.5,4
TXN-CRT-001-003939,2026-07-24 16:47:20,2026-07-24,Friday,16,True,Traditional,3,CASH-102,Cash,13,1,True,58.11,39.9,77.4,40.7,48.3,39.3,0.0,,205.8,4
TXN-CRT-001-003940,2026-07-24 16:54:48,2026-07-24,Friday,16,True,Traditional,2,CASH-109,Cash,34,8,True,308.27,111.2,113.9,36.7,47.6,23.2,0.0,,221.4,4
TXN-CRT-001-003941,2026-07-24 17:04:35,2026-07-24,Friday,17,True,Traditional,4,CASH-116,Cash,6,2,True,18.56,58.8,19.0,38.3,62.4,30.7,0.0,,150.4,4
TXN-CRT-001-003942,2026-07-24 17:09:26,2026-07-24,Friday,17,True,Self-Service,10,,Cash,9,1,True,50.74,45.1,80.8,31.4,33.8,40.7,0.0,,186.8,4
TXN-CRT-001-003943,2026-07-24 17:12:47,2026-07-24,Friday,17,True,Traditional,4,CASH-112,Flous (Mobile),4,1,True,20.38,50.0,11.0,34.2,22.6,34.0,52.5,Promo code issue,154.4,3
TXN-CRT-001-003944,2026-07-24 17:20:54,2026-07-24,Friday,17,True,Traditional,1,CASH-113,Flous (Mobile),8,4,True,24.02,44.6,38.2,32.9,36.4,26.2,0.0,,133.6,4
TXN-CRT-001-003945,2026-07-24 17:21:22,2026-07-24,Friday,17,True,Traditional,3,CASH-111,Cash,8,2,True,31.09,20.3,55.4,18.4,46.6,26.6,0.0,,147.0,4
TXN-CRT-001-003946,2026-07-24 17:26:11,2026-07-24,Friday,17,True,Traditional,2,CASH-108,Flous (Mobile),41,17,True,230.95,84.5,203.7,33.2,35.4,38.3,0.0,,310.7,3
TXN-CRT-001-003947,2026-07-24 17:28:47,2026-07-24,Friday,17,True,Traditional,7,CASH-114,Card (International),4,0,False,21.12,4.2,14.2,0.0,25.6,19.5,0.0,,59.3,4
TXN-CRT-001-003948,2026-07-24 17:31:51,2026-07-24,Friday,17,True,Traditional,6,CASH-109,Flous (Mobile),13,4,True,62.04,34.9,62.9,27.9,36.7,30.6,0.0,,158.0,4
TXN-CRT-001-003949,2026-07-24 17:32:36,2026-07-24,Friday,17,True,Traditional,1,CASH-135,Cash,17,5,True,101.74,27.0,119.5,29.7,45.9,17.5,0.0,,212.6,4
TXN-CRT-001-003950,2026-07-24 17:43:57,2026-07-24,Friday,17,True,Traditional,7,CASH-121,Card (Local),39,10,True,341.21,35.6,156.6,32.3,30.2,29.0,0.0,,248.1,4
TXN-CRT-001-003951,2026-07-24 17:47:20,2026-07-24,Friday,17,True,Traditional,5,CASH-133,Cash,50,18,True,220.36,83.1,361.7,43.9,71.8,24.9,173.2,Promo code issue,675.5,2
TXN-CRT-001-003952,2026-07-24 17:48:57,2026-07-24,Friday,17,True,Traditional,7,CASH-108,Flous (Mobile),25,4,True,208.53,45.4,179.4,24.8,32.0,29.6,0.0,,265.7,4
TXN-CRT-001-003953,2026-07-24 17:49:06,2026-07-24,Friday,17,True,Express (<10 items),12,CASH-140,Cash,47,16,True,424.38,50.5,168.0,37.5,49.9,38.0,0.0,,293.4,4
TXN-CRT-001-003954,2026-07-24 17:49:44,2026-07-24,Friday,17,True,Traditional,1,CASH-112,Card (Local),28,8,True,150.81,79.8,129.9,20.9,25.7,28.9,0.0,,205.3,4
TXN-CRT-001-003955,2026-07-24 17:49:46,2026-07-24,Friday,17,True,Traditional,1,CASH-132,Cash,46,10,True,250.87,75.8,304.3,25.5,45.9,22.3,0.0,,397.9,3
TXN-CRT-001-003956,2026-07-24 18:00:35,2026-07-24,Friday,18,True,Self-Service,10,,Cash,23,8,True,161.71,71.9,233.5,72.0,54.2,47.0,0.0,,406.7,3
TXN-CRT-001-003957,2026-07-24 18:03:44,2026-07-24,Friday,18,True,Self-Service,11,,Card (Local),4,1,True,21.85,51.2,36.6,41.7,32.6,48.2,99.6,Item return/exchange,258.7,3
TXN-CRT-001-003958,2026-07-24 18:06:13,2026-07-24,Friday,18,True,Traditional,4,CASH-115,Flous (Mobile),13,5,True,51.37,106.6,82.8,27.4,25.6,23.4,0.0,,159.3,3
TXN-CRT-001-003959,2026-07-24 18:11:50,2026-07-24,Friday,18,True,Traditional,8,CASH-121,Card (Local),20,4,True,147.79,26.3,108.6,15.2,28.5,36.8,0.0,,189.1,4
TXN-CRT-001-003960,2026-07-24 18:12:48,2026-07-24,Friday,18,True,Traditional,8,CASH-103,Flous (Mobile),11,4,True,82.05,45.1,50.2,28.7,26.2,19.1,0.0,,124.2,4
TXN-CRT-001-003961,2026-07-24 18:13:04,2026-07-24,Friday,18,True,Traditional,8,CASH-112,Cash,9,3,True,71.43,36.3,65.6,30.0,42.9,36.2,0.0,,174.6,4
TXN-CRT-001-003962,2026-07-24 18:14:27,2026-07-24,Friday,18,True,Traditional,6,CASH-109,Cash,18,3,True,94.31,37.9,115.7,24.0,44.9,36.0,0.0,,220.5,4
TXN-CRT-001-003963,2026-07-24 18:18:05,2026-07-24,Friday,18,True,Traditional,7,CASH-107,Cash,43,12,True,158.06,23.4,242.5,21.6,60.2,35.5,0.0,,359.8,3
TXN-CRT-001-003964,2026-07-24 18:21:45,2026-07-24,Friday,18,True,Traditional,2,CASH-118,Cash,2,0,False,13.92,92.0,8.7,0.0,60.8,17.6,0.0,,87.1,4
TXN-CRT-001-003965,2026-07-24 18:22:02,2026-07-24,Friday,18,True,Traditional,4,CASH-106,Card (Local),26,6,True,227.63,77.3,125.4,15.0,31.6,31.0,122.2,Supervisor approval needed,325.1,2
TXN-CRT-001-003966,2026-07-24 18:23:46,2026-07-24,Friday,18,True,Traditional,3,CASH-126,Card (Local),24,4,True,168.08,44.1,100.2,18.3,31.0,35.3,0.0,,184.8,4
TXN-CRT-001-003967,2026-07-24 18:24:41,2026-07-24,Friday,18,True,Traditional,2,CASH-106,Card (Local),46,6,True,236.93,68.9,155.1,39.5,30.3,21.6,0.0,,246.6,3
TXN-CRT-001-003968,2026-07-24 18:25:54,2026-07-24,Friday,18,True,Traditional,1,CASH-104,Card (Local),42,8,True,240.05,95.9,310.6,41.4,20.3,27.3,0.0,,399.6,3
TXN-CRT-001-003969,2026-07-24 18:26:11,2026-07-24,Friday,18,True,Traditional,3,CASH-106,Card (Local),26,7,True,217.14,139.7,189.3,17.9,32.8,27.8,0.0,,267.8,3
TXN-CRT-001-003970,2026-07-24 18:31:30,2026-07-24,Friday,18,True,Traditional,2,CASH-122,Cash,16,4,True,91.85,15.4,108.2,33.9,40.8,17.4,0.0,,200.3,4
TXN-CRT-001-003971,2026-07-24 18:41:16,2026-07-24,Friday,18,True,Express (<10 items),13,CASH-139,Cash,7,2,True,39.04,46.4,44.7,37.6,53.0,21.0,0.0,,156.4,4
TXN-CRT-001-003972,2026-07-24 18:45:08,2026-07-24,Friday,18,True,Traditional,2,CASH-110,Card (Local),17,3,True,74.1,114.9,69.1,41.9,34.8,20.7,0.0,,166.5,4
TXN-CRT-001-003973,2026-07-24 18:46:22,2026-07-24,Friday,18,True,Traditional,8,CASH-106,Cash,26,8,True,123.41,192.7,150.9,32.1,56.4,30.1,0.0,,269.5,3
TXN-CRT-001-003974,2026-07-24 18:49:09,2026-07-24,Friday,18,True,Traditional,5,CASH-101,Cash,38,11,True,322.42,64.5,237.9,28.0,42.4,38.6,0.0,,346.9,3
TXN-CRT-001-003975,2026-07-24 18:54:59,2026-07-24,Friday,18,True,Traditional,7,CASH-122,Cash,28,6,True,234.14,90.2,160.3,33.0,42.0,18.3,0.0,,253.6,3
TXN-CRT-001-003976,2026-07-24 18:56:05,2026-07-24,Friday,18,True,Self-Service,11,,Card (Local),7,3,True,51.35,2.1,64.2,24.7,29.8,22.0,0.0,,140.7,4
TXN-CRT-001-003977,2026-07-24 18:57:16,2026-07-24,Friday,18,True,Traditional,1,CASH-131,Cash,19,5,True,120.24,67.0,110.9,37.6,47.9,34.2,0.0,,230.6,4
TXN-CRT-001-003978,2026-07-24 19:03:17,2026-07-24,Friday,19,True,Traditional,3,CASH-133,Card (Local),11,3,True,39.49,42.9,43.3,33.2,22.1,25.6,111.4,Item return/exchange,235.6,3
TXN-CRT-001-003979,2026-07-24 19:06:57,2026-07-24,Friday,19,True,Traditional,4,CASH-120,Card (Local),1,0,False,3.79,84.2,3.0,0.0,32.8,22.9,130.9,Barcode not scanning,189.5,2
TXN-CRT-001-003980,2026-07-24 19:08:19,2026-07-24,Friday,19,True,Traditional,2,CASH-112,Cash,7,0,False,52.1,145.4,38.7,0.0,44.5,36.2,0.0,,119.4,3
TXN-CRT-001-003981,2026-07-24 19:09:02,2026-07-24,Friday,19,True,Traditional,1,CASH-135,Card (International),5,2,True,35.74,50.8,23.8,34.5,31.7,15.7,0.0,,105.7,4
TXN-CRT-001-003982,2026-07-24 19:10:08,2026-07-24,Friday,19,True,Traditional,5,CASH-106,Card (Local),32,10,True,282.97,48.9,178.7,26.0,26.8,21.5,0.0,,253.1,4
TXN-CRT-001-003983,2026-07-24 19:13:24,2026-07-24,Friday,19,True,Traditional,4,CASH-119,Card (Local),9,1,True,57.78,31.9,35.6,33.0,22.6,17.2,0.0,,108.5,4
TXN-CRT-001-003984,2026-07-24 19:15:07,2026-07-24,Friday,19,True,Traditional,5,CASH-116,Card (Local),10,2,True,70.79,4.4,33.1,35.3,33.4,35.3,0.0,,137.1,4
TXN-CRT-001-003985,2026-07-24 19:23:31,2026-07-24,Friday,19,True,Traditional,2,CASH-121,Cash,46,13,True,186.57,34.1,158.0,33.8,72.5,23.0,0.0,,287.3,4
TXN-CRT-001-003986,2026-07-24 19:28:22,2026-07-24,Friday,19,True,Express (<10 items),13,CASH-137,Card (Local),12,4,True,89.87,14.3,77.1,20.2,23.6,32.7,0.0,,153.6,4
TXN-CRT-001-003987,2026-07-24 19:31:43,2026-07-24,Friday,19,True,Traditional,7,CASH-120,Cash,1,1,True,2.81,15.9,4.2,41.6,55.3,29.3,0.0,,130.4,4
TXN-CRT-001-003988,2026-07-24 19:33:42,2026-07-24,Friday,19,True,Traditional,3,CASH-108,Check,9,1,True,24.37,67.8,60.1,37.8,89.1,39.6,0.0,,226.5,3
TXN-CRT-001-003989,2026-07-24 19:38:58,2026-07-24,Friday,19,True,Traditional,3,CASH-130,Card (International),5,1,True,13.94,18.2,33.2,32.4,34.5,37.6,0.0,,137.6,4
TXN-CRT-001-003990,2026-07-24 19:43:53,2026-07-24,Friday,19,True,Self-Service,11,,Card (Local),5,0,False,35.07,54.1,43.0,0.0,29.4,37.6,0.0,,110.0,4
TXN-CRT-001-003991,2026-07-24 19:43:54,2026-07-24,Friday,19,True,Traditional,2,CASH-135,Cash,4,1,True,22.95,178.2,25.2,39.5,33.6,28.5,0.0,,126.8,3
TXN-CRT-001-003992,2026-07-24 19:46:04,2026-07-24,Friday,19,True,Traditional,4,CASH-106,Cash,19,1,True,54.39,37.7,100.4,26.4,55.0,39.5,0.0,,221.3,4
TXN-CRT-001-003993,2026-07-24 19:46:20,2026-07-24,Friday,19,True,Traditional,2,CASH-132,Cash,7,3,True,34.57,16.0,38.1,25.9,73.5,27.1,0.0,,164.6,4
TXN-CRT-001-003994,2026-07-24 19:48:15,2026-07-24,Friday,19,True,Traditional,7,CASH-127,Cash,12,3,True,37.52,150.6,71.6,32.5,67.3,37.2,0.0,,208.6,3
TXN-CRT-001-003995,2026-07-24 19:50:24,2026-07-24,Friday,19,True,Traditional,8,CASH-116,Cash,35,11,True,164.61,22.7,234.3,18.3,43.7,29.1,0.0,,325.4,3
TXN-CRT-001-003996,2026-07-24 19:51:39,2026-07-24,Friday,19,True,Traditional,1,CASH-102,Cash,13,1,True,93.53,35.3,48.9,15.9,69.3,36.3,0.0,,170.3,4
TXN-CRT-001-003997,2026-07-24 19:58:18,2026-07-24,Friday,19,True,Traditional,1,CASH-107,Cash,41,8,True,245.09,102.0,204.5,18.7,25.5,32.8,0.0,,281.5,3
TXN-CRT-001-003998,2026-07-24 19:58:38,2026-07-24,Friday,19,True,Traditional,6,CASH-107,Check,15,3,True,80.96,19.6,43.3,19.1,86.1,34.1,0.0,,182.6,4
TXN-CRT-001-003999,2026-07-24 19:59:34,2026-07-24,Friday,19,True,Traditional,7,CASH-107,Cash,13,3,True,102.74,32.8,97.0,36.3,44.2,17.7,0.0,,195.2,4
TXN-CRT-001-004000,2026-07-24 20:00:04,2026-07-24,Friday,20,True,Traditional,6,CASH-123,Flous (Mobile),25,8,True,156.15,18.6,121.2,36.1,32.0,37.0,0.0,,226.3,4
TXN-CRT-001-004001,2026-07-24 20:04:05,2026-07-24,Friday,20,True,Traditional,7,CASH-118,Flous (Mobile),3,0,False,12.1,101.0,21.4,0.0,33.2,20.0,0.0,,74.6,3
TXN-CRT-001-004002,2026-07-24 20:09:41,2026-07-24,Friday,20,True,Traditional,7,CASH-114,Card (Local),4,0,False,17.37,17.9,21.3,0.0,26.7,33.0,0.0,,81.1,4
TXN-CRT-001-004003,2026-07-24 20:10:04,2026-07-24,Friday,20,True,Traditional,8,CASH-108,Card (Local),21,2,True,210.24,74.4,61.4,37.0,30.5,37.3,0.0,,166.2,3
TXN-CRT-001-004004,2026-07-24 20:13:12,2026-07-24,Friday,20,True,Traditional,1,CASH-128,Cash,15,1,True,52.33,46.9,102.8,18.4,50.8,30.7,0.0,,202.7,4
TXN-CRT-001-004005,2026-07-24 20:15:03,2026-07-24,Friday,20,True,Traditional,7,CASH-129,Card (Local),28,9,True,232.47,31.3,189.7,35.4,20.0,20.8,0.0,,265.9,4
TXN-CRT-001-004006,2026-07-24 20:23:02,2026-07-24,Friday,20,True,Traditional,4,CASH-104,Cash,41,10,True,229.8,46.1,227.6,41.3,71.8,20.2,0.0,,360.9,4
TXN-CRT-001-004007,2026-07-24 20:26:44,2026-07-24,Friday,20,True,Traditional,7,CASH-106,Cash,12,4,True,76.61,35.7,44.1,23.3,56.5,26.1,0.0,,149.9,4
TXN-CRT-001-004008,2026-07-24 20:28:58,2026-07-24,Friday,20,True,Traditional,3,CASH-119,Card (Local),19,6,True,113.69,26.2,130.9,37.9,20.5,27.6,0.0,,216.8,4
TXN-CRT-001-004009,2026-07-24 20:28:58,2026-07-24,Friday,20,True,Traditional,2,CASH-108,Cash,15,2,True,71.92,8.0,68.7,22.4,50.5,34.0,0.0,,175.6,4
TXN-CRT-001-004010,2026-07-24 20:33:00,2026-07-24,Friday,20,True,Traditional,7,CASH-101,Card (Local),48,9,True,209.59,19.3,129.8,30.4,19.2,31.9,0.0,,211.2,4
TXN-CRT-001-004011,2026-07-24 20:33:34,2026-07-24,Friday,20,True,Traditional,6,CASH-120,Cash,31,9,True,196.69,58.7,191.6,39.9,71.9,19.5,72.3,Barcode not scanning,395.3,2
TXN-CRT-001-004012,2026-07-24 20:34:11,2026-07-24,Friday,20,True,Traditional,6,CASH-134,Cash,40,12,True,292.1,39.8,231.8,36.5,68.1,17.8,0.0,,354.1,4
TXN-CRT-001-004013,2026-07-24 20:37:22,2026-07-24,Friday,20,True,Traditional,1,CASH-109,Cash,9,2,True,62.63,73.3,57.4,38.3,29.9,37.0,0.0,,162.7,4
TXN-CRT-001-004014,2026-07-24 20:39:36,2026-07-24,Friday,20,True,Traditional,5,CASH-102,Cash,27,4,True,116.57,54.0,131.7,39.1,26.7,22.3,0.0,,219.8,4
TXN-CRT-001-004015,2026-07-24 20:47:26,2026-07-24,Friday,20,True,Traditional,5,CASH-127,Cash,9,0,False,53.94,2.4,61.7,0.0,74.6,29.8,147.3,Item return/exchange,313.3,3
TXN-CRT-001-004016,2026-07-24 20:48:03,2026-07-24,Friday,20,True,Traditional,5,CASH-117,Cash,8,1,True,42.88,67.8,27.5,23.8,31.7,34.1,0.0,,117.1,4
TXN-CRT-001-004017,2026-07-24 20:48:50,2026-07-24,Friday,20,True,Self-Service,10,,Cash,44,5,True,273.46,16.5,457.5,72.3,74.2,45.6,0.0,,649.5,4
TXN-CRT-001-004018,2026-07-24 20:51:36,2026-07-24,Friday,20,True,Self-Service,11,,Card (International),1,0,False,6.69,50.1,6.3,0.0,31.9,27.7,0.0,,65.9,4
TXN-CRT-001-004019,2026-07-24 20:53:52,2026-07-24,Friday,20,True,Traditional,1,CASH-123,Cash,46,11,True,239.22,10.9,319.6,16.8,42.1,31.7,0.0,,410.2,3
TXN-CRT-001-004020,2026-07-24 20:55:05,2026-07-24,Friday,20,True,Traditional,8,CASH-125,Card (Local),6,0,False,38.01,98.1,25.0,0.0,31.7,17.3,0.0,,74.0,3
TXN-CRT-001-004021,2026-07-24 20:57:15,2026-07-24,Friday,20,True,Traditional,7,CASH-110,Cash,30,5,True,164.79,85.6,111.9,25.4,30.8,25.2,0.0,,193.3,3
TXN-CRT-001-004022,2026-07-24 20:59:34,2026-07-24,Friday,20,True,Traditional,7,CASH-102,Flous (Mobile),9,4,True,22.69,41.4,29.8,17.5,37.6,36.4,0.0,,121.2,4
TXN-CRT-001-004023,2026-07-24 21:08:30,2026-07-24,Friday,21,True,Traditional,4,CASH-102,Cash,11,3,True,48.52,83.3,78.5,29.6,45.9,24.2,0.0,,178.2,3
TXN-CRT-001-004024,2026-07-24 21:11:16,2026-07-24,Friday,21,True,Traditional,5,CASH-113,Cash,8,4,True,51.58,20.6,27.0,17.8,72.7,15.2,54.6,Promo code issue,187.3,3
TXN-CRT-001-004025,2026-07-24 21:12:29,2026-07-24,Friday,21,True,Traditional,4,CASH-112,Cash,18,4,True,52.29,29.3,57.3,18.2,31.6,15.2,0.0,,122.4,4
TXN-CRT-001-004026,2026-07-24 21:27:46,2026-07-24,Friday,21,True,Traditional,4,CASH-132,Cash,11,3,True,77.61,96.2,63.6,28.0,61.0,30.9,0.0,,183.4,4
TXN-CRT-001-004027,2026-07-24 21:30:58,2026-07-24,Friday,21,True,Traditional,7,CASH-113,Card (Local),21,4,True,189.93,1.1,74.9,19.6,27.8,17.9,0.0,,140.1,4
TXN-CRT-001-004028,2026-07-24 21:33:05,2026-07-24,Friday,21,True,Traditional,6,CASH-128,Cash,1,0,False,4.42,42.7,6.9,0.0,41.6,30.8,0.0,,79.4,4
TXN-CRT-001-004029,2026-07-24 21:38:36,2026-07-24,Friday,21,True,Traditional,1,CASH-124,Check,3,0,False,16.55,64.2,11.1,0.0,52.8,30.1,0.0,,94.1,4
TXN-CRT-001-004030,2026-07-24 21:41:52,2026-07-24,Friday,21,True,Traditional,5,CASH-110,Cash,4,0,False,14.67,33.7,23.8,0.0,74.2,35.5,0.0,,133.5,4
TXN-CRT-001-004031,2026-07-25 08:51:33,2026-07-25,Saturday,8,True,Traditional,7,CASH-114,Cash,13,6,True,88.25,114.8,70.8,39.6,29.1,35.6,0.0,,175.2,3
TXN-CRT-001-004032,2026-07-25 08:51:39,2026-07-25,Saturday,8,True,Traditional,3,CASH-130,Card (Local),30,8,True,187.06,137.3,216.1,42.9,22.4,21.8,0.0,,303.1,3
TXN-CRT-001-004033,2026-07-25 08:53:51,2026-07-25,Saturday,8,True,Traditional,8,CASH-109,Cash,38,13,True,261.22,67.7,206.0,37.1,47.0,23.8,0.0,,313.8,3
TXN-CRT-001-004034,2026-07-25 09:06:40,2026-07-25,Saturday,9,True,Express (<10 items),12,CASH-141,Flous (Mobile),9,2,True,52.43,16.7,31.1,16.7,29.8,34.7,0.0,,112.2,4
TXN-CRT-001-004035,2026-07-25 09:07:19,2026-07-25,Saturday,9,True,Traditional,3,CASH-109,Cash,18,4,True,106.25,84.4,56.3,18.2,66.8,25.3,0.0,,166.7,3
TXN-CRT-001-004036,2026-07-25 09:15:12,2026-07-25,Saturday,9,True,Express (<10 items),12,CASH-136,Card (Local),26,6,True,134.87,172.6,152.9,39.4,23.5,36.8,0.0,,252.7,3
TXN-CRT-001-004037,2026-07-25 09:46:28,2026-07-25,Saturday,9,True,Express (<10 items),13,CASH-141,Cash,10,3,True,55.67,52.0,40.6,25.9,40.5,16.7,0.0,,123.7,4
TXN-CRT-001-004038,2026-07-25 09:46:53,2026-07-25,Saturday,9,True,Traditional,3,CASH-125,Flous (Mobile),13,3,True,103.1,44.4,53.2,24.5,34.1,27.8,0.0,,139.6,4
TXN-CRT-001-004039,2026-07-25 09:56:24,2026-07-25,Saturday,9,True,Traditional,7,CASH-123,Card (Local),16,7,True,105.74,21.9,93.3,26.8,24.4,36.6,0.0,,181.2,4
TXN-CRT-001-004040,2026-07-25 10:04:11,2026-07-25,Saturday,10,True,Traditional,2,CASH-127,Cash,6,0,False,19.62,61.7,33.3,0.0,69.8,21.3,0.0,,124.3,4
TXN-CRT-001-004041,2026-07-25 10:06:50,2026-07-25,Saturday,10,True,Self-Service,9,,Cash,2,1,True,9.64,45.5,16.9,28.8,54.8,26.7,0.0,,127.3,4
TXN-CRT-001-004042,2026-07-25 10:14:13,2026-07-25,Saturday,10,True,Traditional,5,CASH-130,Cash,6,1,True,22.68,3.6,33.3,43.5,42.0,28.2,0.0,,146.9,4
TXN-CRT-001-004043,2026-07-25 10:16:01,2026-07-25,Saturday,10,True,Traditional,3,CASH-107,Check,20,3,True,159.86,80.7,98.8,29.5,90.0,33.7,0.0,,252.0,4
TXN-CRT-001-004044,2026-07-25 10:19:26,2026-07-25,Saturday,10,True,Traditional,5,CASH-128,Cash,3,1,True,19.6,14.8,18.6,45.0,37.6,18.8,0.0,,119.9,4
TXN-CRT-001-004045,2026-07-25 10:44:20,2026-07-25,Saturday,10,True,Traditional,4,CASH-129,Cash,7,2,True,31.21,192.6,23.2,24.5,63.1,34.9,0.0,,145.8,3
TXN-CRT-001-004046,2026-07-25 10:49:49,2026-07-25,Saturday,10,True,Traditional,7,CASH-105,Cash,11,1,True,29.24,54.6,74.3,35.3,38.8,17.4,0.0,,165.9,4
TXN-CRT-001-004047,2026-07-25 11:09:52,2026-07-25,Saturday,11,True,Traditional,3,CASH-110,Cash,4,0,False,26.03,41.5,12.7,0.0,36.5,36.6,0.0,,85.9,4
TXN-CRT-001-004048,2026-07-25 11:10:00,2026-07-25,Saturday,11,True,Traditional,6,CASH-130,Card (Local),7,1,True,33.11,52.8,22.6,28.3,33.5,30.0,0.0,,114.5,4
TXN-CRT-001-004049,2026-07-25 11:20:55,2026-07-25,Saturday,11,True,Self-Service,11,,Check,40,9,True,255.62,50.3,378.3,66.9,51.8,27.0,0.0,,524.1,3
TXN-CRT-001-004050,2026-07-25 11:31:30,2026-07-25,Saturday,11,True,Traditional,6,CASH-120,Cash,1,0,False,7.27,35.8,5.5,0.0,58.2,28.9,0.0,,92.6,4
TXN-CRT-001-004051,2026-07-25 11:33:41,2026-07-25,Saturday,11,True,Express (<10 items),13,CASH-140,Card (International),21,3,True,160.02,9.8,87.1,26.2,27.4,15.0,0.0,,155.7,4
TXN-CRT-001-004052,2026-07-25 11:38:57,2026-07-25,Saturday,11,True,Traditional,3,CASH-102,Card (Local),12,0,False,87.4,116.6,61.8,0.0,34.5,26.5,0.0,,122.7,4
TXN-CRT-001-004053,2026-07-25 11:42:30,2026-07-25,Saturday,11,True,Traditional,2,CASH-107,Cash,22,9,True,122.0,52.2,157.2,41.8,64.3,39.2,0.0,,302.5,3
TXN-CRT-001-004054,2026-07-25 11:42:32,2026-07-25,Saturday,11,True,Traditional,1,CASH-115,Cash,18,8,True,125.24,101.7,59.3,17.6,55.2,35.0,0.0,,167.1,4
TXN-CRT-001-004055,2026-07-25 11:46:09,2026-07-25,Saturday,11,True,Traditional,8,CASH-102,Card (Local),8,2,True,29.54,11.3,34.8,18.0,19.0,28.1,0.0,,99.9,4
TXN-CRT-001-004056,2026-07-25 11:52:56,2026-07-25,Saturday,11,True,Traditional,2,CASH-123,Check,33,15,True,296.67,25.2,175.5,35.7,65.8,32.7,0.0,,309.8,3
TXN-CRT-001-004057,2026-07-25 11:57:55,2026-07-25,Saturday,11,True,Traditional,7,CASH-129,Flous (Mobile),15,4,True,80.89,33.3,46.7,18.0,39.1,30.5,0.0,,134.3,4
TXN-CRT-001-004058,2026-07-25 12:01:42,2026-07-25,Saturday,12,True,Traditional,3,CASH-109,Cash,30,4,True,226.14,17.1,93.0,39.5,60.5,20.9,0.0,,214.0,4
TXN-CRT-001-004059,2026-07-25 12:03:17,2026-07-25,Saturday,12,True,Self-Service,11,,Cash,13,1,True,38.78,80.6,122.3,36.4,54.4,39.7,0.0,,252.8,4
TXN-CRT-001-004060,2026-07-25 12:04:38,2026-07-25,Saturday,12,True,Express (<10 items),12,CASH-141,Cash,49,16,True,371.7,40.2,214.5,20.9,39.2,31.9,0.0,,306.5,4
TXN-CRT-001-004061,2026-07-25 12:07:40,2026-07-25,Saturday,12,True,Traditional,5,CASH-113,Flous (Mobile),27,7,True,213.36,60.5,171.3,28.3,32.5,21.8,0.0,,253.9,3
TXN-CRT-001-004062,2026-07-25 12:08:05,2026-07-25,Saturday,12,True,Traditional,2,CASH-116,Flous (Mobile),47,15,True,386.75,28.8,322.3,35.2,24.3,22.3,0.0,,404.2,4
TXN-CRT-001-004063,2026-07-25 12:09:23,2026-07-25,Saturday,12,True,Traditional,7,CASH-111,Card (International),16,6,True,53.98,104.8,55.7,33.8,44.3,36.2,0.0,,170.0,4
TXN-CRT-001-004064,2026-07-25 12:21:49,2026-07-25,Saturday,12,True,Traditional,5,CASH-120,Cash,15,3,True,72.57,87.5,83.5,17.4,62.0,34.1,0.0,,197.0,4
TXN-CRT-001-004065,2026-07-25 12:27:32,2026-07-25,Saturday,12,True,Self-Service,9,,Cash,26,3,True,178.09,78.8,174.6,34.7,57.9,39.7,0.0,,306.9,3
TXN-CRT-001-004066,2026-07-25 12:29:34,2026-07-25,Saturday,12,True,Traditional,4,CASH-130,Cash,37,7,True,253.82,54.6,234.0,20.1,37.7,27.6,0.0,,319.4,3
TXN-CRT-001-004067,2026-07-25 12:33:05,2026-07-25,Saturday,12,True,Traditional,6,CASH-103,Cash,46,7,True,323.59,116.6,284.5,42.7,30.9,18.4,0.0,,376.5,3
TXN-CRT-001-004068,2026-07-25 12:33:06,2026-07-25,Saturday,12,True,Express (<10 items),12,CASH-143,Cash,11,1,True,66.44,88.2,34.8,39.3,72.1,25.8,0.0,,172.1,3
TXN-CRT-001-004069,2026-07-25 12:43:27,2026-07-25,Saturday,12,True,Traditional,3,CASH-113,Cash,29,7,True,129.87,46.6,83.8,19.4,67.6,29.2,0.0,,200.0,4
TXN-CRT-001-004070,2026-07-25 12:43:44,2026-07-25,Saturday,12,True,Traditional,5,CASH-102,Cash,8,1,True,55.95,31.4,52.6,20.4,63.3,39.9,0.0,,176.2,4
TXN-CRT-001-004071,2026-07-25 12:46:46,2026-07-25,Saturday,12,True,Traditional,8,CASH-126,Flous (Mobile),17,3,True,58.3,40.1,95.5,20.3,20.7,24.6,0.0,,161.1,4
TXN-CRT-001-004072,2026-07-25 12:52:43,2026-07-25,Saturday,12,True,Traditional,3,CASH-128,Card (International),7,2,True,38.69,70.0,46.0,25.7,45.4,28.5,0.0,,145.6,3
TXN-CRT-001-004073,2026-07-25 12:55:51,2026-07-25,Saturday,12,True,Traditional,6,CASH-133,Cash,11,2,True,66.27,11.2,78.9,32.0,49.7,29.4,0.0,,189.9,4
TXN-CRT-001-004074,2026-07-25 13:02:22,2026-07-25,Saturday,13,True,Traditional,1,CASH-131,Cash,43,10,True,330.22,24.2,194.7,40.6,27.8,17.7,0.0,,280.8,4
TXN-CRT-001-004075,2026-07-25 13:05:50,2026-07-25,Saturday,13,True,Traditional,6,CASH-128,Cash,6,1,True,46.93,115.4,16.6,23.3,73.7,33.8,0.0,,147.3,3
TXN-CRT-001-004076,2026-07-25 13:06:42,2026-07-25,Saturday,13,True,Traditional,4,CASH-108,Card (International),20,6,True,50.07,98.0,89.0,18.5,46.6,20.6,0.0,,174.7,3
TXN-CRT-001-004077,2026-07-25 13:08:27,2026-07-25,Saturday,13,True,Traditional,4,CASH-112,Card (International),19,8,True,77.95,40.3,79.8,29.1,27.3,39.6,87.9,Payment terminal error,263.7,3
TXN-CRT-001-004078,2026-07-25 13:08:56,2026-07-25,Saturday,13,True,Traditional,4,CASH-104,Card (International),5,0,False,28.55,279.3,31.3,0.0,33.7,36.5,0.0,,101.5,3
TXN-CRT-001-004079,2026-07-25 13:12:59,2026-07-25,Saturday,13,True,Traditional,5,CASH-109,Card (Local),11,1,True,76.41,84.8,70.3,44.6,34.9,20.9,0.0,,170.7,3
TXN-CRT-001-004080,2026-07-25 13:26:26,2026-07-25,Saturday,13,True,Traditional,4,CASH-110,Cash,18,6,True,100.99,52.6,116.8,44.1,65.9,17.3,0.0,,244.1,4
TXN-CRT-001-004081,2026-07-25 13:30:10,2026-07-25,Saturday,13,True,Traditional,1,CASH-135,Cash,7,2,True,21.59,99.3,26.9,42.3,50.1,36.6,0.0,,156.0,3
TXN-CRT-001-004082,2026-07-25 13:30:22,2026-07-25,Saturday,13,True,Traditional,4,CASH-123,Cash,29,9,True,181.44,30.2,79.4,20.3,33.7,35.1,0.0,,168.5,4
TXN-CRT-001-004083,2026-07-25 13:36:04,2026-07-25,Saturday,13,True,Traditional,2,CASH-119,Cash,47,9,True,270.79,26.3,162.6,20.8,67.7,39.3,0.0,,290.4,4
TXN-CRT-001-004084,2026-07-25 13:38:17,2026-07-25,Saturday,13,True,Traditional,2,CASH-103,Card (International),8,3,True,34.2,45.2,24.5,19.2,41.6,38.4,0.0,,123.7,4
TXN-CRT-001-004085,2026-07-25 13:38:38,2026-07-25,Saturday,13,True,Traditional,6,CASH-118,Cash,7,3,True,40.73,50.7,24.7,37.6,29.3,18.9,0.0,,110.5,4
TXN-CRT-001-004086,2026-07-25 13:41:48,2026-07-25,Saturday,13,True,Traditional,8,CASH-101,Cash,14,4,True,73.19,26.3,65.8,25.9,44.2,26.4,0.0,,162.3,4
TXN-CRT-001-004087,2026-07-25 13:48:05,2026-07-25,Saturday,13,True,Traditional,7,CASH-110,Cash,25,4,True,156.2,126.4,152.8,20.2,42.5,36.6,0.0,,252.2,3
TXN-CRT-001-004088,2026-07-25 13:48:25,2026-07-25,Saturday,13,True,Traditional,1,CASH-126,Check,9,4,True,31.8,37.3,29.7,23.4,84.5,24.8,0.0,,162.5,4
TXN-CRT-001-004089,2026-07-25 13:49:44,2026-07-25,Saturday,13,True,Traditional,6,CASH-106,Cash,1,1,True,5.56,8.6,6.3,35.2,49.7,20.6,120.3,Barcode not scanning,232.0,4
TXN-CRT-001-004090,2026-07-25 13:54:05,2026-07-25,Saturday,13,True,Traditional,5,CASH-128,Card (Local),17,5,True,132.22,54.7,74.0,42.0,34.2,16.3,0.0,,166.5,4
TXN-CRT-001-004091,2026-07-25 13:57:53,2026-07-25,Saturday,13,True,Traditional,6,CASH-125,Cash,45,6,True,283.25,42.5,163.2,45.0,71.3,37.2,0.0,,316.7,4
TXN-CRT-001-004092,2026-07-25 14:11:51,2026-07-25,Saturday,14,True,Traditional,8,CASH-134,Cash,12,4,True,91.0,91.6,85.9,28.2,74.4,21.4,0.0,,209.9,4
TXN-CRT-001-004093,2026-07-25 14:14:14,2026-07-25,Saturday,14,True,Traditional,7,CASH-117,Cash,13,2,True,98.17,30.5,88.9,37.4,31.3,25.2,0.0,,182.7,4
TXN-CRT-001-004094,2026-07-25 14:18:38,2026-07-25,Saturday,14,True,Self-Service,11,,Card (Local),47,9,True,398.25,81.1,354.6,58.7,22.7,30.7,0.0,,466.7,3
TXN-CRT-001-004095,2026-07-25 14:19:06,2026-07-25,Saturday,14,True,Traditional,5,CASH-121,Cash,23,6,True,181.87,61.0,165.6,37.7,39.7,33.9,0.0,,276.9,4
TXN-CRT-001-004096,2026-07-25 14:23:29,2026-07-25,Saturday,14,True,Traditional,8,CASH-104,Flous (Mobile),24,5,True,228.29,103.4,103.2,38.5,25.2,39.7,0.0,,206.6,4
TXN-CRT-001-004097,2026-07-25 14:30:27,2026-07-25,Saturday,14,True,Traditional,6,CASH-107,Cash,18,5,True,92.8,54.3,99.4,31.0,43.8,20.7,0.0,,194.9,4
TXN-CRT-001-004098,2026-07-25 14:42:44,2026-07-25,Saturday,14,True,Traditional,8,CASH-121,Cash,48,13,True,328.14,25.1,322.1,43.8,71.3,16.0,0.0,,453.2,3
TXN-CRT-001-004099,2026-07-25 14:47:49,2026-07-25,Saturday,14,True,Traditional,7,CASH-128,Flous (Mobile),22,3,True,198.71,63.3,86.9,37.5,30.2,27.1,0.0,,181.8,4
TXN-CRT-001-004100,2026-07-25 14:49:04,2026-07-25,Saturday,14,True,Traditional,5,CASH-109,Cash,38,11,True,366.85,19.3,108.1,27.8,31.1,24.5,0.0,,191.6,4
TXN-CRT-001-004101,2026-07-25 14:52:59,2026-07-25,Saturday,14,True,Traditional,6,CASH-111,Card (Local),23,9,True,208.28,5.1,159.6,32.0,24.3,38.2,0.0,,254.1,4
TXN-CRT-001-004102,2026-07-25 14:56:13,2026-07-25,Saturday,14,True,Traditional,4,CASH-122,Card (International),25,4,True,127.23,26.9,155.3,36.9,42.0,22.0,0.0,,256.2,4
TXN-CRT-001-004103,2026-07-25 14:57:31,2026-07-25,Saturday,14,True,Traditional,6,CASH-135,Cash,10,3,True,29.42,108.1,25.2,25.4,58.8,21.5,0.0,,131.0,3
TXN-CRT-001-004104,2026-07-25 15:04:50,2026-07-25,Saturday,15,True,Traditional,4,CASH-117,Card (Local),10,2,True,31.28,161.7,48.3,44.3,19.0,28.1,0.0,,139.7,3
TXN-CRT-001-004105,2026-07-25 15:10:24,2026-07-25,Saturday,15,True,Traditional,7,CASH-134,Cash,27,6,True,264.12,11.0,71.1,39.1,37.0,28.2,0.0,,175.5,4
TXN-CRT-001-004106,2026-07-25 15:21:21,2026-07-25,Saturday,15,True,Traditional,6,CASH-108,Cash,10,2,True,27.17,95.6,69.6,44.6,57.2,38.7,0.0,,210.2,4
TXN-CRT-001-004107,2026-07-25 15:26:19,2026-07-25,Saturday,15,True,Express (<10 items),13,CASH-145,Cash,18,4,True,131.43,144.1,73.1,28.4,63.3,26.2,0.0,,191.1,3
TXN-CRT-001-004108,2026-07-25 15:27:52,2026-07-25,Saturday,15,True,Traditional,5,CASH-102,Card (International),9,0,False,40.37,18.7,56.8,0.0,37.1,18.3,0.0,,112.2,4
TXN-CRT-001-004109,2026-07-25 15:31:33,2026-07-25,Saturday,15,True,Self-Service,10,,Cash,30,13,True,145.3,127.2,379.5,46.2,63.4,29.1,0.0,,518.2,3
TXN-CRT-001-004110,2026-07-25 15:32:07,2026-07-25,Saturday,15,True,Traditional,7,CASH-127,Card (Local),5,1,True,17.55,15.2,16.7,29.3,24.9,21.4,0.0,,92.3,4
TXN-CRT-001-004111,2026-07-25 15:36:34,2026-07-25,Saturday,15,True,Traditional,7,CASH-101,Check,31,8,True,185.74,45.4,214.9,30.8,43.1,32.3,0.0,,321.1,4
TXN-CRT-001-004112,2026-07-25 15:38:00,2026-07-25,Saturday,15,True,Traditional,2,CASH-119,Card (Local),19,4,True,66.41,66.4,97.1,34.2,25.3,35.1,0.0,,191.7,3
TXN-CRT-001-004113,2026-07-25 15:55:00,2026-07-25,Saturday,15,True,Traditional,7,CASH-122,Card (Local),7,2,True,53.99,20.3,44.2,22.0,30.9,17.7,0.0,,114.8,4
TXN-CRT-001-004114,2026-07-25 16:12:18,2026-07-25,Saturday,16,True,Traditional,4,CASH-135,Cash,17,4,True,94.97,122.1,88.7,27.1,47.0,31.9,0.0,,194.6,3
TXN-CRT-001-004115,2026-07-25 16:14:11,2026-07-25,Saturday,16,True,Traditional,5,CASH-112,Cash,9,2,True,66.51,49.1,49.3,26.2,30.4,38.9,0.0,,144.7,4
TXN-CRT-001-004116,2026-07-25 16:21:36,2026-07-25,Saturday,16,True,Traditional,3,CASH-129,Cash,10,2,True,44.23,89.6,36.1,42.2,32.9,22.1,0.0,,133.3,4
TXN-CRT-001-004117,2026-07-25 16:22:52,2026-07-25,Saturday,16,True,Self-Service,9,,Card (Local),11,2,True,55.51,21.4,112.5,47.2,23.7,26.5,0.0,,209.9,4
TXN-CRT-001-004118,2026-07-25 16:28:52,2026-07-25,Saturday,16,True,Traditional,3,CASH-105,Check,3,0,False,8.32,168.1,7.8,0.0,40.4,18.7,0.0,,66.9,3
TXN-CRT-001-004119,2026-07-25 16:28:58,2026-07-25,Saturday,16,True,Traditional,6,CASH-119,Flous (Mobile),49,13,True,206.27,72.4,358.0,26.0,32.2,24.6,0.0,,441.0,3
TXN-CRT-001-004120,2026-07-25 16:29:59,2026-07-25,Saturday,16,True,Traditional,5,CASH-131,Flous (Mobile),2,1,True,6.55,70.2,13.0,31.8,29.7,26.3,0.0,,100.8,4
TXN-CRT-001-004121,2026-07-25 16:31:34,2026-07-25,Saturday,16,True,Traditional,6,CASH-103,Flous (Mobile),21,3,True,102.57,65.6,138.0,16.2,34.4,24.4,0.0,,213.1,4
TXN-CRT-001-004122,2026-07-25 16:42:52,2026-07-25,Saturday,16,True,Traditional,1,CASH-122,Cash,12,1,True,78.25,70.9,67.9,17.0,40.6,25.2,0.0,,150.6,4
TXN-CRT-001-004123,2026-07-25 16:43:10,2026-07-25,Saturday,16,True,Traditional,1,CASH-128,Card (Local),20,4,True,66.49,83.6,60.8,43.7,20.7,29.1,0.0,,154.4,4
TXN-CRT-001-004124,2026-07-25 16:46:29,2026-07-25,Saturday,16,True,Self-Service,11,,Flous (Mobile),11,6,True,65.83,37.4,77.9,35.1,30.6,20.4,0.0,,164.0,4
TXN-CRT-001-004125,2026-07-25 16:47:16,2026-07-25,Saturday,16,True,Traditional,6,CASH-120,Cash,22,7,True,113.15,14.3,134.2,19.6,61.5,34.3,0.0,,249.6,4
TXN-CRT-001-004126,2026-07-25 16:47:19,2026-07-25,Saturday,16,True,Traditional,5,CASH-130,Check,24,6,True,192.47,15.0,131.0,16.2,88.0,26.4,0.0,,261.6,4
TXN-CRT-001-004127,2026-07-25 16:52:39,2026-07-25,Saturday,16,True,Traditional,2,CASH-107,Cash,22,9,True,142.6,52.4,152.3,37.5,72.5,27.1,0.0,,289.4,4
TXN-CRT-001-004128,2026-07-25 17:09:06,2026-07-25,Saturday,17,True,Express (<10 items),13,CASH-143,Card (Local),5,1,True,39.15,88.2,13.2,40.0,28.0,28.8,0.0,,110.1,3
TXN-CRT-001-004129,2026-07-25 17:15:31,2026-07-25,Saturday,17,True,Traditional,3,CASH-110,Card (Local),21,10,True,157.46,45.2,125.8,29.3,34.5,17.6,0.0,,207.2,4
TXN-CRT-001-004130,2026-07-25 17:22:43,2026-07-25,Saturday,17,True,Traditional,7,CASH-108,Check,9,1,True,39.56,111.9,48.2,19.3,57.3,19.2,0.0,,144.0,3
TXN-CRT-001-004131,2026-07-25 17:28:48,2026-07-25,Saturday,17,True,Traditional,3,CASH-111,Cash,2,0,False,15.95,46.7,14.3,0.0,29.2,15.4,0.0,,58.9,4
TXN-CRT-001-004132,2026-07-25 17:34:45,2026-07-25,Saturday,17,True,Traditional,6,CASH-126,Card (International),13,4,True,44.09,135.7,72.1,34.6,36.1,22.3,133.4,Price check required,298.4,2
TXN-CRT-001-004133,2026-07-25 17:37:51,2026-07-25,Saturday,17,True,Traditional,6,CASH-133,Card (Local),14,3,True,100.53,69.7,39.4,21.5,24.3,31.9,0.0,,117.1,4
TXN-CRT-001-004134,2026-07-25 17:43:59,2026-07-25,Saturday,17,True,Traditional,7,CASH-107,Cash,14,4,True,66.42,62.4,61.7,41.0,52.2,24.4,166.6,Supervisor approval needed,345.9,2
TXN-CRT-001-004135,2026-07-25 17:44:01,2026-07-25,Saturday,17,True,Traditional,7,CASH-121,Card (International),23,5,True,111.31,104.6,150.7,16.2,37.5,35.7,0.0,,240.2,3
TXN-CRT-001-004136,2026-07-25 17:47:40,2026-07-25,Saturday,17,True,Traditional,5,CASH-116,Card (Local),10,3,True,55.84,69.1,71.0,37.5,20.3,17.9,0.0,,146.6,4
TXN-CRT-001-004137,2026-07-25 18:01:00,2026-07-25,Saturday,18,True,Traditional,8,CASH-115,Card (Local),10,2,True,46.14,81.0,53.0,21.5,34.6,30.4,0.0,,139.5,4
TXN-CRT-001-004138,2026-07-25 18:11:49,2026-07-25,Saturday,18,True,Traditional,3,CASH-118,Cash,3,0,False,22.13,51.6,20.2,0.0,26.8,38.1,0.0,,85.0,4
TXN-CRT-001-004139,2026-07-25 18:14:20,2026-07-25,Saturday,18,True,Traditional,2,CASH-123,Cash,22,8,True,133.78,65.5,138.8,41.8,70.4,33.3,0.0,,284.3,3
TXN-CRT-001-004140,2026-07-25 18:14:59,2026-07-25,Saturday,18,True,Traditional,4,CASH-115,Card (Local),18,7,True,108.25,16.4,116.1,36.8,19.9,34.6,0.0,,207.3,4
TXN-CRT-001-004141,2026-07-25 18:15:46,2026-07-25,Saturday,18,True,Traditional,1,CASH-113,Cash,11,6,True,28.7,121.0,51.5,30.5,48.8,16.6,0.0,,147.5,3
TXN-CRT-001-004142,2026-07-25 18:28:13,2026-07-25,Saturday,18,True,Traditional,8,CASH-135,Cash,23,7,True,110.42,123.7,70.1,33.4,29.0,34.8,0.0,,167.3,3
TXN-CRT-001-004143,2026-07-25 18:28:39,2026-07-25,Saturday,18,True,Traditional,5,CASH-120,Check,17,5,True,58.65,39.0,126.8,21.9,49.0,18.7,0.0,,216.4,4
TXN-CRT-001-004144,2026-07-25 18:33:26,2026-07-25,Saturday,18,True,Traditional,3,CASH-114,Cash,15,4,True,69.25,48.0,45.9,26.4,63.7,37.8,0.0,,173.8,4
TXN-CRT-001-004145,2026-07-25 18:44:32,2026-07-25,Saturday,18,True,Self-Service,9,,Card (Local),16,2,True,102.53,165.5,195.9,42.6,20.5,21.9,0.0,,280.9,3
TXN-CRT-001-004146,2026-07-25 19:03:10,2026-07-25,Saturday,19,True,Traditional,6,CASH-102,Cash,20,3,True,65.28,39.9,52.0,38.5,65.6,21.3,0.0,,177.4,4
TXN-CRT-001-004147,2026-07-25 19:04:34,2026-07-25,Saturday,19,True,Traditional,2,CASH-109,Cash,21,4,True,188.01,87.2,138.0,26.7,41.3,39.3,0.0,,245.4,4
TXN-CRT-001-004148,2026-07-25 19:09:22,2026-07-25,Saturday,19,True,Traditional,5,CASH-127,Cash,10,4,True,44.99,59.4,71.2,19.7,60.8,36.1,0.0,,187.8,4
TXN-CRT-001-004149,2026-07-25 19:12:01,2026-07-25,Saturday,19,True,Traditional,3,CASH-130,Cash,6,0,False,30.5,12.0,38.8,0.0,70.8,35.8,0.0,,145.4,4
TXN-CRT-001-004150,2026-07-25 19:20:05,2026-07-25,Saturday,19,True,Traditional,7,CASH-133,Card (Local),6,3,True,41.16,71.7,30.7,24.9,25.9,23.6,0.0,,105.3,4
TXN-CRT-001-004151,2026-07-25 19:23:28,2026-07-25,Saturday,19,True,Traditional,2,CASH-133,Card (Local),20,5,True,119.86,119.0,82.9,44.5,20.9,18.5,0.0,,166.8,4
TXN-CRT-001-004152,2026-07-25 19:23:47,2026-07-25,Saturday,19,True,Traditional,5,CASH-113,Cash,36,10,True,348.68,43.2,228.1,27.6,37.3,24.4,0.0,,317.3,4
TXN-CRT-001-004153,2026-07-25 19:25:32,2026-07-25,Saturday,19,True,Traditional,1,CASH-114,Cash,13,1,True,55.85,17.2,75.4,33.9,39.4,26.1,0.0,,174.7,4
TXN-CRT-001-004154,2026-07-25 19:28:53,2026-07-25,Saturday,19,True,Traditional,5,CASH-108,Cash,7,1,True,51.54,92.5,47.0,43.9,32.7,18.9,0.0,,142.4,3
TXN-CRT-001-004155,2026-07-25 19:34:17,2026-07-25,Saturday,19,True,Traditional,4,CASH-104,Cash,26,10,True,232.13,12.6,154.7,33.5,56.9,15.4,0.0,,260.4,4
TXN-CRT-001-004156,2026-07-25 19:36:48,2026-07-25,Saturday,19,True,Traditional,4,CASH-112,Cash,31,6,True,245.83,13.5,158.7,28.5,66.6,34.6,0.0,,288.4,4
TXN-CRT-001-004157,2026-07-25 19:38:17,2026-07-25,Saturday,19,True,Traditional,3,CASH-104,Flous (Mobile),37,8,True,362.68,171.2,149.3,41.5,23.6,33.6,0.0,,248.1,3
TXN-CRT-001-004158,2026-07-25 19:38:22,2026-07-25,Saturday,19,True,Self-Service,10,,Card (Local),19,3,True,85.9,106.6,144.0,32.8,33.3,38.4,0.0,,248.4,3
TXN-CRT-001-004159,2026-07-25 19:39:43,2026-07-25,Saturday,19,True,Express (<10 items),12,CASH-144,Card (Local),34,6,True,227.92,54.1,218.8,27.5,32.7,33.9,0.0,,313.0,3
TXN-CRT-001-004160,2026-07-25 19:52:09,2026-07-25,Saturday,19,True,Traditional,5,CASH-122,Cash,1,0,False,5.23,73.3,5.3,0.0,26.6,18.9,0.0,,50.8,3
TXN-CRT-001-004161,2026-07-25 19:54:31,2026-07-25,Saturday,19,True,Traditional,6,CASH-110,Flous (Mobile),5,2,True,13.87,22.7,27.7,28.0,33.0,36.1,0.0,,124.9,4
TXN-CRT-001-004162,2026-07-25 19:56:06,2026-07-25,Saturday,19,True,Traditional,5,CASH-103,Card (Local),4,1,True,18.37,58.7,28.1,34.1,22.4,32.9,0.0,,117.5,4
TXN-CRT-001-004163,2026-07-25 20:09:28,2026-07-25,Saturday,20,True,Traditional,4,CASH-124,Card (International),24,6,True,246.56,19.0,109.8,39.7,39.9,36.6,0.0,,226.0,4
TXN-CRT-001-004164,2026-07-25 20:19:38,2026-07-25,Saturday,20,True,Traditional,1,CASH-126,Cash,3,0,False,13.47,18.5,22.1,0.0,56.9,36.2,0.0,,115.2,4
TXN-CRT-001-004165,2026-07-25 20:21:51,2026-07-25,Saturday,20,True,Traditional,8,CASH-117,Check,15,5,True,62.57,95.8,105.7,25.3,63.1,38.7,0.0,,232.8,4
TXN-CRT-001-004166,2026-07-25 20:21:56,2026-07-25,Saturday,20,True,Traditional,7,CASH-122,Flous (Mobile),15,5,True,115.03,35.3,98.6,34.0,22.2,19.9,0.0,,174.8,4
TXN-CRT-001-004167,2026-07-25 20:24:25,2026-07-25,Saturday,20,True,Traditional,4,CASH-134,Flous (Mobile),10,0,False,37.04,30.7,50.1,0.0,31.6,30.9,0.0,,112.6,4
TXN-CRT-001-004168,2026-07-25 20:29:42,2026-07-25,Saturday,20,True,Traditional,8,CASH-101,Cash,35,8,True,175.02,68.3,246.6,28.9,35.7,38.4,0.0,,349.7,3
TXN-CRT-001-004169,2026-07-25 20:29:52,2026-07-25,Saturday,20,True,Traditional,4,CASH-113,Cash,7,0,False,32.16,29.7,45.7,0.0,63.4,25.7,0.0,,134.7,4
TXN-CRT-001-004170,2026-07-25 20:35:54,2026-07-25,Saturday,20,True,Traditional,2,CASH-117,Cash,11,4,True,53.46,42.3,69.1,31.0,39.5,27.5,0.0,,167.1,4
TXN-CRT-001-004171,2026-07-25 20:35:55,2026-07-25,Saturday,20,True,Traditional,1,CASH-117,Cash,27,8,True,201.21,154.9,147.7,39.0,74.0,32.2,0.0,,292.9,3
TXN-CRT-001-004172,2026-07-25 20:36:51,2026-07-25,Saturday,20,True,Express (<10 items),12,CASH-136,Flous (Mobile),2,1,True,14.05,8.0,6.3,41.8,20.6,15.7,0.0,,84.4,4
TXN-CRT-001-004173,2026-07-25 20:39:53,2026-07-25,Saturday,20,True,Traditional,2,CASH-122,Cash,22,4,True,170.27,138.6,148.5,22.0,45.8,33.9,0.0,,250.2,3
TXN-CRT-001-004174,2026-07-25 20:43:34,2026-07-25,Saturday,20,True,Traditional,8,CASH-135,Cash,30,7,True,172.63,296.4,159.5,25.8,70.8,28.9,0.0,,284.9,3
TXN-CRT-001-004175,2026-07-25 20:50:34,2026-07-25,Saturday,20,True,Self-Service,11,,Cash,43,8,True,202.7,14.4,487.6,67.2,72.8,41.7,0.0,,669.4,3
TXN-CRT-001-004176,2026-07-25 20:55:25,2026-07-25,Saturday,20,True,Express (<10 items),13,CASH-141,Cash,36,8,True,213.23,16.7,152.5,19.9,31.6,34.0,0.0,,238.0,4
TXN-CRT-001-004177,2026-07-25 21:00:07,2026-07-25,Saturday,21,True,Traditional,3,CASH-128,Cash,10,2,True,37.58,77.8,61.7,27.5,43.2,27.1,0.0,,159.5,3
TXN-CRT-001-004178,2026-07-25 21:07:29,2026-07-25,Saturday,21,True,Traditional,3,CASH-123,Card (International),18,2,True,138.04,55.1,99.4,34.0,41.6,39.3,0.0,,214.4,4
TXN-CRT-001-004179,2026-07-25 21:14:40,2026-07-25,Saturday,21,True,Traditional,2,CASH-124,Card (Local),4,1,True,17.77,26.3,26.8,33.4,18.0,20.0,0.0,,98.3,4
TXN-CRT-001-004180,2026-07-25 21:15:25,2026-07-25,Saturday,21,True,Traditional,2,CASH-106,Cash,9,2,True,49.58,121.6,43.5,26.9,64.6,16.9,0.0,,152.0,3
TXN-CRT-001-004181,2026-07-25 21:35:47,2026-07-25,Saturday,21,True,Traditional,6,CASH-131,Cash,4,2,True,19.44,37.6,19.1,44.1,30.0,22.8,0.0,,116.0,4
TXN-CRT-001-004182,2026-07-25 21:39:04,2026-07-25,Saturday,21,True,Traditional,8,CASH-117,Cash,10,2,True,33.8,62.0,71.3,25.7,63.6,17.7,0.0,,178.3,3
TXN-CRT-001-004183,2026-07-25 21:43:00,2026-07-25,Saturday,21,True,Traditional,2,CASH-116,Cash,36,12,True,222.14,85.5,117.7,17.1,37.2,21.8,0.0,,193.8,4
TXN-CRT-001-004184,2026-07-25 21:53:11,2026-07-25,Saturday,21,True,Traditional,5,CASH-123,Card (Local),11,7,True,53.77,72.9,33.7,31.4,32.9,38.0,0.0,,136.0,3
TXN-CRT-001-004185,2026-07-25 21:54:14,2026-07-25,Saturday,21,True,Traditional,6,CASH-103,Card (Local),18,7,True,83.77,51.1,96.9,16.9,21.4,30.0,0.0,,165.3,4
TXN-CRT-001-004186,2026-07-25 21:55:43,2026-07-25,Saturday,21,True,Traditional,3,CASH-117,Card (Local),14,5,True,58.08,88.4,60.5,26.1,25.5,33.6,0.0,,145.6,3
TXN-CRT-001-004187,2026-07-25 21:59:04,2026-07-25,Saturday,21,True,Traditional,4,CASH-119,Card (Local),14,5,True,59.12,11.5,88.2,18.6,31.6,16.6,0.0,,155.1,4
TXN-CRT-001-004188,2026-07-26 08:06:01,2026-07-26,Sunday,8,False,Traditional,6,CASH-120,Cash,47,12,True,229.02,106.2,259.3,39.9,28.1,31.1,0.0,,358.4,3
TXN-CRT-001-004189,2026-07-26 08:24:50,2026-07-26,Sunday,8,False,Traditional,5,CASH-109,Check,10,1,True,69.63,39.9,39.7,15.5,47.0,27.2,0.0,,129.4,4
TXN-CRT-001-004190,2026-07-26 09:06:28,2026-07-26,Sunday,9,False,Traditional,3,CASH-102,Card (International),20,6,True,102.0,80.9,51.4,26.3,34.9,22.2,0.0,,134.8,4
TXN-CRT-001-004191,2026-07-26 09:08:30,2026-07-26,Sunday,9,False,Traditional,7,CASH-124,Flous (Mobile),13,4,True,70.0,49.4,59.3,20.7,20.2,30.8,0.0,,131.0,4
TXN-CRT-001-004192,2026-07-26 09:18:54,2026-07-26,Sunday,9,False,Self-Service,11,,Cash,3,3,True,7.58,30.8,40.1,76.8,45.9,26.8,0.0,,189.6,4
TXN-CRT-001-004193,2026-07-26 09:33:21,2026-07-26,Sunday,9,False,Traditional,8,CASH-118,Flous (Mobile),15,4,True,79.4,46.5,44.1,22.4,34.9,26.5,0.0,,127.9,4
TXN-CRT-001-004194,2026-07-26 09:34:27,2026-07-26,Sunday,9,False,Traditional,5,CASH-121,Card (International),30,6,True,210.1,63.4,164.5,40.9,47.0,26.9,46.3,Supervisor approval needed,325.7,3
TXN-CRT-001-004195,2026-07-26 09:47:14,2026-07-26,Sunday,9,False,Traditional,5,CASH-124,Flous (Mobile),4,1,True,27.01,71.2,18.6,41.9,22.7,20.5,0.0,,103.7,4
TXN-CRT-001-004196,2026-07-26 09:50:40,2026-07-26,Sunday,9,False,Traditional,8,CASH-118,Cash,3,2,True,18.23,64.3,17.6,39.0,61.5,37.2,0.0,,155.3,4
TXN-CRT-001-004197,2026-07-26 09:59:59,2026-07-26,Sunday,9,False,Traditional,1,CASH-106,Card (Local),6,0,False,40.46,28.9,21.0,0.0,30.5,35.8,0.0,,87.3,4
TXN-CRT-001-004198,2026-07-26 10:06:51,2026-07-26,Sunday,10,False,Traditional,2,CASH-112,Check,26,5,True,185.35,20.7,178.4,16.9,64.9,32.7,0.0,,292.8,4
TXN-CRT-001-004199,2026-07-26 10:09:30,2026-07-26,Sunday,10,False,Traditional,8,CASH-134,Card (Local),24,6,True,204.55,22.6,124.8,32.9,23.3,22.8,109.8,Item return/exchange,313.6,2
TXN-CRT-001-004200,2026-07-26 10:19:32,2026-07-26,Sunday,10,False,Traditional,4,CASH-114,Card (Local),18,3,True,69.14,42.0,87.7,22.4,31.4,22.3,0.0,,163.9,4
TXN-CRT-001-004201,2026-07-26 10:20:23,2026-07-26,Sunday,10,False,Traditional,3,CASH-105,Check,15,1,True,117.97,80.1,47.5,30.2,69.5,35.0,0.0,,182.3,3
TXN-CRT-001-004202,2026-07-26 10:22:34,2026-07-26,Sunday,10,False,Traditional,1,CASH-107,Cash,38,8,True,240.82,84.0,153.0,39.5,47.9,29.1,0.0,,269.5,4
TXN-CRT-001-004203,2026-07-26 10:24:46,2026-07-26,Sunday,10,False,Traditional,7,CASH-129,Card (Local),26,9,True,165.36,32.2,135.6,20.6,31.6,23.5,0.0,,211.3,4
TXN-CRT-001-004204,2026-07-26 10:26:52,2026-07-26,Sunday,10,False,Express (<10 items),13,CASH-145,Cash,29,3,True,195.08,51.3,76.0,23.4,31.1,15.2,0.0,,145.7,4
TXN-CRT-001-004205,2026-07-26 10:29:58,2026-07-26,Sunday,10,False,Traditional,3,CASH-119,Flous (Mobile),30,7,True,244.57,12.7,163.7,27.0,22.2,35.7,0.0,,248.6,4
TXN-CRT-001-004206,2026-07-26 10:39:10,2026-07-26,Sunday,10,False,Traditional,4,CASH-119,Cash,20,6,True,56.55,37.5,102.7,39.0,43.6,29.1,0.0,,214.4,4
TXN-CRT-001-004207,2026-07-26 11:03:37,2026-07-26,Sunday,11,False,Traditional,8,CASH-118,Cash,14,6,True,111.58,32.0,37.2,25.4,60.2,28.7,0.0,,151.4,4
TXN-CRT-001-004208,2026-07-26 11:08:44,2026-07-26,Sunday,11,False,Traditional,8,CASH-109,Card (Local),35,15,True,124.13,25.8,109.9,37.3,28.1,36.2,0.0,,211.6,4
TXN-CRT-001-004209,2026-07-26 11:17:41,2026-07-26,Sunday,11,False,Traditional,8,CASH-112,Card (International),42,10,True,214.98,55.6,224.0,39.0,48.2,33.3,141.9,Item return/exchange,486.3,3
TXN-CRT-001-004210,2026-07-26 11:26:25,2026-07-26,Sunday,11,False,Traditional,3,CASH-133,Card (Local),1,1,True,6.53,158.4,7.0,34.6,30.5,38.6,0.0,,110.7,3
TXN-CRT-001-004211,2026-07-26 11:26:38,2026-07-26,Sunday,11,False,Traditional,7,CASH-116,Flous (Mobile),3,0,False,7.64,53.5,20.4,0.0,23.7,31.0,0.0,,75.1,4
TXN-CRT-001-004212,2026-07-26 11:27:21,2026-07-26,Sunday,11,False,Traditional,7,CASH-110,Check,46,13,True,267.67,111.7,162.4,40.3,64.4,33.7,0.0,,300.7,3
TXN-CRT-001-004213,2026-07-26 11:29:32,2026-07-26,Sunday,11,False,Traditional,6,CASH-122,Cash,9,3,True,67.93,95.8,59.3,19.7,43.1,33.0,0.0,,155.1,3
TXN-CRT-001-004214,2026-07-26 11:29:49,2026-07-26,Sunday,11,False,Traditional,7,CASH-133,Cash,36,7,True,305.62,33.4,95.8,21.6,29.7,35.4,82.7,Payment terminal error,265.1,3
TXN-CRT-001-004215,2026-07-26 11:31:53,2026-07-26,Sunday,11,False,Traditional,4,CASH-130,Cash,12,3,True,67.43,88.9,44.3,21.2,52.9,25.3,0.0,,143.6,3
TXN-CRT-001-004216,2026-07-26 11:36:26,2026-07-26,Sunday,11,False,Traditional,4,CASH-119,Cash,5,0,False,31.67,164.5,33.3,0.0,56.6,18.1,0.0,,108.0,3
TXN-CRT-001-004217,2026-07-26 11:38:13,2026-07-26,Sunday,11,False,Traditional,8,CASH-110,Card (Local),4,2,True,19.83,16.9,18.6,24.3,21.7,27.4,0.0,,92.0,4
TXN-CRT-001-004218,2026-07-26 11:50:44,2026-07-26,Sunday,11,False,Traditional,1,CASH-129,Flous (Mobile),6,1,True,45.18,95.7,17.1,43.0,24.6,38.8,0.0,,123.4,3
TXN-CRT-001-004219,2026-07-26 11:50:48,2026-07-26,Sunday,11,False,Traditional,2,CASH-127,Flous (Mobile),9,3,True,46.76,48.4,32.2,41.9,33.4,32.0,0.0,,139.5,4
TXN-CRT-001-004220,2026-07-26 11:54:58,2026-07-26,Sunday,11,False,Traditional,5,CASH-115,Cash,15,2,True,49.2,29.1,41.7,25.5,66.0,28.5,0.0,,161.7,4
TXN-CRT-001-004221,2026-07-26 12:00:18,2026-07-26,Sunday,12,False,Traditional,1,CASH-101,Cash,23,4,True,219.36,68.1,171.8,24.9,33.0,37.7,0.0,,267.4,4
TXN-CRT-001-004222,2026-07-26 12:02:08,2026-07-26,Sunday,12,False,Traditional,1,CASH-118,Card (Local),49,20,True,368.94,69.4,226.5,23.4,29.4,20.1,0.0,,299.4,4
TXN-CRT-001-004223,2026-07-26 12:02:37,2026-07-26,Sunday,12,False,Self-Service,11,,Card (Local),14,5,True,86.36,220.2,60.9,59.4,33.9,32.6,0.0,,186.8,3
TXN-CRT-001-004224,2026-07-26 12:05:26,2026-07-26,Sunday,12,False,Traditional,6,CASH-121,Cash,16,7,True,125.32,30.1,97.8,29.3,39.7,31.7,0.0,,198.4,4
TXN-CRT-001-004225,2026-07-26 12:07:25,2026-07-26,Sunday,12,False,Traditional,3,CASH-122,Flous (Mobile),16,3,True,40.42,53.4,66.4,24.4,27.9,26.0,0.0,,144.8,4
TXN-CRT-001-004226,2026-07-26 12:08:08,2026-07-26,Sunday,12,False,Traditional,8,CASH-102,Flous (Mobile),17,3,True,95.07,52.6,101.4,28.2,38.9,38.6,87.6,Promo code issue,294.7,3
TXN-CRT-001-004227,2026-07-26 12:08:54,2026-07-26,Sunday,12,False,Traditional,2,CASH-120,Cash,16,4,True,42.51,29.9,87.4,35.5,57.1,39.9,0.0,,219.9,4
TXN-CRT-001-004228,2026-07-26 12:10:19,2026-07-26,Sunday,12,False,Traditional,1,CASH-129,Flous (Mobile),1,0,False,4.82,23.0,7.3,0.0,34.8,27.9,0.0,,70.0,4
TXN-CRT-001-004229,2026-07-26 12:16:07,2026-07-26,Sunday,12,False,Traditional,6,CASH-135,Cash,1,0,False,4.34,36.8,3.9,0.0,28.9,22.1,0.0,,55.0,4
TXN-CRT-001-004230,2026-07-26 12:20:31,2026-07-26,Sunday,12,False,Traditional,6,CASH-125,Card (Local),4,1,True,31.84,47.1,14.1,38.0,19.4,23.0,0.0,,94.5,4
TXN-CRT-001-004231,2026-07-26 12:27:54,2026-07-26,Sunday,12,False,Traditional,1,CASH-119,Cash,5,1,True,15.52,21.7,30.2,24.5,73.2,19.3,0.0,,147.2,4
TXN-CRT-001-004232,2026-07-26 12:29:25,2026-07-26,Sunday,12,False,Traditional,1,CASH-105,Cash,23,4,True,90.32,99.5,71.9,30.5,44.7,32.3,0.0,,179.4,3
TXN-CRT-001-004233,2026-07-26 12:31:00,2026-07-26,Sunday,12,False,Traditional,1,CASH-128,Flous (Mobile),7,1,True,44.34,74.5,42.6,37.5,28.2,19.2,0.0,,127.5,3
TXN-CRT-001-004234,2026-07-26 12:34:28,2026-07-26,Sunday,12,False,Self-Service,9,,Cash,38,10,True,175.56,17.3,407.5,57.5,58.0,32.8,0.0,,555.7,4
TXN-CRT-001-004235,2026-07-26 12:36:25,2026-07-26,Sunday,12,False,Traditional,8,CASH-113,Card (Local),42,12,True,141.45,36.3,124.6,35.9,19.1,26.0,0.0,,205.5,4
TXN-CRT-001-004236,2026-07-26 12:39:37,2026-07-26,Sunday,12,False,Traditional,3,CASH-135,Cash,48,12,True,307.15,56.5,311.9,30.5,46.9,31.2,0.0,,420.4,3
TXN-CRT-001-004237,2026-07-26 12:47:31,2026-07-26,Sunday,12,False,Traditional,3,CASH-111,Cash,43,11,True,261.8,85.4,169.7,24.6,38.5,38.1,0.0,,270.9,3
TXN-CRT-001-004238,2026-07-26 12:47:42,2026-07-26,Sunday,12,False,Traditional,2,CASH-133,Cash,9,1,True,29.39,47.4,22.7,34.4,64.1,35.4,0.0,,156.6,4
TXN-CRT-001-004239,2026-07-26 12:51:27,2026-07-26,Sunday,12,False,Traditional,5,CASH-105,Cash,16,6,True,80.83,82.0,117.4,37.1,48.4,22.3,0.0,,225.2,3
TXN-CRT-001-004240,2026-07-26 12:51:47,2026-07-26,Sunday,12,False,Traditional,3,CASH-101,Card (Local),7,3,True,27.7,65.3,27.8,27.6,32.3,35.6,0.0,,123.3,3
TXN-CRT-001-004241,2026-07-26 12:52:35,2026-07-26,Sunday,12,False,Traditional,6,CASH-122,Cash,29,8,True,241.9,88.9,87.0,21.3,45.1,20.0,0.0,,173.4,4
TXN-CRT-001-004242,2026-07-26 12:53:37,2026-07-26,Sunday,12,False,Traditional,8,CASH-111,Card (Local),38,4,True,177.03,26.7,164.7,40.8,34.2,21.1,0.0,,260.7,4
TXN-CRT-001-004243,2026-07-26 12:54:47,2026-07-26,Sunday,12,False,Traditional,4,CASH-123,Card (Local),33,8,True,243.21,76.2,89.1,28.7,24.0,32.2,0.0,,174.0,3
TXN-CRT-001-004244,2026-07-26 13:02:49,2026-07-26,Sunday,13,False,Traditional,2,CASH-107,Card (Local),14,4,True,93.4,48.6,63.3,16.7,35.0,19.7,0.0,,134.6,4
TXN-CRT-001-004245,2026-07-26 13:06:06,2026-07-26,Sunday,13,False,Traditional,7,CASH-111,Cash,26,12,True,159.75,109.5,108.8,28.7,74.4,25.7,88.0,Item return/exchange,325.5,2
TXN-CRT-001-004246,2026-07-26 13:08:17,2026-07-26,Sunday,13,False,Express (<10 items),12,CASH-137,Flous (Mobile),4,3,True,25.95,15.7,18.9,43.1,34.2,25.7,0.0,,121.9,4
TXN-CRT-001-004247,2026-07-26 13:08:50,2026-07-26,Sunday,13,False,Traditional,5,CASH-108,Cash,2,1,True,6.11,66.2,9.2,33.5,43.6,36.5,0.0,,122.8,4
TXN-CRT-001-004248,2026-07-26 13:10:33,2026-07-26,Sunday,13,False,Traditional,4,CASH-133,Cash,25,3,True,141.47,53.7,79.5,37.9,37.7,21.8,0.0,,176.9,4
TXN-CRT-001-004249,2026-07-26 13:11:27,2026-07-26,Sunday,13,False,Traditional,2,CASH-119,Cash,13,6,True,73.69,44.8,78.6,16.9,58.6,15.4,0.0,,169.5,4
TXN-CRT-001-004250,2026-07-26 13:24:00,2026-07-26,Sunday,13,False,Express (<10 items),12,CASH-142,Cash,50,13,True,272.7,37.7,184.4,30.6,50.7,20.3,0.0,,286.0,4
TXN-CRT-001-004251,2026-07-26 13:25:55,2026-07-26,Sunday,13,False,Traditional,7,CASH-111,Cash,4,2,True,18.82,40.0,25.4,16.5,25.3,16.7,0.0,,83.9,4
TXN-CRT-001-004252,2026-07-26 13:27:12,2026-07-26,Sunday,13,False,Traditional,2,CASH-116,Card (Local),34,8,True,167.17,150.9,111.4,42.1,26.3,24.7,0.0,,204.5,3
TXN-CRT-001-004253,2026-07-26 13:28:38,2026-07-26,Sunday,13,False,Traditional,8,CASH-107,Cash,15,3,True,59.3,43.8,104.1,18.7,35.8,31.9,0.0,,190.4,4
TXN-CRT-001-004254,2026-07-26 13:35:35,2026-07-26,Sunday,13,False,Traditional,3,CASH-106,Cash,30,7,True,236.4,143.5,96.8,17.4,29.8,29.8,0.0,,173.8,3
TXN-CRT-001-004255,2026-07-26 13:44:15,2026-07-26,Sunday,13,False,Traditional,1,CASH-128,Card (International),30,5,True,168.74,44.8,158.9,40.7,48.8,28.4,0.0,,276.7,4
TXN-CRT-001-004256,2026-07-26 13:44:30,2026-07-26,Sunday,13,False,Traditional,4,CASH-125,Cash,41,9,True,279.76,58.0,128.9,27.4,25.1,36.2,0.0,,217.6,4
TXN-CRT-001-004257,2026-07-26 13:48:40,2026-07-26,Sunday,13,False,Express (<10 items),12,CASH-141,Cash,10,4,True,27.81,51.1,43.9,27.6,25.4,27.8,0.0,,124.7,4
TXN-CRT-001-004258,2026-07-26 13:52:45,2026-07-26,Sunday,13,False,Traditional,4,CASH-124,Cash,45,6,True,235.87,149.1,209.5,28.2,67.1,33.7,0.0,,338.5,2
TXN-CRT-001-004259,2026-07-26 13:53:46,2026-07-26,Sunday,13,False,Traditional,7,CASH-125,Card (International),6,0,False,21.35,92.0,18.9,0.0,39.9,17.2,0.0,,76.0,4
TXN-CRT-001-004260,2026-07-26 13:53:47,2026-07-26,Sunday,13,False,Traditional,6,CASH-115,Cash,4,0,False,25.73,34.9,20.4,0.0,36.2,27.8,0.0,,84.4,4
TXN-CRT-001-004261,2026-07-26 13:59:25,2026-07-26,Sunday,13,False,Traditional,6,CASH-128,Cash,13,3,True,57.53,13.3,96.7,27.1,46.8,34.8,0.0,,205.4,4
TXN-CRT-001-004262,2026-07-26 14:09:28,2026-07-26,Sunday,14,False,Self-Service,11,,Cash,31,15,True,204.65,35.6,341.3,40.1,63.4,33.8,0.0,,478.6,4
TXN-CRT-001-004263,2026-07-26 14:10:51,2026-07-26,Sunday,14,False,Traditional,3,CASH-115,Card (Local),15,2,True,58.91,123.3,55.9,22.2,20.3,39.3,0.0,,137.8,3
TXN-CRT-001-004264,2026-07-26 14:18:42,2026-07-26,Sunday,14,False,Traditional,7,CASH-101,Card (Local),31,5,True,285.11,18.5,182.3,27.8,21.1,35.0,0.0,,266.3,4
TXN-CRT-001-004265,2026-07-26 14:19:39,2026-07-26,Sunday,14,False,Traditional,3,CASH-104,Card (International),24,9,True,234.79,14.0,89.6,29.8,41.5,16.6,0.0,,177.4,4
TXN-CRT-001-004266,2026-07-26 14:25:16,2026-07-26,Sunday,14,False,Traditional,1,CASH-119,Cash,8,3,True,47.54,29.4,55.1,24.6,62.7,25.6,0.0,,168.0,4
TXN-CRT-001-004267,2026-07-26 14:29:09,2026-07-26,Sunday,14,False,Traditional,3,CASH-113,Cash,45,6,True,296.64,21.5,137.3,21.4,30.5,19.2,0.0,,208.5,4
TXN-CRT-001-004268,2026-07-26 14:30:13,2026-07-26,Sunday,14,False,Traditional,8,CASH-113,Cash,3,1,True,8.79,24.7,12.4,31.0,34.7,19.3,0.0,,97.5,4
TXN-CRT-001-004269,2026-07-26 15:02:17,2026-07-26,Sunday,15,False,Traditional,4,CASH-121,Cash,39,11,True,315.65,7.9,241.4,43.4,39.4,20.9,0.0,,345.0,4
TXN-CRT-001-004270,2026-07-26 15:02:25,2026-07-26,Sunday,15,False,Express (<10 items),13,CASH-145,Cash,10,3,True,43.92,58.8,30.4,15.4,48.7,39.8,0.0,,134.3,4
TXN-CRT-001-004271,2026-07-26 15:15:50,2026-07-26,Sunday,15,False,Traditional,3,CASH-103,Cash,15,4,True,66.99,67.6,85.1,30.2,41.3,22.5,0.0,,179.1,4
TXN-CRT-001-004272,2026-07-26 15:16:35,2026-07-26,Sunday,15,False,Express (<10 items),13,CASH-137,Card (Local),13,7,True,86.54,43.6,54.0,36.3,27.2,17.9,0.0,,135.3,4
TXN-CRT-001-004273,2026-07-26 15:32:09,2026-07-26,Sunday,15,False,Traditional,6,CASH-123,Card (Local),7,0,False,25.97,13.5,47.4,0.0,26.3,30.4,0.0,,104.1,4
TXN-CRT-001-004274,2026-07-26 15:37:31,2026-07-26,Sunday,15,False,Traditional,4,CASH-126,Cash,11,2,True,54.95,29.6,37.2,37.7,69.7,37.6,0.0,,182.3,4
TXN-CRT-001-004275,2026-07-26 15:44:12,2026-07-26,Sunday,15,False,Traditional,4,CASH-119,Card (Local),7,1,True,18.7,66.1,50.4,43.8,22.8,16.0,0.0,,132.9,4
TXN-CRT-001-004276,2026-07-26 15:59:47,2026-07-26,Sunday,15,False,Traditional,3,CASH-101,Cash,7,2,True,46.95,72.7,19.5,38.1,42.0,20.2,0.0,,119.8,3
TXN-CRT-001-004277,2026-07-26 16:03:40,2026-07-26,Sunday,16,False,Traditional,3,CASH-130,Cash,7,3,True,22.72,8.3,30.8,16.6,60.2,25.4,0.0,,133.0,4
TXN-CRT-001-004278,2026-07-26 16:05:19,2026-07-26,Sunday,16,False,Traditional,3,CASH-124,Card (Local),15,4,True,52.88,52.3,84.0,42.6,29.7,20.5,0.0,,176.8,4
TXN-CRT-001-004279,2026-07-26 16:05:50,2026-07-26,Sunday,16,False,Traditional,8,CASH-122,Cash,28,3,True,245.1,27.6,107.3,29.4,49.6,20.7,0.0,,207.0,4
TXN-CRT-001-004280,2026-07-26 16:08:47,2026-07-26,Sunday,16,False,Traditional,4,CASH-126,Cash,18,4,True,64.78,49.7,75.6,22.2,65.1,35.9,0.0,,198.7,4
TXN-CRT-001-004281,2026-07-26 16:12:20,2026-07-26,Sunday,16,False,Traditional,4,CASH-119,Cash,38,9,True,230.55,14.7,242.6,22.5,68.2,17.2,0.0,,350.4,4
TXN-CRT-001-004282,2026-07-26 16:14:47,2026-07-26,Sunday,16,False,Traditional,3,CASH-106,Check,20,9,True,159.75,9.9,127.7,39.8,46.8,33.3,0.0,,247.5,4
TXN-CRT-001-004283,2026-07-26 16:19:05,2026-07-26,Sunday,16,False,Traditional,1,CASH-117,Card (Local),22,6,True,97.2,42.8,123.3,28.4,32.3,24.2,0.0,,208.1,4
TXN-CRT-001-004284,2026-07-26 16:19:31,2026-07-26,Sunday,16,False,Traditional,5,CASH-125,Cash,21,6,True,137.7,45.9,152.2,38.2,68.8,35.4,0.0,,294.7,4
TXN-CRT-001-004285,2026-07-26 16:28:11,2026-07-26,Sunday,16,False,Traditional,6,CASH-129,Flous (Mobile),14,4,True,109.18,23.7,95.7,41.8,24.7,39.5,0.0,,201.6,4
TXN-CRT-001-004286,2026-07-26 16:58:11,2026-07-26,Sunday,16,False,Traditional,8,CASH-114,Card (Local),22,7,True,207.77,135.3,129.8,28.6,23.3,17.4,0.0,,199.1,3
TXN-CRT-001-004287,2026-07-26 17:05:06,2026-07-26,Sunday,17,False,Self-Service,11,,Card (Local),3,1,True,19.83,26.9,37.9,38.6,33.3,42.5,0.0,,152.3,4
TXN-CRT-001-004288,2026-07-26 17:08:51,2026-07-26,Sunday,17,False,Traditional,4,CASH-122,Flous (Mobile),34,7,True,262.76,26.5,173.4,44.6,21.1,15.3,0.0,,254.4,4
TXN-CRT-001-004289,2026-07-26 17:14:31,2026-07-26,Sunday,17,False,Traditional,6,CASH-110,Cash,27,9,True,147.77,51.0,191.0,16.1,61.8,23.4,0.0,,292.2,4
TXN-CRT-001-004290,2026-07-26 17:21:53,2026-07-26,Sunday,17,False,Traditional,4,CASH-133,Cash,9,3,True,23.92,46.1,30.7,37.1,30.7,37.1,0.0,,135.6,4
TXN-CRT-001-004291,2026-07-26 17:22:13,2026-07-26,Sunday,17,False,Traditional,3,CASH-113,Cash,26,8,True,128.94,27.0,159.9,19.1,73.0,16.3,31.6,Payment terminal error,299.9,3
TXN-CRT-001-004292,2026-07-26 17:42:20,2026-07-26,Sunday,17,False,Traditional,4,CASH-125,Card (Local),1,1,True,7.87,67.2,4.5,42.0,29.9,17.4,0.0,,93.9,4
TXN-CRT-001-004293,2026-07-26 17:49:27,2026-07-26,Sunday,17,False,Traditional,7,CASH-110,Card (Local),8,3,True,48.82,66.9,57.3,29.2,31.4,27.5,0.0,,145.4,4
TXN-CRT-001-004294,2026-07-26 17:51:03,2026-07-26,Sunday,17,False,Self-Service,10,,Card (Local),3,1,True,13.97,51.8,28.9,45.9,32.5,38.8,0.0,,146.1,4
TXN-CRT-001-004295,2026-07-26 18:04:10,2026-07-26,Sunday,18,False,Traditional,2,CASH-124,Check,27,11,True,126.88,58.4,151.1,41.4,63.3,29.5,0.0,,285.3,4
TXN-CRT-001-004296,2026-07-26 18:09:38,2026-07-26,Sunday,18,False,Traditional,6,CASH-131,Flous (Mobile),26,4,True,127.73,48.5,103.0,33.0,29.2,39.0,0.0,,204.2,4
TXN-CRT-001-004297,2026-07-26 18:13:25,2026-07-26,Sunday,18,False,Traditional,1,CASH-130,Flous (Mobile),30,7,True,158.77,46.3,137.5,34.4,32.2,38.3,0.0,,242.4,4
TXN-CRT-001-004298,2026-07-26 18:17:18,2026-07-26,Sunday,18,False,Traditional,8,CASH-117,Card (International),1,0,False,3.82,14.9,7.0,0.0,29.4,20.6,0.0,,57.1,4
TXN-CRT-001-004299,2026-07-26 18:22:58,2026-07-26,Sunday,18,False,Traditional,7,CASH-107,Check,15,3,True,102.68,53.9,97.7,17.9,66.9,31.2,0.0,,213.8,4
TXN-CRT-001-004300,2026-07-26 18:23:56,2026-07-26,Sunday,18,False,Traditional,2,CASH-126,Cash,23,8,True,144.32,93.2,147.3,42.4,72.4,34.0,0.0,,296.2,4
TXN-CRT-001-004301,2026-07-26 18:27:47,2026-07-26,Sunday,18,False,Traditional,1,CASH-108,Cash,6,2,True,26.09,58.5,43.9,26.8,67.8,28.5,0.0,,167.0,4
TXN-CRT-001-004302,2026-07-26 18:28:31,2026-07-26,Sunday,18,False,Express (<10 items),13,CASH-142,Cash,21,6,True,125.7,39.2,111.2,19.4,26.0,19.7,0.0,,176.4,4
TXN-CRT-001-004303,2026-07-26 18:39:49,2026-07-26,Sunday,18,False,Traditional,1,CASH-124,Flous (Mobile),4,4,True,30.7,90.3,26.2,16.8,24.6,16.2,0.0,,83.8,3
TXN-CRT-001-004304,2026-07-26 18:43:28,2026-07-26,Sunday,18,False,Traditional,3,CASH-127,Cash,7,1,True,29.46,58.5,22.4,17.8,38.6,19.2,0.0,,98.0,4
TXN-CRT-001-004305,2026-07-26 18:44:38,2026-07-26,Sunday,18,False,Traditional,7,CASH-126,Card (International),15,5,True,40.18,26.7,112.3,26.2,27.4,35.2,0.0,,201.1,4
TXN-CRT-001-004306,2026-07-26 18:47:51,2026-07-26,Sunday,18,False,Traditional,8,CASH-121,Cash,21,5,True,147.54,90.1,71.2,31.9,55.0,26.9,136.8,Item return/exchange,321.8,2
TXN-CRT-001-004307,2026-07-26 18:48:53,2026-07-26,Sunday,18,False,Traditional,2,CASH-130,Cash,6,1,True,34.48,33.4,37.6,27.5,59.5,39.8,0.0,,164.4,4
TXN-CRT-001-004308,2026-07-26 18:54:20,2026-07-26,Sunday,18,False,Traditional,3,CASH-126,Card (Local),7,1,True,23.0,19.3,45.0,43.3,29.6,19.1,0.0,,137.0,4
TXN-CRT-001-004309,2026-07-26 18:54:41,2026-07-26,Sunday,18,False,Traditional,4,CASH-120,Cash,7,3,True,49.1,24.0,34.2,24.0,40.9,28.0,0.0,,127.2,4
TXN-CRT-001-004310,2026-07-26 19:00:07,2026-07-26,Sunday,19,False,Traditional,7,CASH-101,Cash,8,2,True,60.23,30.9,37.8,17.1,59.7,29.2,0.0,,143.8,4
TXN-CRT-001-004311,2026-07-26 19:00:58,2026-07-26,Sunday,19,False,Traditional,1,CASH-126,Cash,8,3,True,50.97,14.2,35.1,18.4,56.8,36.4,0.0,,146.7,4
TXN-CRT-001-004312,2026-07-26 19:01:07,2026-07-26,Sunday,19,False,Express (<10 items),12,CASH-139,Cash,12,3,True,57.64,116.6,62.5,17.0,39.0,20.7,0.0,,139.3,4
TXN-CRT-001-004313,2026-07-26 19:03:51,2026-07-26,Sunday,19,False,Traditional,1,CASH-116,Card (Local),21,4,True,147.01,9.4,88.7,20.9,29.3,27.8,0.0,,166.7,4
TXN-CRT-001-004314,2026-07-26 19:05:31,2026-07-26,Sunday,19,False,Self-Service,10,,Cash,14,3,True,107.97,73.2,167.5,68.2,54.3,46.0,0.0,,336.0,3
TXN-CRT-001-004315,2026-07-26 19:05:37,2026-07-26,Sunday,19,False,Express (<10 items),12,CASH-142,Card (Local),27,6,True,241.83,60.6,164.7,44.5,18.9,28.0,0.0,,256.1,4
TXN-CRT-001-004316,2026-07-26 19:14:46,2026-07-26,Sunday,19,False,Traditional,3,CASH-123,Cash,24,10,True,232.84,57.8,170.7,24.4,73.6,15.7,0.0,,284.4,4
TXN-CRT-001-004317,2026-07-26 19:18:01,2026-07-26,Sunday,19,False,Traditional,7,CASH-122,Card (International),6,0,False,32.52,66.7,18.1,0.0,41.9,15.8,0.0,,75.9,4
TXN-CRT-001-004318,2026-07-26 19:18:02,2026-07-26,Sunday,19,False,Traditional,2,CASH-133,Cash,2,2,True,11.12,42.3,7.5,41.5,64.9,33.1,0.0,,147.0,4
TXN-CRT-001-004319,2026-07-26 19:20:03,2026-07-26,Sunday,19,False,Traditional,6,CASH-126,Card (Local),36,15,True,318.05,73.4,126.8,39.5,20.5,16.6,0.0,,203.4,3
TXN-CRT-001-004320,2026-07-26 19:22:37,2026-07-26,Sunday,19,False,Traditional,4,CASH-108,Card (Local),4,4,True,17.57,45.3,18.8,39.1,27.7,27.1,0.0,,112.6,4
TXN-CRT-001-004321,2026-07-26 19:25:19,2026-07-26,Sunday,19,False,Traditional,3,CASH-129,Cash,6,1,True,45.88,36.1,19.9,17.2,49.0,37.1,0.0,,123.2,4
TXN-CRT-001-004322,2026-07-26 19:25:49,2026-07-26,Sunday,19,False,Express (<10 items),12,CASH-137,Flous (Mobile),1,1,True,6.12,9.5,7.5,36.8,25.9,18.5,0.0,,88.7,4
TXN-CRT-001-004323,2026-07-26 19:27:23,2026-07-26,Sunday,19,False,Traditional,8,CASH-106,Card (Local),20,4,True,121.52,62.5,111.0,18.0,31.9,27.4,0.0,,188.2,3
TXN-CRT-001-004324,2026-07-26 19:34:18,2026-07-26,Sunday,19,False,Traditional,7,CASH-104,Cash,18,1,True,50.66,63.4,69.1,38.0,29.0,23.5,0.0,,159.7,3
TXN-CRT-001-004325,2026-07-26 19:34:38,2026-07-26,Sunday,19,False,Traditional,5,CASH-128,Cash,49,10,True,290.98,48.4,240.1,25.1,26.0,38.3,0.0,,329.6,3
TXN-CRT-001-004326,2026-07-26 19:37:20,2026-07-26,Sunday,19,False,Express (<10 items),13,CASH-145,Check,37,14,True,216.03,84.4,140.5,19.3,74.4,31.6,0.0,,265.8,4
TXN-CRT-001-004327,2026-07-26 19:38:26,2026-07-26,Sunday,19,False,Traditional,7,CASH-127,Card (International),13,0,False,93.92,106.2,50.3,0.0,34.7,17.0,0.0,,102.1,4
TXN-CRT-001-004328,2026-07-26 19:41:48,2026-07-26,Sunday,19,False,Express (<10 items),13,CASH-143,Cash,12,3,True,39.55,32.1,78.6,24.6,55.5,24.8,0.0,,183.5,4
TXN-CRT-001-004329,2026-07-26 19:42:10,2026-07-26,Sunday,19,False,Traditional,4,CASH-125,Cash,10,1,True,34.66,75.3,38.8,29.5,74.5,22.9,0.0,,165.7,4
TXN-CRT-001-004330,2026-07-26 19:44:08,2026-07-26,Sunday,19,False,Traditional,6,CASH-115,Card (International),6,1,True,38.84,15.5,42.1,28.0,37.7,19.1,0.0,,126.8,4
TXN-CRT-001-004331,2026-07-26 19:44:18,2026-07-26,Sunday,19,False,Traditional,8,CASH-112,Card (Local),6,0,False,18.53,51.1,40.4,0.0,25.5,24.3,0.0,,90.2,4
TXN-CRT-001-004332,2026-07-26 19:51:22,2026-07-26,Sunday,19,False,Traditional,5,CASH-118,Card (International),6,3,True,23.43,42.6,28.9,35.3,49.3,18.1,118.6,Supervisor approval needed,250.1,3
TXN-CRT-001-004333,2026-07-26 19:57:11,2026-07-26,Sunday,19,False,Traditional,3,CASH-127,Cash,5,1,True,25.46,86.1,33.9,34.7,55.3,17.2,0.0,,140.9,3
TXN-CRT-001-004334,2026-07-26 20:00:17,2026-07-26,Sunday,20,False,Traditional,3,CASH-110,Card (Local),8,4,True,53.75,34.3,49.7,15.0,32.7,39.5,0.0,,136.9,4
TXN-CRT-001-004335,2026-07-26 20:03:48,2026-07-26,Sunday,20,False,Traditional,4,CASH-115,Cash,10,3,True,49.29,110.0,25.1,20.1,46.9,36.5,0.0,,128.7,4
TXN-CRT-001-004336,2026-07-26 20:17:12,2026-07-26,Sunday,20,False,Traditional,4,CASH-120,Cash,46,17,True,289.42,40.7,284.4,24.2,34.2,27.6,0.0,,370.4,4
TXN-CRT-001-004337,2026-07-26 20:21:59,2026-07-26,Sunday,20,False,Traditional,3,CASH-119,Card (Local),18,4,True,51.33,15.8,130.4,15.0,34.5,20.5,0.0,,200.4,4
TXN-CRT-001-004338,2026-07-26 20:27:06,2026-07-26,Sunday,20,False,Self-Service,9,,Check,49,13,True,353.66,10.5,454.3,51.0,54.3,46.9,0.0,,606.6,3
TXN-CRT-001-004339,2026-07-26 20:27:08,2026-07-26,Sunday,20,False,Traditional,3,CASH-113,Cash,12,3,True,31.6,80.6,63.8,37.1,29.4,34.1,0.0,,164.4,3
TXN-CRT-001-004340,2026-07-26 20:29:06,2026-07-26,Sunday,20,False,Traditional,1,CASH-128,Cash,14,3,True,56.96,14.1,73.0,37.0,66.6,30.0,0.0,,206.6,4
TXN-CRT-001-004341,2026-07-26 20:31:14,2026-07-26,Sunday,20,False,Traditional,2,CASH-112,Card (Local),11,4,True,43.16,68.8,65.8,33.1,21.3,19.5,0.0,,139.6,3
TXN-CRT-001-004342,2026-07-26 20:40:29,2026-07-26,Sunday,20,False,Traditional,5,CASH-133,Card (Local),7,2,True,51.97,79.6,37.8,20.0,27.4,38.3,0.0,,123.5,3
TXN-CRT-001-004343,2026-07-26 20:42:33,2026-07-26,Sunday,20,False,Traditional,5,CASH-121,Flous (Mobile),6,2,True,32.2,26.3,15.8,35.6,29.4,24.3,0.0,,105.0,4
TXN-CRT-001-004344,2026-07-26 20:47:41,2026-07-26,Sunday,20,False,Traditional,3,CASH-106,Card (International),44,13,True,339.97,59.6,284.4,30.9,44.7,22.2,0.0,,382.1,3
TXN-CRT-001-004345,2026-07-26 20:55:44,2026-07-26,Sunday,20,False,Traditional,6,CASH-123,Cash,49,10,True,262.51,134.8,292.4,26.6,41.2,15.1,0.0,,375.4,3
TXN-CRT-001-004346,2026-07-26 20:59:18,2026-07-26,Sunday,20,False,Traditional,3,CASH-127,Check,2,1,True,9.1,43.3,12.5,27.6,50.3,37.8,0.0,,128.1,4
TXN-CRT-001-004347,2026-07-26 21:08:39,2026-07-26,Sunday,21,False,Traditional,3,CASH-112,Card (International),6,1,True,45.21,11.7,18.9,20.2,49.5,24.3,0.0,,112.8,4
TXN-CRT-001-004348,2026-07-26 21:10:39,2026-07-26,Sunday,21,False,Traditional,3,CASH-134,Flous (Mobile),13,3,True,38.55,30.0,41.5,27.6,26.1,21.0,0.0,,116.2,4
TXN-CRT-001-004349,2026-07-26 21:18:27,2026-07-26,Sunday,21,False,Traditional,6,CASH-114,Card (Local),7,2,True,18.97,146.2,43.1,15.1,22.8,37.6,0.0,,118.6,3
TXN-CRT-001-004350,2026-07-26 21:26:16,2026-07-26,Sunday,21,False,Traditional,7,CASH-132,Flous (Mobile),12,8,True,73.11,84.0,74.3,34.3,24.6,22.2,0.0,,155.5,3
TXN-CRT-001-004351,2026-07-26 21:30:48,2026-07-26,Sunday,21,False,Traditional,1,CASH-119,Cash,6,0,False,20.17,17.7,34.8,0.0,46.2,19.4,0.0,,100.4,4
TXN-CRT-001-004352,2026-07-26 21:39:10,2026-07-26,Sunday,21,False,Traditional,7,CASH-129,Cash,14,1,True,110.56,104.4,52.7,28.2,25.1,39.5,0.0,,145.5,4
TXN-CRT-001-004353,2026-07-26 21:41:52,2026-07-26,Sunday,21,False,Traditional,3,CASH-129,Flous (Mobile),9,1,True,46.45,108.4,53.1,30.1,29.6,16.8,68.3,Promo code issue,197.8,3
TXN-CRT-001-004354,2026-07-26 21:56:27,2026-07-26,Sunday,21,False,Express (<10 items),13,CASH-140,Cash,11,2,True,34.68,34.6,71.0,35.3,46.4,17.8,0.0,,170.6,4
TXN-CRT-001-004355,2026-07-27 08:09:15,2026-07-27,Monday,8,False,Traditional,4,CASH-105,Cash,4,2,True,24.14,15.3,21.8,32.9,66.9,30.3,0.0,,151.9,4
TXN-CRT-001-004356,2026-07-27 08:13:37,2026-07-27,Monday,8,False,Traditional,6,CASH-132,Card (International),13,5,True,55.43,98.2,75.3,37.7,44.7,20.6,0.0,,178.3,3
TXN-CRT-001-004357,2026-07-27 08:21:43,2026-07-27,Monday,8,False,Traditional,1,CASH-114,Flous (Mobile),49,14,True,293.46,158.9,310.1,22.4,23.9,19.9,0.0,,376.3,3
TXN-CRT-001-004358,2026-07-27 08:22:14,2026-07-27,Monday,8,False,Traditional,7,CASH-115,Cash,11,5,True,34.44,26.9,51.1,30.4,52.6,34.9,0.0,,169.0,4
TXN-CRT-001-004359,2026-07-27 08:38:48,2026-07-27,Monday,8,False,Traditional,4,CASH-116,Flous (Mobile),36,8,True,271.34,80.6,232.4,19.5,30.3,39.0,0.0,,321.1,3
TXN-CRT-001-004360,2026-07-27 09:13:18,2026-07-27,Monday,9,False,Traditional,8,CASH-127,Card (Local),32,5,True,176.46,27.5,219.3,28.0,27.2,37.8,0.0,,312.2,4
TXN-CRT-001-004361,2026-07-27 09:17:37,2026-07-27,Monday,9,False,Traditional,4,CASH-104,Card (Local),45,7,True,418.62,26.5,153.1,19.3,23.7,27.3,0.0,,223.3,4
TXN-CRT-001-004362,2026-07-27 09:20:25,2026-07-27,Monday,9,False,Traditional,2,CASH-108,Flous (Mobile),28,9,True,242.91,59.8,154.4,36.3,32.3,27.0,0.0,,250.1,4
TXN-CRT-001-004363,2026-07-27 09:45:59,2026-07-27,Monday,9,False,Traditional,2,CASH-104,Cash,21,6,True,97.87,24.0,76.9,34.0,31.7,29.5,0.0,,172.1,4
TXN-CRT-001-004364,2026-07-27 09:50:10,2026-07-27,Monday,9,False,Traditional,1,CASH-131,Cash,34,10,True,226.03,47.3,149.1,30.5,71.2,29.9,59.5,Supervisor approval needed,340.2,3
TXN-CRT-001-004365,2026-07-27 10:10:44,2026-07-27,Monday,10,False,Traditional,5,CASH-135,Cash,4,1,True,11.83,110.7,28.6,20.3,70.4,34.5,0.0,,153.8,3
TXN-CRT-001-004366,2026-07-27 10:10:56,2026-07-27,Monday,10,False,Traditional,7,CASH-128,Cash,14,3,True,39.13,12.6,39.0,26.8,32.7,33.0,0.0,,131.6,4
TXN-CRT-001-004367,2026-07-27 10:27:53,2026-07-27,Monday,10,False,Traditional,8,CASH-131,Card (Local),49,18,True,291.89,88.0,277.1,20.6,19.5,16.4,0.0,,333.6,3
TXN-CRT-001-004368,2026-07-27 10:34:53,2026-07-27,Monday,10,False,Traditional,5,CASH-125,Card (International),26,3,True,182.86,56.4,124.4,44.4,45.2,28.5,0.0,,242.4,4
TXN-CRT-001-004369,2026-07-27 10:36:27,2026-07-27,Monday,10,False,Traditional,2,CASH-103,Card (International),46,14,True,299.98,67.4,216.9,36.4,42.5,27.1,0.0,,322.9,3
TXN-CRT-001-004370,2026-07-27 10:38:49,2026-07-27,Monday,10,False,Traditional,4,CASH-124,Card (Local),27,6,True,176.26,52.6,76.6,33.3,24.1,29.4,0.0,,163.4,4
TXN-CRT-001-004371,2026-07-27 10:39:58,2026-07-27,Monday,10,False,Traditional,1,CASH-114,Card (International),36,5,True,186.88,121.1,167.4,43.5,39.4,29.2,0.0,,279.5,3
TXN-CRT-001-004372,2026-07-27 10:41:01,2026-07-27,Monday,10,False,Traditional,8,CASH-119,Cash,23,7,True,182.44,64.7,99.1,35.8,39.0,31.7,0.0,,205.6,3
TXN-CRT-001-004373,2026-07-27 10:48:34,2026-07-27,Monday,10,False,Traditional,6,CASH-122,Cash,26,5,True,102.9,37.0,98.3,26.6,27.8,20.9,0.0,,173.6,4
TXN-CRT-001-004374,2026-07-27 10:48:50,2026-07-27,Monday,10,False,Traditional,4,CASH-103,Flous (Mobile),16,5,True,52.05,56.6,118.7,35.8,30.0,24.7,0.0,,209.2,4
TXN-CRT-001-004375,2026-07-27 11:03:06,2026-07-27,Monday,11,False,Traditional,5,CASH-114,Cash,42,12,True,270.77,35.4,217.7,38.4,30.6,28.4,0.0,,315.0,4
TXN-CRT-001-004376,2026-07-27 11:03:15,2026-07-27,Monday,11,False,Traditional,2,CASH-122,Cash,30,8,True,133.77,28.1,134.0,21.3,54.0,15.5,0.0,,224.9,4
TXN-CRT-001-004377,2026-07-27 11:08:33,2026-07-27,Monday,11,False,Traditional,6,CASH-107,Card (Local),32,10,True,196.63,103.6,138.3,29.2,22.5,25.1,0.0,,215.0,3
TXN-CRT-001-004378,2026-07-27 11:09:19,2026-07-27,Monday,11,False,Traditional,3,CASH-128,Cash,22,6,True,193.61,35.6,115.6,29.3,32.4,24.9,0.0,,202.1,4
TXN-CRT-001-004379,2026-07-27 11:19:06,2026-07-27,Monday,11,False,Traditional,1,CASH-124,Flous (Mobile),10,2,True,45.52,9.8,41.1,15.3,22.8,38.2,0.0,,117.5,4
TXN-CRT-001-004380,2026-07-27 11:21:13,2026-07-27,Monday,11,False,Traditional,2,CASH-120,Cash,2,1,True,7.16,67.9,13.4,30.2,60.6,23.9,0.0,,128.2,3
TXN-CRT-001-004381,2026-07-27 11:24:42,2026-07-27,Monday,11,False,Traditional,4,CASH-135,Cash,43,11,True,206.71,37.2,277.8,15.8,56.1,29.7,0.0,,379.4,4
TXN-CRT-001-004382,2026-07-27 11:31:38,2026-07-27,Monday,11,False,Traditional,7,CASH-104,Cash,18,1,True,46.02,136.8,84.0,35.6,60.0,19.0,0.0,,198.7,3
TXN-CRT-001-004383,2026-07-27 11:36:08,2026-07-27,Monday,11,False,Traditional,3,CASH-126,Card (Local),10,4,True,79.35,76.0,38.4,38.9,34.8,32.3,0.0,,144.4,4
TXN-CRT-001-004384,2026-07-27 11:38:08,2026-07-27,Monday,11,False,Traditional,7,CASH-107,Cash,6,2,True,15.19,132.3,16.9,23.0,26.4,27.6,0.0,,94.0,3
TXN-CRT-001-004385,2026-07-27 11:38:16,2026-07-27,Monday,11,False,Self-Service,11,,Card (Local),31,10,True,252.46,86.6,205.5,44.2,32.2,48.5,0.0,,330.4,3
TXN-CRT-001-004386,2026-07-27 11:43:36,2026-07-27,Monday,11,False,Traditional,1,CASH-133,Flous (Mobile),32,11,True,256.66,105.5,238.6,40.2,32.4,24.8,0.0,,336.0,3
TXN-CRT-001-004387,2026-07-27 11:44:53,2026-07-27,Monday,11,False,Express (<10 items),13,CASH-140,Flous (Mobile),30,7,True,213.35,65.3,150.5,32.2,32.7,26.4,0.0,,241.9,3
TXN-CRT-001-004388,2026-07-27 11:45:34,2026-07-27,Monday,11,False,Traditional,7,CASH-125,Cash,20,5,True,147.58,90.6,64.1,27.9,68.5,24.5,0.0,,185.0,4
TXN-CRT-001-004389,2026-07-27 12:02:48,2026-07-27,Monday,12,False,Traditional,4,CASH-120,Cash,12,3,True,79.16,24.9,75.4,24.7,37.1,38.7,104.5,Supervisor approval needed,280.4,3
TXN-CRT-001-004390,2026-07-27 12:06:01,2026-07-27,Monday,12,False,Traditional,8,CASH-132,Card (Local),10,2,True,42.03,86.3,48.0,25.9,19.0,36.2,0.0,,129.1,3
TXN-CRT-001-004391,2026-07-27 12:10:27,2026-07-27,Monday,12,False,Traditional,6,CASH-125,Check,1,1,True,4.4,15.0,6.5,44.5,70.6,34.1,0.0,,155.7,4
TXN-CRT-001-004392,2026-07-27 12:16:37,2026-07-27,Monday,12,False,Traditional,7,CASH-101,Check,31,10,True,142.59,47.4,185.0,22.3,66.9,16.0,0.0,,290.2,4
TXN-CRT-001-004393,2026-07-27 12:24:53,2026-07-27,Monday,12,False,Traditional,2,CASH-134,Cash,4,0,False,21.07,31.1,15.0,0.0,37.0,28.9,0.0,,80.9,4
TXN-CRT-001-004394,2026-07-27 12:31:35,2026-07-27,Monday,12,False,Traditional,6,CASH-124,Card (Local),20,5,True,99.78,60.0,117.7,18.5,25.4,37.3,144.3,Price check required,343.2,3
TXN-CRT-001-004395,2026-07-27 12:37:19,2026-07-27,Monday,12,False,Express (<10 items),13,CASH-143,Cash,16,9,True,74.9,34.9,84.8,16.6,45.1,36.5,0.0,,183.0,4
TXN-CRT-001-004396,2026-07-27 12:39:22,2026-07-27,Monday,12,False,Traditional,8,CASH-126,Cash,16,4,True,60.92,15.5,94.7,43.5,43.3,37.1,0.0,,218.7,4
TXN-CRT-001-004397,2026-07-27 12:40:54,2026-07-27,Monday,12,False,Traditional,1,CASH-120,Cash,42,13,True,321.31,14.2,224.4,41.0,69.7,18.9,0.0,,354.0,3
TXN-CRT-001-004398,2026-07-27 12:41:55,2026-07-27,Monday,12,False,Traditional,6,CASH-128,Cash,2,1,True,11.65,16.9,7.6,24.6,72.2,23.5,0.0,,127.8,4
TXN-CRT-001-004399,2026-07-27 12:45:22,2026-07-27,Monday,12,False,Traditional,6,CASH-102,Cash,27,6,True,206.59,61.2,84.7,24.1,73.6,39.6,0.0,,222.0,4
TXN-CRT-001-004400,2026-07-27 12:47:16,2026-07-27,Monday,12,False,Traditional,5,CASH-114,Cash,3,0,False,14.23,62.9,19.0,0.0,34.5,35.0,0.0,,88.5,3
TXN-CRT-001-004401,2026-07-27 12:51:19,2026-07-27,Monday,12,False,Traditional,2,CASH-125,Card (Local),2,1,True,12.59,34.8,8.7,17.6,25.6,29.1,0.0,,81.0,4
TXN-CRT-001-004402,2026-07-27 12:54:34,2026-07-27,Monday,12,False,Traditional,3,CASH-113,Cash,13,3,True,81.08,69.5,93.5,22.2,29.0,25.8,0.0,,170.4,4
TXN-CRT-001-004403,2026-07-27 13:01:05,2026-07-27,Monday,13,False,Traditional,2,CASH-111,Card (Local),3,1,True,12.41,43.9,21.2,29.4,23.9,31.5,0.0,,106.1,4
TXN-CRT-001-004404,2026-07-27 13:12:03,2026-07-27,Monday,13,False,Traditional,6,CASH-119,Cash,28,8,True,143.26,66.0,153.7,36.3,25.7,25.8,0.0,,241.4,3
TXN-CRT-001-004405,2026-07-27 13:13:23,2026-07-27,Monday,13,False,Express (<10 items),12,CASH-138,Cash,16,5,True,52.87,49.7,60.8,38.6,65.4,28.0,0.0,,192.7,4
TXN-CRT-001-004406,2026-07-27 13:15:02,2026-07-27,Monday,13,False,Traditional,7,CASH-135,Cash,2,0,False,13.68,88.6,5.4,0.0,65.3,31.2,154.1,Price check required,256.1,3
TXN-CRT-001-004407,2026-07-27 13:20:25,2026-07-27,Monday,13,False,Express (<10 items),13,CASH-142,Cash,2,0,False,10.96,14.7,11.6,0.0,55.1,35.8,0.0,,102.4,4
TXN-CRT-001-004408,2026-07-27 13:20:27,2026-07-27,Monday,13,False,Traditional,2,CASH-126,Card (Local),19,4,True,57.56,8.0,73.7,19.0,25.5,40.0,0.0,,158.1,4
TXN-CRT-001-004409,2026-07-27 13:24:27,2026-07-27,Monday,13,False,Traditional,2,CASH-112,Cash,29,7,True,119.16,44.2,159.9,32.4,53.3,18.4,0.0,,263.9,4
TXN-CRT-001-004410,2026-07-27 13:31:41,2026-07-27,Monday,13,False,Traditional,6,CASH-110,Cash,14,3,True,77.31,53.7,100.7,15.2,57.1,28.8,51.7,Promo code issue,253.5,3
TXN-CRT-001-004411,2026-07-27 13:35:09,2026-07-27,Monday,13,False,Traditional,6,CASH-132,Cash,17,4,True,54.86,19.9,73.0,24.6,68.2,29.0,0.0,,194.9,4
TXN-CRT-001-004412,2026-07-27 13:35:59,2026-07-27,Monday,13,False,Traditional,7,CASH-107,Card (Local),29,4,True,122.93,23.2,88.0,17.9,29.1,16.3,0.0,,151.3,4
TXN-CRT-001-004413,2026-07-27 13:36:07,2026-07-27,Monday,13,False,Traditional,5,CASH-110,Card (International),19,5,True,125.91,74.6,99.4,37.3,38.2,25.5,0.0,,200.5,4
TXN-CRT-001-004414,2026-07-27 13:37:36,2026-07-27,Monday,13,False,Traditional,1,CASH-106,Cash,8,2,True,24.41,75.9,57.4,17.0,73.7,21.8,161.1,Promo code issue,331.0,2
TXN-CRT-001-004415,2026-07-27 13:39:06,2026-07-27,Monday,13,False,Traditional,2,CASH-130,Cash,19,5,True,73.06,42.8,137.2,39.9,42.7,22.7,145.6,Payment terminal error,388.0,2
TXN-CRT-001-004416,2026-07-27 13:41:16,2026-07-27,Monday,13,False,Traditional,7,CASH-115,Cash,20,5,True,91.28,11.0,114.1,43.3,59.4,24.3,0.0,,241.1,4
TXN-CRT-001-004417,2026-07-27 13:41:38,2026-07-27,Monday,13,False,Traditional,4,CASH-127,Card (Local),25,5,True,114.96,72.5,100.8,29.2,23.7,24.5,0.0,,178.1,4
TXN-CRT-001-004418,2026-07-27 13:45:03,2026-07-27,Monday,13,False,Traditional,6,CASH-125,Cash,20,8,True,66.38,53.2,135.8,42.8,27.4,24.3,0.0,,230.2,4
TXN-CRT-001-004419,2026-07-27 13:46:26,2026-07-27,Monday,13,False,Traditional,8,CASH-122,Card (Local),47,9,True,195.1,31.6,254.8,45.0,22.6,24.8,0.0,,347.2,4
TXN-CRT-001-004420,2026-07-27 13:47:03,2026-07-27,Monday,13,False,Traditional,8,CASH-128,Cash,7,2,True,38.56,95.1,17.9,17.9,67.0,37.7,0.0,,140.5,3
TXN-CRT-001-004421,2026-07-27 13:48:11,2026-07-27,Monday,13,False,Traditional,6,CASH-127,Flous (Mobile),45,15,True,236.17,3.9,275.8,42.5,21.1,24.9,0.0,,364.2,4
TXN-CRT-001-004422,2026-07-27 13:50:25,2026-07-27,Monday,13,False,Express (<10 items),12,CASH-143,Card (Local),17,4,True,45.45,47.6,78.3,40.4,32.1,15.7,0.0,,166.5,4
TXN-CRT-001-004423,2026-07-27 14:22:59,2026-07-27,Monday,14,False,Traditional,1,CASH-115,Card (Local),22,8,True,153.39,73.2,57.3,30.3,24.1,24.3,0.0,,136.1,4
TXN-CRT-001-004424,2026-07-27 14:39:02,2026-07-27,Monday,14,False,Traditional,8,CASH-104,Cash,4,0,False,26.09,15.1,16.6,0.0,51.9,29.4,0.0,,97.9,4
TXN-CRT-001-004425,2026-07-27 14:53:08,2026-07-27,Monday,14,False,Traditional,1,CASH-125,Check,12,3,True,88.18,13.7,58.6,36.0,52.4,17.4,0.0,,164.4,4
TXN-CRT-001-004426,2026-07-27 14:59:55,2026-07-27,Monday,14,False,Traditional,3,CASH-103,Card (International),26,6,True,212.49,145.0,128.4,21.8,28.8,29.2,0.0,,208.1,3
TXN-CRT-001-004427,2026-07-27 15:06:04,2026-07-27,Monday,15,False,Traditional,1,CASH-132,Cash,23,1,True,207.27,75.3,138.6,24.8,32.6,32.3,0.0,,228.3,4
TXN-CRT-001-004428,2026-07-27 15:36:46,2026-07-27,Monday,15,False,Traditional,5,CASH-111,Flous (Mobile),2,0,False,7.44,121.7,10.7,0.0,38.6,24.7,0.0,,73.9,3
TXN-CRT-001-004429,2026-07-27 15:44:43,2026-07-27,Monday,15,False,Traditional,3,CASH-132,Cash,17,4,True,121.14,90.5,92.9,15.8,47.8,37.7,0.0,,194.1,4
TXN-CRT-001-004430,2026-07-27 15:47:38,2026-07-27,Monday,15,False,Traditional,7,CASH-132,Flous (Mobile),4,1,True,15.23,62.0,11.4,37.9,37.4,19.7,0.0,,106.4,3
TXN-CRT-001-004431,2026-07-27 16:12:22,2026-07-27,Monday,16,False,Traditional,3,CASH-111,Flous (Mobile),50,17,True,340.52,157.8,182.0,17.4,21.5,30.8,95.5,Payment terminal error,347.2,2
TXN-CRT-001-004432,2026-07-27 16:14:03,2026-07-27,Monday,16,False,Traditional,1,CASH-113,Cash,39,6,True,192.24,57.2,246.1,19.0,49.2,19.8,0.0,,334.1,3
TXN-CRT-001-004433,2026-07-27 16:32:06,2026-07-27,Monday,16,False,Traditional,2,CASH-127,Card (Local),1,0,False,5.13,44.7,5.3,0.0,31.3,38.7,0.0,,75.3,4
TXN-CRT-001-004434,2026-07-27 16:34:43,2026-07-27,Monday,16,False,Self-Service,11,,Cash,34,8,True,173.74,90.6,167.7,42.6,38.2,49.3,0.0,,297.8,3
TXN-CRT-001-004435,2026-07-27 16:51:33,2026-07-27,Monday,16,False,Traditional,8,CASH-124,Cash,41,10,True,170.29,96.2,212.0,38.0,25.7,22.7,0.0,,298.4,3
TXN-CRT-001-004436,2026-07-27 17:02:08,2026-07-27,Monday,17,False,Traditional,2,CASH-129,Cash,11,4,True,63.35,68.5,38.3,41.5,50.7,21.6,0.0,,152.1,3
TXN-CRT-001-004437,2026-07-27 17:07:55,2026-07-27,Monday,17,False,Traditional,3,CASH-127,Card (Local),24,6,True,149.59,31.6,103.7,24.6,34.4,37.7,0.0,,200.4,4
TXN-CRT-001-004438,2026-07-27 17:13:25,2026-07-27,Monday,17,False,Traditional,2,CASH-105,Cash,14,1,True,72.12,90.3,88.2,16.0,57.9,23.3,0.0,,185.5,3
TXN-CRT-001-004439,2026-07-27 17:20:58,2026-07-27,Monday,17,False,Express (<10 items),12,CASH-140,Cash,21,6,True,79.22,31.1,56.6,42.2,53.8,23.7,0.0,,176.4,4
TXN-CRT-001-004440,2026-07-27 17:22:57,2026-07-27,Monday,17,False,Traditional,5,CASH-130,Card (Local),11,4,True,35.33,50.9,69.0,31.3,23.6,35.8,0.0,,159.7,4
TXN-CRT-001-004441,2026-07-27 17:27:50,2026-07-27,Monday,17,False,Self-Service,9,,Cash,10,2,True,39.13,23.1,40.3,35.5,52.2,40.6,0.0,,168.6,4
TXN-CRT-001-004442,2026-07-27 17:31:09,2026-07-27,Monday,17,False,Traditional,4,CASH-128,Cash,13,3,True,83.78,24.4,54.1,31.2,53.0,16.2,0.0,,154.6,4
TXN-CRT-001-004443,2026-07-27 17:33:02,2026-07-27,Monday,17,False,Traditional,4,CASH-127,Cash,6,0,False,40.76,43.7,33.6,0.0,70.5,35.0,0.0,,139.2,4
TXN-CRT-001-004444,2026-07-27 17:35:09,2026-07-27,Monday,17,False,Traditional,7,CASH-123,Cash,31,6,True,317.09,63.4,189.7,18.2,39.1,28.3,0.0,,275.3,3
TXN-CRT-001-004445,2026-07-27 17:48:08,2026-07-27,Monday,17,False,Traditional,7,CASH-131,Cash,11,2,True,55.13,153.9,71.9,25.4,62.9,30.9,0.0,,191.1,3
TXN-CRT-001-004446,2026-07-27 17:50:07,2026-07-27,Monday,17,False,Express (<10 items),13,CASH-137,Cash,13,3,True,63.51,28.9,35.5,27.8,29.6,29.9,0.0,,122.8,4
TXN-CRT-001-004447,2026-07-27 17:52:52,2026-07-27,Monday,17,False,Traditional,8,CASH-127,Check,38,13,True,193.13,52.3,143.0,28.6,41.8,36.7,0.0,,250.1,4
TXN-CRT-001-004448,2026-07-27 17:55:29,2026-07-27,Monday,17,False,Traditional,7,CASH-117,Card (Local),15,4,True,103.03,45.5,64.8,40.3,33.5,24.8,0.0,,163.3,4
TXN-CRT-001-004449,2026-07-27 17:55:35,2026-07-27,Monday,17,False,Traditional,1,CASH-102,Cash,17,3,True,116.78,65.2,73.3,40.7,40.7,23.3,0.0,,178.0,3
TXN-CRT-001-004450,2026-07-27 17:56:55,2026-07-27,Monday,17,False,Traditional,8,CASH-111,Cash,45,9,True,348.92,38.8,255.1,27.0,49.9,35.1,0.0,,367.0,3
TXN-CRT-001-004451,2026-07-27 17:58:15,2026-07-27,Monday,17,False,Traditional,4,CASH-111,Cash,37,8,True,188.57,76.3,159.2,33.6,42.6,30.0,0.0,,265.4,3
TXN-CRT-001-004452,2026-07-27 18:00:21,2026-07-27,Monday,18,False,Traditional,2,CASH-126,Card (Local),7,2,True,35.16,21.8,25.5,23.4,31.2,18.3,0.0,,98.4,4
TXN-CRT-001-004453,2026-07-27 18:02:23,2026-07-27,Monday,18,False,Traditional,3,CASH-108,Cash,15,3,True,81.15,48.9,79.6,40.0,34.1,24.5,0.0,,178.2,4
TXN-CRT-001-004454,2026-07-27 18:02:36,2026-07-27,Monday,18,False,Traditional,7,CASH-109,Cash,47,11,True,165.03,62.7,237.4,24.3,57.3,28.2,0.0,,347.2,3
TXN-CRT-001-004455,2026-07-27 18:13:56,2026-07-27,Monday,18,False,Self-Service,10,,Flous (Mobile),12,3,True,81.55,100.1,94.1,46.0,24.4,30.1,0.0,,194.6,3
TXN-CRT-001-004456,2026-07-27 18:15:10,2026-07-27,Monday,18,False,Traditional,8,CASH-113,Cash,12,2,True,79.73,77.3,69.6,37.6,35.0,31.5,0.0,,173.6,4
TXN-CRT-001-004457,2026-07-27 18:17:05,2026-07-27,Monday,18,False,Traditional,4,CASH-117,Cash,7,0,False,41.46,48.1,24.5,0.0,58.9,19.9,0.0,,103.3,4
TXN-CRT-001-004458,2026-07-27 18:17:40,2026-07-27,Monday,18,False,Traditional,2,CASH-117,Flous (Mobile),5,0,False,34.46,24.5,32.9,0.0,38.9,37.4,0.0,,109.2,4
TXN-CRT-001-004459,2026-07-27 18:18:01,2026-07-27,Monday,18,False,Traditional,3,CASH-122,Card (Local),25,5,True,139.86,166.5,125.8,29.2,23.1,26.4,0.0,,204.5,3
TXN-CRT-001-004460,2026-07-27 18:19:25,2026-07-27,Monday,18,False,Traditional,3,CASH-129,Cash,27,4,True,177.79,27.4,174.0,28.4,62.4,20.7,0.0,,285.4,4
TXN-CRT-001-004461,2026-07-27 18:21:50,2026-07-27,Monday,18,False,Traditional,8,CASH-112,Card (Local),47,10,True,197.87,16.5,307.0,18.3,31.0,16.9,0.0,,373.2,3
TXN-CRT-001-004462,2026-07-27 18:24:41,2026-07-27,Monday,18,False,Traditional,7,CASH-118,Cash,27,8,True,187.12,29.9,184.6,31.7,69.1,23.7,0.0,,309.1,3
TXN-CRT-001-004463,2026-07-27 18:25:35,2026-07-27,Monday,18,False,Express (<10 items),12,CASH-140,Card (Local),8,3,True,46.4,13.4,44.6,43.4,31.8,31.5,0.0,,151.4,4
TXN-CRT-001-004464,2026-07-27 18:28:39,2026-07-27,Monday,18,False,Traditional,8,CASH-106,Cash,2,1,True,9.99,62.2,11.3,37.5,59.8,32.0,0.0,,140.7,4
TXN-CRT-001-004465,2026-07-27 18:30:10,2026-07-27,Monday,18,False,Traditional,6,CASH-130,Card (International),49,15,True,291.03,47.9,251.8,24.2,31.8,36.6,0.0,,344.5,4
TXN-CRT-001-004466,2026-07-27 18:30:10,2026-07-27,Monday,18,False,Traditional,8,CASH-128,Check,11,2,True,54.49,40.6,53.7,32.2,61.0,33.6,0.0,,180.6,4
TXN-CRT-001-004467,2026-07-27 18:32:27,2026-07-27,Monday,18,False,Traditional,7,CASH-118,Flous (Mobile),10,4,True,62.64,44.4,42.1,29.6,31.4,36.2,0.0,,139.3,4
TXN-CRT-001-004468,2026-07-27 18:43:08,2026-07-27,Monday,18,False,Traditional,6,CASH-135,Flous (Mobile),40,9,True,190.91,31.4,201.4,22.3,25.8,18.7,0.0,,268.2,4
TXN-CRT-001-004469,2026-07-27 18:52:50,2026-07-27,Monday,18,False,Express (<10 items),12,CASH-138,Cash,18,4,True,94.6,7.1,88.7,22.8,40.7,29.6,0.0,,181.8,4
TXN-CRT-001-004470,2026-07-27 18:55:20,2026-07-27,Monday,18,False,Self-Service,11,,Cash,8,2,True,38.27,90.7,36.6,70.8,46.6,29.3,0.0,,183.4,3
TXN-CRT-001-004471,2026-07-27 18:55:27,2026-07-27,Monday,18,False,Self-Service,9,,Cash,38,6,True,170.09,33.9,178.2,67.6,27.4,45.0,0.0,,318.2,4
TXN-CRT-001-004472,2026-07-27 18:57:20,2026-07-27,Monday,18,False,Express (<10 items),13,CASH-142,Card (Local),50,19,True,329.83,14.0,201.7,24.1,23.5,40.0,0.0,,289.4,4
TXN-CRT-001-004473,2026-07-27 19:02:22,2026-07-27,Monday,19,False,Traditional,4,CASH-107,Flous (Mobile),4,0,False,12.96,9.4,29.2,0.0,36.9,15.5,0.0,,81.6,4
TXN-CRT-001-004474,2026-07-27 19:03:14,2026-07-27,Monday,19,False,Traditional,2,CASH-120,Cash,35,8,True,234.58,113.6,154.2,17.9,46.8,31.8,0.0,,250.7,4
TXN-CRT-001-004475,2026-07-27 19:03:28,2026-07-27,Monday,19,False,Traditional,2,CASH-134,Flous (Mobile),12,2,True,90.96,36.9,86.7,44.8,27.0,26.9,0.0,,185.4,4
TXN-CRT-001-004476,2026-07-27 19:08:41,2026-07-27,Monday,19,False,Traditional,7,CASH-105,Card (International),16,2,True,78.77,36.2,74.0,44.2,31.8,33.1,0.0,,183.0,4
TXN-CRT-001-004477,2026-07-27 19:09:46,2026-07-27,Monday,19,False,Traditional,6,CASH-102,Check,41,7,True,173.35,67.4,157.3,33.9,65.3,15.4,46.7,Barcode not scanning,318.6,3
TXN-CRT-001-004478,2026-07-27 19:10:25,2026-07-27,Monday,19,False,Traditional,5,CASH-122,Flous (Mobile),47,7,True,243.9,31.6,230.8,18.1,39.1,37.6,0.0,,325.5,4
TXN-CRT-001-004479,2026-07-27 19:12:08,2026-07-27,Monday,19,False,Traditional,4,CASH-131,Cash,9,1,True,27.37,13.1,48.7,18.0,54.1,32.3,0.0,,153.1,4
TXN-CRT-001-004480,2026-07-27 19:12:59,2026-07-27,Monday,19,False,Traditional,1,CASH-133,Cash,8,3,True,43.96,29.0,41.3,20.7,49.3,20.3,0.0,,131.6,4
TXN-CRT-001-004481,2026-07-27 19:13:15,2026-07-27,Monday,19,False,Traditional,6,CASH-105,Cash,4,1,True,28.75,57.3,29.1,29.0,54.7,25.7,160.3,Price check required,298.9,4
TXN-CRT-001-004482,2026-07-27 19:14:45,2026-07-27,Monday,19,False,Traditional,3,CASH-116,Cash,18,2,True,92.3,28.9,93.2,22.2,51.0,37.1,0.0,,203.5,4
TXN-CRT-001-004483,2026-07-27 19:16:44,2026-07-27,Monday,19,False,Traditional,4,CASH-114,Card (Local),1,0,False,4.08,23.6,5.2,0.0,27.0,36.4,0.0,,68.6,4
TXN-CRT-001-004484,2026-07-27 19:19:13,2026-07-27,Monday,19,False,Traditional,2,CASH-134,Card (International),13,8,True,103.48,18.8,96.1,34.6,25.6,29.9,169.2,Barcode not scanning,355.4,3
TXN-CRT-001-004485,2026-07-27 19:19:17,2026-07-27,Monday,19,False,Traditional,3,CASH-102,Flous (Mobile),3,0,False,10.24,63.2,18.4,0.0,27.7,21.3,33.3,Price check required,100.6,3
TXN-CRT-001-004486,2026-07-27 19:22:26,2026-07-27,Monday,19,False,Traditional,1,CASH-132,Card (Local),13,2,True,42.49,56.1,57.0,15.1,24.1,33.1,0.0,,129.3,4
TXN-CRT-001-004487,2026-07-27 19:26:04,2026-07-27,Monday,19,False,Traditional,3,CASH-101,Cash,2,2,True,12.56,69.1,11.1,30.3,66.9,27.0,0.0,,135.4,3
TXN-CRT-001-004488,2026-07-27 19:29:06,2026-07-27,Monday,19,False,Traditional,2,CASH-115,Cash,31,6,True,301.35,40.8,81.9,29.8,66.2,21.0,0.0,,198.9,4
TXN-CRT-001-004489,2026-07-27 19:29:44,2026-07-27,Monday,19,False,Traditional,2,CASH-116,Cash,8,2,True,32.7,33.6,52.3,28.7,33.3,34.6,0.0,,148.9,4
TXN-CRT-001-004490,2026-07-27 19:43:23,2026-07-27,Monday,19,False,Traditional,6,CASH-108,Cash,11,2,True,50.54,24.6,51.0,40.7,28.0,35.8,0.0,,155.4,4
TXN-CRT-001-004491,2026-07-27 19:45:21,2026-07-27,Monday,19,False,Traditional,1,CASH-123,Cash,35,13,True,138.58,37.1,201.1,41.7,41.6,16.2,0.0,,300.6,3
TXN-CRT-001-004492,2026-07-27 19:52:44,2026-07-27,Monday,19,False,Traditional,6,CASH-126,Cash,25,11,True,159.14,10.1,107.1,24.8,32.0,25.5,0.0,,189.4,4
TXN-CRT-001-004493,2026-07-27 19:55:27,2026-07-27,Monday,19,False,Traditional,8,CASH-127,Cash,8,3,True,41.75,59.2,56.4,22.8,35.3,39.1,0.0,,153.7,4
TXN-CRT-001-004494,2026-07-27 20:07:40,2026-07-27,Monday,20,False,Traditional,7,CASH-131,Cash,3,0,False,10.88,34.5,12.7,0.0,35.5,39.0,0.0,,87.1,4
TXN-CRT-001-004495,2026-07-27 20:07:50,2026-07-27,Monday,20,False,Traditional,5,CASH-101,Card (Local),24,5,True,126.64,98.1,82.8,24.2,24.3,19.9,0.0,,151.1,4
TXN-CRT-001-004496,2026-07-27 20:15:43,2026-07-27,Monday,20,False,Traditional,5,CASH-122,Cash,12,2,True,74.88,45.8,78.6,32.6,39.8,25.5,0.0,,176.5,4
TXN-CRT-001-004497,2026-07-27 20:19:17,2026-07-27,Monday,20,False,Traditional,8,CASH-113,Cash,26,9,True,122.67,6.9,172.1,36.5,55.5,30.6,0.0,,294.6,4
TXN-CRT-001-004498,2026-07-27 20:28:57,2026-07-27,Monday,20,False,Traditional,5,CASH-116,Cash,14,6,True,94.99,53.8,67.7,41.5,60.0,17.2,0.0,,186.4,4
TXN-CRT-001-004499,2026-07-27 20:30:01,2026-07-27,Monday,20,False,Traditional,8,CASH-103,Check,11,2,True,68.89,169.4,40.8,42.5,59.3,17.3,122.2,Price check required,282.2,3
TXN-CRT-001-004500,2026-07-27 20:44:31,2026-07-27,Monday,20,False,Traditional,1,CASH-135,Cash,14,4,True,48.41,63.0,84.1,28.0,46.0,32.9,0.0,,191.0,3
TXN-CRT-001-004501,2026-07-27 20:45:09,2026-07-27,Monday,20,False,Traditional,1,CASH-122,Cash,25,4,True,197.23,81.8,184.8,19.7,43.0,22.2,0.0,,269.7,4
TXN-CRT-001-004502,2026-07-27 20:46:01,2026-07-27,Monday,20,False,Traditional,1,CASH-106,Card (Local),39,9,True,194.5,105.2,181.0,16.3,20.2,33.8,0.0,,251.2,3
TXN-CRT-001-004503,2026-07-27 20:52:33,2026-07-27,Monday,20,False,Traditional,3,CASH-135,Card (Local),2,1,True,11.61,22.8,6.8,20.7,22.4,24.0,0.0,,73.9,4
TXN-CRT-001-004504,2026-07-27 20:53:26,2026-07-27,Monday,20,False,Traditional,7,CASH-113,Flous (Mobile),16,3,True,127.15,42.1,113.1,20.6,32.9,23.0,0.0,,189.6,4
TXN-CRT-001-004505,2026-07-27 20:57:57,2026-07-27,Monday,20,False,Traditional,8,CASH-135,Cash,2,0,False,13.11,23.8,8.7,0.0,70.2,29.1,0.0,,108.0,4
TXN-CRT-001-004506,2026-07-27 20:59:36,2026-07-27,Monday,20,False,Traditional,7,CASH-125,Cash,15,0,False,54.59,75.2,42.3,0.0,49.1,36.7,0.0,,128.1,3
TXN-CRT-001-004507,2026-07-27 21:14:19,2026-07-27,Monday,21,False,Traditional,5,CASH-104,Cash,37,11,True,316.06,24.0,202.9,33.7,47.9,25.0,0.0,,309.4,4
TXN-CRT-001-004508,2026-07-27 21:23:44,2026-07-27,Monday,21,False,Traditional,5,CASH-126,Card (Local),12,5,True,31.8,40.5,39.7,40.4,31.8,31.8,0.0,,143.7,4
TXN-CRT-001-004509,2026-07-27 21:25:28,2026-07-27,Monday,21,False,Traditional,7,CASH-126,Cash,43,16,True,205.48,79.7,179.1,28.1,51.8,25.7,0.0,,284.7,3
TXN-CRT-001-004510,2026-07-27 21:29:17,2026-07-27,Monday,21,False,Express (<10 items),13,CASH-138,Cash,20,6,True,109.25,74.6,79.3,21.3,61.8,17.0,0.0,,179.3,4
TXN-CRT-001-004511,2026-07-27 21:34:52,2026-07-27,Monday,21,False,Traditional,7,CASH-120,Card (Local),43,11,True,296.8,53.1,122.8,21.7,30.9,32.5,0.0,,208.0,4
TXN-CRT-001-004512,2026-07-28 08:02:30,2026-07-28,Tuesday,8,False,Traditional,5,CASH-124,Card (Local),26,5,True,269.66,106.0,111.3,21.3,31.2,34.6,0.0,,198.5,4
TXN-CRT-001-004513,2026-07-28 08:44:13,2026-07-28,Tuesday,8,False,Traditional,8,CASH-127,Cash,5,5,True,18.45,79.4,20.0,37.1,35.7,34.8,0.0,,127.7,4
TXN-CRT-001-004514,2026-07-28 08:44:39,2026-07-28,Tuesday,8,False,Traditional,8,CASH-106,Card (Local),8,2,True,44.25,29.1,51.0,24.9,31.3,22.2,0.0,,129.5,4
TXN-CRT-001-004515,2026-07-28 09:00:22,2026-07-28,Tuesday,9,False,Traditional,5,CASH-105,Card (Local),12,4,True,81.44,13.6,72.7,21.9,25.2,28.0,0.0,,147.9,4
TXN-CRT-001-004516,2026-07-28 09:05:09,2026-07-28,Tuesday,9,False,Traditional,2,CASH-103,Cash,7,2,True,26.41,21.8,41.8,25.9,43.6,22.2,158.6,Barcode not scanning,291.9,3
TXN-CRT-001-004517,2026-07-28 09:07:16,2026-07-28,Tuesday,9,False,Traditional,7,CASH-113,Cash,15,5,True,39.84,82.9,89.2,43.0,42.0,39.1,0.0,,213.2,3
TXN-CRT-001-004518,2026-07-28 09:18:23,2026-07-28,Tuesday,9,False,Self-Service,9,,Card (Local),15,0,False,82.16,62.5,134.3,0.0,22.9,31.4,0.0,,188.5,3
TXN-CRT-001-004519,2026-07-28 09:21:22,2026-07-28,Tuesday,9,False,Traditional,7,CASH-101,Card (Local),45,9,True,289.09,106.8,117.3,38.6,34.2,33.1,0.0,,223.2,3
TXN-CRT-001-004520,2026-07-28 09:22:12,2026-07-28,Tuesday,9,False,Traditional,6,CASH-135,Cash,14,4,True,84.33,67.2,91.6,37.0,32.6,33.7,0.0,,195.0,4
TXN-CRT-001-004521,2026-07-28 09:26:33,2026-07-28,Tuesday,9,False,Self-Service,10,,Cash,28,10,True,165.46,80.6,345.1,47.4,25.9,21.4,0.0,,439.7,3
TXN-CRT-001-004522,2026-07-28 09:30:36,2026-07-28,Tuesday,9,False,Traditional,1,CASH-129,Card (Local),44,12,True,379.92,58.6,118.6,21.4,18.3,19.5,0.0,,177.8,4
TXN-CRT-001-004523,2026-07-28 09:57:51,2026-07-28,Tuesday,9,False,Self-Service,10,,Flous (Mobile),36,8,True,235.04,28.2,201.5,60.3,21.9,44.4,0.0,,328.1,4
TXN-CRT-001-004524,2026-07-28 10:05:51,2026-07-28,Tuesday,10,False,Traditional,6,CASH-123,Card (Local),8,1,True,61.89,27.1,29.0,20.7,27.4,37.8,0.0,,114.9,4
TXN-CRT-001-004525,2026-07-28 10:22:39,2026-07-28,Tuesday,10,False,Traditional,1,CASH-134,Cash,15,5,True,101.81,22.0,110.7,43.1,45.5,20.8,0.0,,220.0,4
TXN-CRT-001-004526,2026-07-28 10:29:56,2026-07-28,Tuesday,10,False,Traditional,1,CASH-125,Cash,11,4,True,70.27,28.3,68.4,37.4,30.7,21.6,0.0,,158.1,4
TXN-CRT-001-004527,2026-07-28 10:38:32,2026-07-28,Tuesday,10,False,Traditional,7,CASH-114,Flous (Mobile),13,4,True,100.28,108.6,63.4,25.1,20.7,23.0,0.0,,132.2,4
TXN-CRT-001-004528,2026-07-28 10:38:56,2026-07-28,Tuesday,10,False,Self-Service,9,,Cash,12,2,True,37.5,73.6,92.5,47.6,65.5,43.0,0.0,,248.5,3
TXN-CRT-001-004529,2026-07-28 10:40:36,2026-07-28,Tuesday,10,False,Traditional,6,CASH-102,Check,30,11,True,230.19,41.2,176.8,34.2,78.1,17.5,0.0,,306.6,3
TXN-CRT-001-004530,2026-07-28 10:47:03,2026-07-28,Tuesday,10,False,Traditional,6,CASH-117,Check,14,4,True,39.44,63.9,72.6,20.6,85.3,32.7,0.0,,211.1,4
TXN-CRT-001-004531,2026-07-28 10:49:31,2026-07-28,Tuesday,10,False,Traditional,4,CASH-104,Cash,16,5,True,69.03,63.2,67.0,38.8,45.7,32.0,0.0,,183.5,3
TXN-CRT-001-004532,2026-07-28 10:49:50,2026-07-28,Tuesday,10,False,Traditional,8,CASH-119,Flous (Mobile),48,10,True,202.75,114.9,292.1,39.7,31.3,19.7,161.8,Barcode not scanning,544.6,2
TXN-CRT-001-004533,2026-07-28 10:50:25,2026-07-28,Tuesday,10,False,Traditional,4,CASH-118,Cash,3,0,False,22.48,38.1,14.2,0.0,53.4,21.2,0.0,,88.7,4
TXN-CRT-001-004534,2026-07-28 10:51:48,2026-07-28,Tuesday,10,False,Traditional,1,CASH-107,Flous (Mobile),15,6,True,41.62,56.1,78.6,25.6,26.8,18.4,0.0,,149.5,4
TXN-CRT-001-004535,2026-07-28 10:54:35,2026-07-28,Tuesday,10,False,Traditional,7,CASH-125,Cash,27,3,True,238.95,81.1,194.3,36.9,46.9,34.5,0.0,,312.5,3
TXN-CRT-001-004536,2026-07-28 11:02:00,2026-07-28,Tuesday,11,False,Traditional,5,CASH-105,Cash,6,1,True,34.11,28.0,15.2,20.5,35.8,25.7,131.4,Supervisor approval needed,228.5,3
TXN-CRT-001-004537,2026-07-28 11:03:25,2026-07-28,Tuesday,11,False,Traditional,7,CASH-126,Card (Local),19,5,True,56.06,121.4,48.9,33.4,28.5,25.8,0.0,,136.6,3
TXN-CRT-001-004538,2026-07-28 11:04:28,2026-07-28,Tuesday,11,False,Traditional,3,CASH-126,Card (International),8,3,True,39.87,78.4,23.1,36.7,25.3,32.4,0.0,,117.6,4
TXN-CRT-001-004539,2026-07-28 11:05:37,2026-07-28,Tuesday,11,False,Traditional,8,CASH-107,Cash,35,7,True,141.61,21.8,251.6,44.7,53.5,30.2,0.0,,380.0,3
TXN-CRT-001-004540,2026-07-28 11:05:46,2026-07-28,Tuesday,11,False,Traditional,8,CASH-113,Card (Local),11,2,True,56.53,148.8,56.4,18.2,27.7,31.2,0.0,,133.4,3
TXN-CRT-001-004541,2026-07-28 11:18:03,2026-07-28,Tuesday,11,False,Traditional,2,CASH-101,Cash,11,5,True,58.87,106.1,62.0,23.7,73.5,37.8,0.0,,197.0,3
TXN-CRT-001-004542,2026-07-28 11:18:30,2026-07-28,Tuesday,11,False,Traditional,2,CASH-126,Cash,19,5,True,49.63,71.7,84.4,20.2,73.2,17.1,0.0,,194.9,4
TXN-CRT-001-004543,2026-07-28 11:26:02,2026-07-28,Tuesday,11,False,Traditional,6,CASH-113,Cash,7,0,False,38.15,8.0,17.8,0.0,32.1,17.3,0.0,,67.2,4
TXN-CRT-001-004544,2026-07-28 11:26:49,2026-07-28,Tuesday,11,False,Traditional,3,CASH-121,Cash,10,1,True,49.55,32.3,49.7,42.4,51.0,24.9,0.0,,168.0,4
TXN-CRT-001-004545,2026-07-28 11:27:43,2026-07-28,Tuesday,11,False,Traditional,7,CASH-119,Cash,13,8,True,74.21,53.4,92.4,28.6,41.7,20.1,0.0,,182.8,4
TXN-CRT-001-004546,2026-07-28 11:28:40,2026-07-28,Tuesday,11,False,Traditional,4,CASH-134,Cash,11,1,True,87.33,56.4,29.4,30.1,65.7,30.1,0.0,,155.4,4
TXN-CRT-001-004547,2026-07-28 11:31:13,2026-07-28,Tuesday,11,False,Traditional,6,CASH-123,Cash,16,4,True,75.24,50.3,74.8,28.0,69.4,28.3,0.0,,200.4,4
TXN-CRT-001-004548,2026-07-28 11:37:56,2026-07-28,Tuesday,11,False,Traditional,4,CASH-113,Cash,19,4,True,53.08,16.6,126.7,23.1,28.5,24.6,0.0,,202.8,4
TXN-CRT-001-004549,2026-07-28 11:42:25,2026-07-28,Tuesday,11,False,Traditional,1,CASH-127,Cash,18,7,True,126.91,39.6,50.3,35.1,45.3,36.6,0.0,,167.3,4
TXN-CRT-001-004550,2026-07-28 11:47:00,2026-07-28,Tuesday,11,False,Traditional,6,CASH-106,Check,21,7,True,138.05,42.7,84.5,33.5,82.1,20.2,0.0,,220.3,4
TXN-CRT-001-004551,2026-07-28 11:49:44,2026-07-28,Tuesday,11,False,Express (<10 items),13,CASH-136,Cash,10,3,True,58.71,6.3,41.0,38.7,62.5,17.0,0.0,,159.1,4
TXN-CRT-001-004552,2026-07-28 11:51:59,2026-07-28,Tuesday,11,False,Traditional,1,CASH-119,Check,6,0,False,41.07,71.3,28.2,0.0,43.3,16.1,0.0,,87.6,4
TXN-CRT-001-004553,2026-07-28 12:01:15,2026-07-28,Tuesday,12,False,Traditional,3,CASH-133,Card (Local),26,9,True,228.36,130.4,72.2,34.8,20.4,23.3,0.0,,150.7,3
TXN-CRT-001-004554,2026-07-28 12:01:42,2026-07-28,Tuesday,12,False,Self-Service,10,,Card (Local),33,8,True,282.25,45.0,310.1,82.0,27.3,38.3,0.0,,457.7,3
TXN-CRT-001-004555,2026-07-28 12:04:04,2026-07-28,Tuesday,12,False,Traditional,6,CASH-102,Card (Local),9,4,True,36.6,72.2,67.0,41.0,23.1,21.4,0.0,,152.5,4
TXN-CRT-001-004556,2026-07-28 12:09:22,2026-07-28,Tuesday,12,False,Traditional,2,CASH-133,Flous (Mobile),13,3,True,76.42,22.2,39.0,32.0,35.4,19.2,0.0,,125.6,4
TXN-CRT-001-004557,2026-07-28 12:13:19,2026-07-28,Tuesday,12,False,Traditional,3,CASH-101,Cash,15,5,True,89.0,61.3,63.4,41.1,71.7,25.8,0.0,,202.0,3
TXN-CRT-001-004558,2026-07-28 12:14:12,2026-07-28,Tuesday,12,False,Traditional,3,CASH-121,Cash,17,2,True,47.82,62.1,97.1,37.8,62.8,37.4,0.0,,235.2,3
TXN-CRT-001-004559,2026-07-28 12:14:42,2026-07-28,Tuesday,12,False,Express (<10 items),13,CASH-143,Card (Local),21,7,True,143.22,98.4,50.4,34.6,32.8,33.0,0.0,,150.9,3
TXN-CRT-001-004560,2026-07-28 12:24:36,2026-07-28,Tuesday,12,False,Express (<10 items),13,CASH-140,Card (Local),2,0,False,6.17,66.8,9.3,0.0,20.1,39.1,0.0,,68.6,3
TXN-CRT-001-004561,2026-07-28 12:25:08,2026-07-28,Tuesday,12,False,Traditional,4,CASH-134,Flous (Mobile),24,5,True,113.15,71.6,95.0,25.7,21.2,23.7,0.0,,165.7,3
TXN-CRT-001-004562,2026-07-28 12:26:31,2026-07-28,Tuesday,12,False,Traditional,7,CASH-132,Cash,3,0,False,21.59,28.8,18.1,0.0,58.7,27.0,0.0,,103.8,4
TXN-CRT-001-004563,2026-07-28 12:28:56,2026-07-28,Tuesday,12,False,Self-Service,10,,Card (Local),15,2,True,102.72,27.9,87.4,39.3,25.0,22.2,0.0,,173.9,4
TXN-CRT-001-004564,2026-07-28 12:29:32,2026-07-28,Tuesday,12,False,Traditional,4,CASH-124,Card (Local),31,6,True,287.28,110.5,202.1,24.1,20.3,32.3,0.0,,278.8,3
TXN-CRT-001-004565,2026-07-28 12:29:58,2026-07-28,Tuesday,12,False,Traditional,2,CASH-134,Cash,14,3,True,91.81,18.1,84.0,37.2,33.9,23.5,0.0,,178.6,4
TXN-CRT-001-004566,2026-07-28 12:36:00,2026-07-28,Tuesday,12,False,Self-Service,10,,Cash,6,3,True,33.25,32.1,51.7,35.0,51.8,22.5,0.0,,161.0,4
TXN-CRT-001-004567,2026-07-28 12:37:03,2026-07-28,Tuesday,12,False,Traditional,5,CASH-117,Card (Local),49,11,True,292.68,68.0,276.6,19.1,29.4,38.2,0.0,,363.4,3
TXN-CRT-001-004568,2026-07-28 12:40:02,2026-07-28,Tuesday,12,False,Traditional,6,CASH-104,Flous (Mobile),38,11,True,369.64,127.7,251.3,39.2,28.0,31.3,0.0,,349.7,3
TXN-CRT-001-004569,2026-07-28 12:41:30,2026-07-28,Tuesday,12,False,Traditional,7,CASH-111,Cash,27,4,True,181.3,134.5,92.6,38.8,72.4,25.8,0.0,,229.5,3
TXN-CRT-001-004570,2026-07-28 12:41:47,2026-07-28,Tuesday,12,False,Self-Service,10,,Flous (Mobile),13,4,True,77.68,4.3,49.2,47.2,23.0,43.5,0.0,,163.0,4
TXN-CRT-001-004571,2026-07-28 12:44:15,2026-07-28,Tuesday,12,False,Traditional,5,CASH-120,Cash,7,2,True,43.86,59.9,31.1,43.1,69.2,34.5,0.0,,177.9,4
TXN-CRT-001-004572,2026-07-28 12:45:17,2026-07-28,Tuesday,12,False,Traditional,7,CASH-116,Cash,44,17,True,404.13,47.3,243.2,29.6,33.1,30.2,0.0,,336.1,4
TXN-CRT-001-004573,2026-07-28 12:47:20,2026-07-28,Tuesday,12,False,Traditional,7,CASH-133,Cash,16,6,True,75.76,24.9,87.0,15.5,46.8,21.2,0.0,,170.3,4
TXN-CRT-001-004574,2026-07-28 12:49:09,2026-07-28,Tuesday,12,False,Traditional,4,CASH-130,Cash,33,8,True,206.24,3.9,99.3,39.9,40.9,16.9,0.0,,197.0,4
TXN-CRT-001-004575,2026-07-28 12:49:52,2026-07-28,Tuesday,12,False,Traditional,5,CASH-105,Cash,11,4,True,39.61,47.1,63.2,22.1,47.0,18.4,0.0,,150.7,4
TXN-CRT-001-004576,2026-07-28 12:50:56,2026-07-28,Tuesday,12,False,Traditional,6,CASH-114,Cash,11,1,True,33.19,17.8,76.7,22.2,54.9,15.0,0.0,,168.9,4
TXN-CRT-001-004577,2026-07-28 12:56:07,2026-07-28,Tuesday,12,False,Traditional,5,CASH-135,Card (Local),49,13,True,362.09,66.2,198.1,34.4,26.0,27.0,0.0,,285.4,4
TXN-CRT-001-004578,2026-07-28 13:00:31,2026-07-28,Tuesday,13,False,Traditional,5,CASH-110,Card (International),16,2,True,72.25,50.3,76.9,38.1,30.0,17.2,0.0,,162.0,4
TXN-CRT-001-004579,2026-07-28 13:04:23,2026-07-28,Tuesday,13,False,Express (<10 items),12,CASH-143,Cash,6,1,True,26.63,8.1,31.9,22.2,26.2,20.0,0.0,,100.3,4
TXN-CRT-001-004580,2026-07-28 13:16:51,2026-07-28,Tuesday,13,False,Traditional,5,CASH-115,Cash,8,1,True,55.99,41.3,33.5,26.5,70.6,25.4,0.0,,156.0,4
TXN-CRT-001-004581,2026-07-28 13:25:42,2026-07-28,Tuesday,13,False,Express (<10 items),13,CASH-141,Cash,15,5,True,98.95,13.2,60.3,20.7,70.3,16.7,0.0,,168.1,4
TXN-CRT-001-004582,2026-07-28 13:28:11,2026-07-28,Tuesday,13,False,Traditional,2,CASH-119,Card (Local),2,0,False,13.29,57.9,5.9,0.0,25.0,20.7,0.0,,51.6,4
TXN-CRT-001-004583,2026-07-28 13:29:49,2026-07-28,Tuesday,13,False,Traditional,5,CASH-117,Cash,14,5,True,42.96,76.4,72.8,38.7,40.1,18.5,0.0,,170.0,4
TXN-CRT-001-004584,2026-07-28 13:32:15,2026-07-28,Tuesday,13,False,Traditional,2,CASH-118,Cash,13,3,True,75.16,35.6,45.3,26.0,69.2,15.4,0.0,,156.0,4
TXN-CRT-001-004585,2026-07-28 13:40:55,2026-07-28,Tuesday,13,False,Traditional,7,CASH-122,Check,27,4,True,190.98,106.9,150.5,44.9,72.1,31.3,0.0,,298.8,4
TXN-CRT-001-004586,2026-07-28 13:43:15,2026-07-28,Tuesday,13,False,Express (<10 items),12,CASH-144,Card (International),11,4,True,82.79,58.7,51.4,25.7,34.5,23.6,0.0,,135.1,4
TXN-CRT-001-004587,2026-07-28 13:43:47,2026-07-28,Tuesday,13,False,Traditional,4,CASH-102,Cash,48,15,True,279.2,49.3,290.3,28.0,29.4,25.0,0.0,,372.7,4
TXN-CRT-001-004588,2026-07-28 13:43:54,2026-07-28,Tuesday,13,False,Traditional,5,CASH-122,Cash,7,3,True,49.81,49.9,49.2,20.9,29.2,38.2,0.0,,137.5,4
TXN-CRT-001-004589,2026-07-28 13:44:25,2026-07-28,Tuesday,13,False,Traditional,5,CASH-129,Cash,19,5,True,69.58,41.3,65.0,37.6,31.8,18.5,0.0,,152.9,4
TXN-CRT-001-004590,2026-07-28 13:45:02,2026-07-28,Tuesday,13,False,Traditional,8,CASH-113,Card (International),4,2,True,28.76,40.1,14.3,24.3,41.5,33.1,0.0,,113.2,4
TXN-CRT-001-004591,2026-07-28 13:48:40,2026-07-28,Tuesday,13,False,Traditional,5,CASH-104,Cash,25,8,True,219.09,17.3,136.9,37.9,53.4,32.8,0.0,,261.0,4
TXN-CRT-001-004592,2026-07-28 13:55:54,2026-07-28,Tuesday,13,False,Traditional,4,CASH-108,Cash,50,9,True,392.15,122.6,226.6,44.2,47.8,28.7,0.0,,347.3,3
TXN-CRT-001-004593,2026-07-28 13:59:06,2026-07-28,Tuesday,13,False,Traditional,5,CASH-121,Card (Local),30,5,True,239.38,40.9,108.2,20.3,29.4,27.4,0.0,,185.2,4
TXN-CRT-001-004594,2026-07-28 13:59:50,2026-07-28,Tuesday,13,False,Traditional,7,CASH-109,Cash,17,2,True,107.73,134.5,75.4,15.2,46.7,17.2,0.0,,154.5,3
TXN-CRT-001-004595,2026-07-28 14:08:30,2026-07-28,Tuesday,14,False,Traditional,5,CASH-126,Cash,15,3,True,46.89,75.4,89.4,38.6,57.0,23.1,76.2,Payment terminal error,284.3,3
TXN-CRT-001-004596,2026-07-28 14:15:27,2026-07-28,Tuesday,14,False,Traditional,1,CASH-105,Cash,31,8,True,182.22,43.9,155.5,15.3,72.3,37.2,90.0,Supervisor approval needed,370.3,3
TXN-CRT-001-004597,2026-07-28 14:24:23,2026-07-28,Tuesday,14,False,Traditional,3,CASH-118,Cash,43,19,True,271.21,53.3,214.5,15.6,34.5,21.7,0.0,,286.3,4
TXN-CRT-001-004598,2026-07-28 14:31:55,2026-07-28,Tuesday,14,False,Traditional,3,CASH-123,Cash,49,12,True,286.88,76.4,147.5,15.5,42.3,24.5,0.0,,229.9,3
TXN-CRT-001-004599,2026-07-28 15:00:42,2026-07-28,Tuesday,15,False,Traditional,4,CASH-129,Cash,13,4,True,81.35,91.9,58.3,39.6,45.7,22.4,0.0,,166.0,4
TXN-CRT-001-004600,2026-07-28 15:01:52,2026-07-28,Tuesday,15,False,Traditional,1,CASH-134,Cash,49,14,True,212.13,48.7,159.9,17.2,70.6,25.2,0.0,,272.9,4
TXN-CRT-001-004601,2026-07-28 15:08:33,2026-07-28,Tuesday,15,False,Traditional,6,CASH-111,Cash,6,1,True,41.48,86.6,35.5,43.2,35.1,27.2,0.0,,141.1,3
TXN-CRT-001-004602,2026-07-28 15:20:07,2026-07-28,Tuesday,15,False,Traditional,7,CASH-119,Card (International),9,0,False,56.71,74.5,65.0,0.0,37.0,38.9,0.0,,140.9,3
TXN-CRT-001-004603,2026-07-28 15:22:00,2026-07-28,Tuesday,15,False,Self-Service,9,,Cash,4,1,True,19.28,76.8,27.2,58.2,54.8,32.3,0.0,,172.4,3
TXN-CRT-001-004604,2026-07-28 15:30:55,2026-07-28,Tuesday,15,False,Traditional,8,CASH-124,Cash,9,3,True,28.47,86.7,62.7,17.7,36.6,20.5,0.0,,137.5,4
TXN-CRT-001-004605,2026-07-28 15:35:29,2026-07-28,Tuesday,15,False,Traditional,4,CASH-126,Card (Local),26,13,True,209.39,30.9,165.7,37.1,34.0,28.8,0.0,,265.6,4
TXN-CRT-001-004606,2026-07-28 15:37:38,2026-07-28,Tuesday,15,False,Self-Service,11,,Card (International),33,7,True,245.54,113.7,164.0,39.6,41.7,34.5,0.0,,279.7,4
TXN-CRT-001-004607,2026-07-28 15:40:20,2026-07-28,Tuesday,15,False,Traditional,5,CASH-128,Card (International),27,10,True,129.46,62.6,119.4,23.9,40.1,30.6,0.0,,214.0,3
TXN-CRT-001-004608,2026-07-28 16:00:19,2026-07-28,Tuesday,16,False,Traditional,2,CASH-115,Cash,20,4,True,143.27,91.7,85.2,24.2,48.0,25.6,0.0,,183.0,4
TXN-CRT-001-004609,2026-07-28 16:07:02,2026-07-28,Tuesday,16,False,Express (<10 items),12,CASH-142,Cash,16,5,True,67.32,48.6,59.5,21.3,39.2,38.7,0.0,,158.7,4
TXN-CRT-001-004610,2026-07-28 16:23:20,2026-07-28,Tuesday,16,False,Traditional,3,CASH-114,Card (Local),23,6,True,157.04,57.4,74.8,15.9,25.1,37.0,0.0,,152.8,4
TXN-CRT-001-004611,2026-07-28 16:24:16,2026-07-28,Tuesday,16,False,Traditional,2,CASH-104,Card (Local),12,1,True,61.43,30.8,88.2,28.8,23.3,25.1,0.0,,165.4,4
TXN-CRT-001-004612,2026-07-28 16:25:00,2026-07-28,Tuesday,16,False,Traditional,1,CASH-123,Cash,32,5,True,150.18,20.2,93.5,15.3,70.7,24.6,0.0,,204.1,4
TXN-CRT-001-004613,2026-07-28 16:25:06,2026-07-28,Tuesday,16,False,Traditional,8,CASH-108,Flous (Mobile),22,2,True,141.75,42.6,95.5,20.1,37.6,19.0,0.0,,172.2,4
TXN-CRT-001-004614,2026-07-28 16:26:03,2026-07-28,Tuesday,16,False,Traditional,3,CASH-109,Cash,23,5,True,133.11,78.7,166.7,30.8,27.3,28.7,0.0,,253.5,4
TXN-CRT-001-004615,2026-07-28 16:47:37,2026-07-28,Tuesday,16,False,Traditional,1,CASH-134,Check,17,5,True,107.47,31.5,117.7,27.7,40.7,16.4,0.0,,202.6,4
TXN-CRT-001-004616,2026-07-28 16:49:20,2026-07-28,Tuesday,16,False,Traditional,3,CASH-106,Flous (Mobile),37,7,True,345.64,11.6,235.0,23.6,35.0,27.1,0.0,,320.6,4
TXN-CRT-001-004617,2026-07-28 16:54:12,2026-07-28,Tuesday,16,False,Traditional,2,CASH-127,Card (Local),9,3,True,34.1,101.6,55.3,37.8,19.2,19.6,0.0,,132.0,4
TXN-CRT-001-004618,2026-07-28 16:59:58,2026-07-28,Tuesday,16,False,Self-Service,10,,Flous (Mobile),12,2,True,69.45,18.0,81.2,66.7,37.5,38.8,0.0,,224.1,4
TXN-CRT-001-004619,2026-07-28 17:13:59,2026-07-28,Tuesday,17,False,Traditional,1,CASH-113,Card (Local),27,9,True,220.03,61.3,153.7,40.0,29.9,35.5,0.0,,259.1,4
TXN-CRT-001-004620,2026-07-28 17:20:23,2026-07-28,Tuesday,17,False,Self-Service,10,,Cash,15,5,True,47.7,145.1,85.1,58.9,32.6,25.9,0.0,,202.5,3
TXN-CRT-001-004621,2026-07-28 17:24:42,2026-07-28,Tuesday,17,False,Self-Service,10,,Cash,38,11,True,232.41,284.1,259.8,28.4,52.0,40.3,134.8,Supervisor approval needed,515.4,2
TXN-CRT-001-004622,2026-07-28 17:25:52,2026-07-28,Tuesday,17,False,Traditional,5,CASH-129,Cash,11,3,True,71.82,44.2,62.0,44.8,54.1,34.1,0.0,,194.9,4
TXN-CRT-001-004623,2026-07-28 17:37:39,2026-07-28,Tuesday,17,False,Traditional,6,CASH-128,Cash,12,2,True,69.85,102.6,77.7,31.2,58.1,30.0,0.0,,197.1,3
TXN-CRT-001-004624,2026-07-28 17:38:35,2026-07-28,Tuesday,17,False,Traditional,4,CASH-115,Card (International),38,12,True,201.86,61.9,283.3,26.7,35.9,28.3,0.0,,374.3,3
TXN-CRT-001-004625,2026-07-28 17:40:09,2026-07-28,Tuesday,17,False,Express (<10 items),13,CASH-137,Cash,14,2,True,94.84,22.9,61.8,36.4,34.1,29.8,0.0,,162.2,4
TXN-CRT-001-004626,2026-07-28 17:43:50,2026-07-28,Tuesday,17,False,Traditional,7,CASH-130,Cash,16,3,True,118.49,41.5,109.8,40.4,45.4,17.6,0.0,,213.2,4
TXN-CRT-001-004627,2026-07-28 17:44:20,2026-07-28,Tuesday,17,False,Traditional,6,CASH-116,Card (Local),11,1,True,33.9,33.7,41.8,30.3,23.8,21.8,90.4,Price check required,208.0,3
TXN-CRT-001-004628,2026-07-28 17:58:07,2026-07-28,Tuesday,17,False,Traditional,6,CASH-113,Flous (Mobile),9,3,True,62.53,100.0,39.7,16.9,33.5,39.3,0.0,,129.5,4
TXN-CRT-001-004629,2026-07-28 18:07:27,2026-07-28,Tuesday,18,False,Traditional,8,CASH-113,Cash,21,6,True,116.57,141.4,83.9,32.0,56.3,29.7,0.0,,201.9,3
TXN-CRT-001-004630,2026-07-28 18:13:00,2026-07-28,Tuesday,18,False,Traditional,3,CASH-123,Cash,5,2,True,32.84,36.9,16.0,20.2,54.5,17.0,0.0,,107.7,4
TXN-CRT-001-004631,2026-07-28 18:13:34,2026-07-28,Tuesday,18,False,Traditional,3,CASH-126,Cash,37,9,True,231.0,12.0,233.0,30.5,36.9,31.2,0.0,,331.5,4
TXN-CRT-001-004632,2026-07-28 18:28:48,2026-07-28,Tuesday,18,False,Traditional,1,CASH-116,Card (Local),27,4,True,141.76,55.9,202.5,42.0,27.8,28.7,0.0,,301.0,4
TXN-CRT-001-004633,2026-07-28 18:32:38,2026-07-28,Tuesday,18,False,Traditional,4,CASH-126,Cash,7,3,True,55.29,24.2,20.1,43.8,46.9,25.3,0.0,,136.1,4
TXN-CRT-001-004634,2026-07-28 18:36:30,2026-07-28,Tuesday,18,False,Self-Service,9,,Card (Local),23,6,True,212.75,19.8,96.0,24.3,34.2,37.1,0.0,,191.7,4
TXN-CRT-001-004635,2026-07-28 18:46:29,2026-07-28,Tuesday,18,False,Traditional,1,CASH-122,Cash,19,4,True,99.07,28.9,130.0,23.5,67.3,19.3,0.0,,240.1,4
TXN-CRT-001-004636,2026-07-28 18:46:53,2026-07-28,Tuesday,18,False,Express (<10 items),13,CASH-143,Cash,7,2,True,33.71,27.2,39.9,31.8,57.5,15.1,0.0,,144.3,4
TXN-CRT-001-004637,2026-07-28 18:52:03,2026-07-28,Tuesday,18,False,Traditional,5,CASH-103,Flous (Mobile),9,1,True,31.39,66.0,35.1,43.5,25.3,38.2,0.0,,142.1,3
TXN-CRT-001-004638,2026-07-28 19:04:40,2026-07-28,Tuesday,19,False,Traditional,7,CASH-104,Cash,13,2,True,99.36,76.7,59.1,35.2,54.6,39.5,0.0,,188.4,4
TXN-CRT-001-004639,2026-07-28 19:05:26,2026-07-28,Tuesday,19,False,Traditional,5,CASH-108,Cash,23,5,True,240.58,60.8,150.5,23.2,27.9,33.5,0.0,,235.2,4
TXN-CRT-001-004640,2026-07-28 19:06:33,2026-07-28,Tuesday,19,False,Traditional,7,CASH-122,Cash,20,4,True,127.73,24.1,148.2,18.4,69.6,31.3,0.0,,267.5,4
TXN-CRT-001-004641,2026-07-28 19:07:18,2026-07-28,Tuesday,19,False,Express (<10 items),12,CASH-136,Cash,16,3,True,75.71,24.7,49.2,29.7,73.9,33.4,0.0,,186.3,4
TXN-CRT-001-004642,2026-07-28 19:08:32,2026-07-28,Tuesday,19,False,Traditional,3,CASH-116,Cash,26,9,True,132.11,46.9,151.4,17.3,37.1,25.3,0.0,,231.1,4
TXN-CRT-001-004643,2026-07-28 19:09:28,2026-07-28,Tuesday,19,False,Self-Service,11,,Cash,26,7,True,175.8,38.5,218.4,45.8,41.3,30.8,0.0,,336.3,3
TXN-CRT-001-004644,2026-07-28 19:11:25,2026-07-28,Tuesday,19,False,Traditional,4,CASH-118,Cash,19,5,True,74.79,50.5,98.2,30.8,29.2,25.8,0.0,,184.0,4
TXN-CRT-001-004645,2026-07-28 19:18:00,2026-07-28,Tuesday,19,False,Traditional,1,CASH-114,Cash,28,8,True,179.25,64.5,142.4,44.8,30.9,22.1,0.0,,240.2,3
TXN-CRT-001-004646,2026-07-28 19:26:23,2026-07-28,Tuesday,19,False,Traditional,1,CASH-108,Card (Local),11,5,True,71.26,46.5,66.8,27.3,26.5,35.1,0.0,,155.8,4
TXN-CRT-001-004647,2026-07-28 19:26:43,2026-07-28,Tuesday,19,False,Traditional,3,CASH-128,Card (International),37,6,True,244.51,72.7,127.7,35.5,40.5,34.8,0.0,,238.5,4
TXN-CRT-001-004648,2026-07-28 19:29:26,2026-07-28,Tuesday,19,False,Traditional,6,CASH-110,Card (Local),19,7,True,57.3,57.4,53.1,20.3,28.3,17.5,0.0,,119.2,4
TXN-CRT-001-004649,2026-07-28 19:30:15,2026-07-28,Tuesday,19,False,Self-Service,9,,Card (Local),30,8,True,205.84,75.0,373.0,54.2,20.1,23.0,0.0,,470.2,3
TXN-CRT-001-004650,2026-07-28 19:34:32,2026-07-28,Tuesday,19,False,Traditional,3,CASH-112,Cash,17,2,True,98.89,18.8,49.4,18.6,72.2,17.3,0.0,,157.6,4
TXN-CRT-001-004651,2026-07-28 19:35:22,2026-07-28,Tuesday,19,False,Traditional,2,CASH-113,Cash,8,1,True,20.38,10.3,25.3,38.0,43.5,37.2,0.0,,144.0,4
TXN-CRT-001-004652,2026-07-28 19:36:59,2026-07-28,Tuesday,19,False,Traditional,4,CASH-121,Cash,17,4,True,114.66,23.4,92.8,26.9,33.2,29.8,0.0,,182.7,4
TXN-CRT-001-004653,2026-07-28 19:42:29,2026-07-28,Tuesday,19,False,Traditional,8,CASH-126,Cash,12,4,True,61.04,95.5,46.2,16.4,30.7,18.5,0.0,,111.9,4
TXN-CRT-001-004654,2026-07-28 19:44:02,2026-07-28,Tuesday,19,False,Traditional,6,CASH-112,Cash,23,4,True,167.78,57.7,106.8,39.4,45.0,35.4,0.0,,226.6,4
TXN-CRT-001-004655,2026-07-28 19:45:47,2026-07-28,Tuesday,19,False,Traditional,7,CASH-108,Cash,15,4,True,65.36,31.1,48.2,17.9,53.0,19.5,0.0,,138.6,4
TXN-CRT-001-004656,2026-07-28 19:47:34,2026-07-28,Tuesday,19,False,Traditional,6,CASH-116,Card (Local),32,9,True,271.36,27.5,181.3,31.7,32.8,27.8,0.0,,273.6,4
TXN-CRT-001-004657,2026-07-28 19:49:52,2026-07-28,Tuesday,19,False,Traditional,7,CASH-117,Check,22,5,True,187.79,78.1,105.6,17.7,43.8,30.4,0.0,,197.5,3
TXN-CRT-001-004658,2026-07-28 19:53:38,2026-07-28,Tuesday,19,False,Traditional,4,CASH-113,Cash,22,8,True,164.92,58.7,113.5,24.2,58.5,26.1,176.2,Price check required,398.5,3
TXN-CRT-001-004659,2026-07-28 19:54:31,2026-07-28,Tuesday,19,False,Traditional,6,CASH-116,Card (Local),8,3,True,45.49,16.2,45.9,37.9,30.2,26.9,0.0,,140.9,4
TXN-CRT-001-004660,2026-07-28 19:56:45,2026-07-28,Tuesday,19,False,Traditional,6,CASH-124,Card (International),49,12,True,305.55,16.0,365.0,31.6,29.6,27.9,0.0,,454.2,3
TXN-CRT-001-004661,2026-07-28 19:57:34,2026-07-28,Tuesday,19,False,Traditional,8,CASH-129,Card (Local),32,13,True,262.91,73.3,114.5,36.1,29.9,36.0,0.0,,216.4,3
TXN-CRT-001-004662,2026-07-28 20:04:39,2026-07-28,Tuesday,20,False,Traditional,1,CASH-106,Cash,28,4,True,278.41,30.2,158.1,40.7,66.6,22.5,0.0,,287.8,4
TXN-CRT-001-004663,2026-07-28 20:19:29,2026-07-28,Tuesday,20,False,Traditional,7,CASH-112,Cash,11,0,False,79.91,12.6,42.6,0.0,39.8,24.5,0.0,,106.9,4
TXN-CRT-001-004664,2026-07-28 20:21:54,2026-07-28,Tuesday,20,False,Traditional,2,CASH-102,Cash,17,4,True,108.19,12.4,95.8,23.9,64.8,29.1,0.0,,213.6,4
TXN-CRT-001-004665,2026-07-28 20:25:29,2026-07-28,Tuesday,20,False,Traditional,4,CASH-121,Cash,6,2,True,30.21,66.1,32.4,40.1,25.8,15.5,0.0,,113.8,3
TXN-CRT-001-004666,2026-07-28 20:28:09,2026-07-28,Tuesday,20,False,Traditional,2,CASH-132,Card (International),17,5,True,101.97,31.4,80.9,30.8,43.3,20.7,0.0,,175.6,4
TXN-CRT-001-004667,2026-07-28 20:36:24,2026-07-28,Tuesday,20,False,Traditional,5,CASH-120,Cash,6,1,True,44.44,82.2,15.2,22.7,55.9,17.2,0.0,,111.1,3
TXN-CRT-001-004668,2026-07-28 20:36:56,2026-07-28,Tuesday,20,False,Traditional,6,CASH-109,Cash,17,2,True,73.23,51.6,96.0,21.4,47.2,24.7,0.0,,189.3,4
TXN-CRT-001-004669,2026-07-28 20:39:27,2026-07-28,Tuesday,20,False,Traditional,5,CASH-105,Card (Local),21,3,True,237.27,35.8,102.6,26.6,33.8,24.7,0.0,,187.7,4
TXN-CRT-001-004670,2026-07-28 20:43:12,2026-07-28,Tuesday,20,False,Traditional,4,CASH-115,Card (International),12,5,True,57.62,49.4,63.4,23.0,35.3,34.9,0.0,,156.7,4
TXN-CRT-001-004671,2026-07-28 20:55:30,2026-07-28,Tuesday,20,False,Traditional,5,CASH-135,Cash,15,6,True,79.43,154.1,105.9,38.9,73.7,38.3,0.0,,256.7,3
TXN-CRT-001-004672,2026-07-28 20:58:11,2026-07-28,Tuesday,20,False,Self-Service,11,,Card (Local),36,10,True,135.55,22.2,178.8,57.8,19.2,23.2,0.0,,279.0,4
TXN-CRT-001-004673,2026-07-28 20:58:28,2026-07-28,Tuesday,20,False,Traditional,6,CASH-128,Cash,5,2,True,38.98,105.6,22.3,19.2,64.0,21.4,0.0,,126.9,4
TXN-CRT-001-004674,2026-07-28 20:58:58,2026-07-28,Tuesday,20,False,Traditional,7,CASH-101,Cash,28,7,True,218.51,74.0,115.7,28.2,67.5,22.7,0.0,,234.2,4
TXN-CRT-001-004675,2026-07-28 21:08:34,2026-07-28,Tuesday,21,False,Traditional,7,CASH-125,Cash,7,1,True,34.93,32.6,23.5,38.7,64.0,25.2,0.0,,151.5,4
TXN-CRT-001-004676,2026-07-28 21:09:38,2026-07-28,Tuesday,21,False,Self-Service,9,,Card (Local),2,0,False,10.26,73.9,21.9,0.0,30.0,37.5,0.0,,89.4,4
TXN-CRT-001-004677,2026-07-28 21:17:07,2026-07-28,Tuesday,21,False,Traditional,2,CASH-133,Check,7,2,True,22.74,56.1,50.8,44.1,69.2,38.0,0.0,,202.1,4
TXN-CRT-001-004678,2026-07-28 21:17:47,2026-07-28,Tuesday,21,False,Express (<10 items),12,CASH-138,Cash,26,7,True,167.05,45.9,128.3,40.9,28.4,30.6,38.4,Payment terminal error,266.6,3
TXN-CRT-001-004679,2026-07-28 21:26:40,2026-07-28,Tuesday,21,False,Traditional,4,CASH-134,Cash,13,0,False,53.5,38.3,60.0,0.0,66.2,38.0,0.0,,164.3,4
TXN-CRT-001-004680,2026-07-28 21:57:33,2026-07-28,Tuesday,21,False,Traditional,6,CASH-129,Cash,36,13,True,167.41,92.0,168.8,18.0,52.3,24.1,0.0,,263.2,3
TXN-CRT-001-004681,2026-07-29 08:11:26,2026-07-29,Wednesday,8,False,Traditional,1,CASH-109,Cash,16,6,True,66.9,50.6,57.2,25.4,72.0,33.2,0.0,,187.8,4
TXN-CRT-001-004682,2026-07-29 08:45:33,2026-07-29,Wednesday,8,False,Traditional,4,CASH-133,Cash,1,0,False,6.08,23.7,5.8,0.0,65.3,22.6,159.7,Barcode not scanning,253.4,3
TXN-CRT-001-004683,2026-07-29 09:06:50,2026-07-29,Wednesday,9,False,Express (<10 items),13,CASH-143,Cash,24,7,True,209.42,48.1,118.4,41.9,32.9,25.4,0.0,,218.7,4
TXN-CRT-001-004684,2026-07-29 09:32:58,2026-07-29,Wednesday,9,False,Traditional,3,CASH-103,Card (International),5,3,True,38.49,13.1,21.2,40.7,42.3,17.5,0.0,,121.7,4
TXN-CRT-001-004685,2026-07-29 09:45:28,2026-07-29,Wednesday,9,False,Traditional,4,CASH-110,Card (Local),28,4,True,141.49,30.3,125.3,27.6,19.6,26.5,0.0,,199.0,4
TXN-CRT-001-004686,2026-07-29 09:54:51,2026-07-29,Wednesday,9,False,Traditional,7,CASH-117,Cash,7,2,True,51.36,72.3,21.4,17.5,30.9,16.0,0.0,,85.8,4
TXN-CRT-001-004687,2026-07-29 09:59:19,2026-07-29,Wednesday,9,False,Traditional,3,CASH-124,Cash,11,3,True,78.29,21.2,33.3,35.7,25.9,23.4,0.0,,118.2,4
TXN-CRT-001-004688,2026-07-29 10:10:07,2026-07-29,Wednesday,10,False,Traditional,3,CASH-126,Cash,26,6,True,166.39,190.5,138.7,38.0,53.5,27.3,0.0,,257.4,3
TXN-CRT-001-004689,2026-07-29 10:16:34,2026-07-29,Wednesday,10,False,Traditional,1,CASH-120,Cash,45,14,True,289.16,5.9,154.3,43.4,45.5,24.0,0.0,,267.2,4
TXN-CRT-001-004690,2026-07-29 10:19:25,2026-07-29,Wednesday,10,False,Express (<10 items),12,CASH-141,Flous (Mobile),12,2,True,42.2,37.6,35.9,17.3,20.6,32.8,0.0,,106.6,4
TXN-CRT-001-004691,2026-07-29 10:30:59,2026-07-29,Wednesday,10,False,Traditional,4,CASH-115,Check,31,4,True,156.27,77.2,213.5,20.6,83.6,30.2,0.0,,347.9,3
TXN-CRT-001-004692,2026-07-29 10:44:19,2026-07-29,Wednesday,10,False,Traditional,5,CASH-108,Cash,7,0,False,52.22,13.7,40.1,0.0,51.8,36.0,0.0,,127.9,4
TXN-CRT-001-004693,2026-07-29 10:55:38,2026-07-29,Wednesday,10,False,Traditional,8,CASH-104,Cash,29,3,True,140.17,78.2,145.6,35.2,58.5,30.9,0.0,,270.1,4
TXN-CRT-001-004694,2026-07-29 10:56:28,2026-07-29,Wednesday,10,False,Traditional,5,CASH-131,Flous (Mobile),21,5,True,166.04,74.6,72.6,15.3,25.1,22.0,0.0,,134.9,4
TXN-CRT-001-004695,2026-07-29 10:58:22,2026-07-29,Wednesday,10,False,Traditional,3,CASH-126,Cash,7,2,True,27.84,39.8,38.2,41.2,67.0,28.5,0.0,,175.0,4
TXN-CRT-001-004696,2026-07-29 10:58:31,2026-07-29,Wednesday,10,False,Self-Service,10,,Card (Local),10,1,True,41.31,24.3,97.8,48.0,22.1,47.0,0.0,,214.9,4
TXN-CRT-001-004697,2026-07-29 10:59:30,2026-07-29,Wednesday,10,False,Traditional,7,CASH-104,Cash,6,2,True,47.08,50.2,39.8,15.3,25.7,15.2,0.0,,95.9,4
TXN-CRT-001-004698,2026-07-29 11:05:35,2026-07-29,Wednesday,11,False,Traditional,4,CASH-131,Card (International),12,4,True,87.59,72.4,85.9,41.2,33.6,22.7,0.0,,183.5,4
TXN-CRT-001-004699,2026-07-29 11:06:15,2026-07-29,Wednesday,11,False,Traditional,2,CASH-102,Card (Local),7,1,True,27.92,25.9,48.8,32.0,32.2,17.7,0.0,,130.6,4
TXN-CRT-001-004700,2026-07-29 11:08:52,2026-07-29,Wednesday,11,False,Express (<10 items),12,CASH-136,Card (International),20,5,True,123.63,45.5,127.9,37.1,28.7,23.8,0.0,,217.5,4
TXN-CRT-001-004701,2026-07-29 11:12:15,2026-07-29,Wednesday,11,False,Traditional,5,CASH-125,Card (International),50,14,True,338.18,14.3,134.3,37.2,45.0,16.2,0.0,,232.7,4
TXN-CRT-001-004702,2026-07-29 11:13:49,2026-07-29,Wednesday,11,False,Traditional,4,CASH-103,Cash,1,0,False,4.04,85.7,2.8,0.0,59.1,26.5,0.0,,88.4,3
TXN-CRT-001-004703,2026-07-29 11:21:51,2026-07-29,Wednesday,11,False,Traditional,8,CASH-128,Card (Local),17,3,True,118.1,138.2,43.1,26.7,24.7,36.5,0.0,,131.0,3
TXN-CRT-001-004704,2026-07-29 11:24:02,2026-07-29,Wednesday,11,False,Traditional,7,CASH-130,Card (International),18,5,True,119.64,34.6,113.6,42.3,37.9,19.8,0.0,,213.7,4
TXN-CRT-001-004705,2026-07-29 11:27:23,2026-07-29,Wednesday,11,False,Traditional,7,CASH-120,Cash,41,16,True,160.21,28.5,283.1,30.9,52.0,24.5,0.0,,390.6,4
TXN-CRT-001-004706,2026-07-29 11:29:00,2026-07-29,Wednesday,11,False,Traditional,1,CASH-117,Cash,16,4,True,78.65,97.8,112.8,27.4,45.7,19.8,0.0,,205.7,3
TXN-CRT-001-004707,2026-07-29 11:35:54,2026-07-29,Wednesday,11,False,Traditional,1,CASH-115,Cash,17,4,True,75.32,96.6,99.6,29.3,28.3,37.9,0.0,,195.1,4
TXN-CRT-001-004708,2026-07-29 11:39:39,2026-07-29,Wednesday,11,False,Traditional,6,CASH-121,Cash,15,4,True,111.29,79.7,51.4,27.3,71.1,29.3,0.0,,179.1,3
TXN-CRT-001-004709,2026-07-29 11:42:33,2026-07-29,Wednesday,11,False,Traditional,3,CASH-115,Cash,9,1,True,27.0,18.1,52.8,20.4,44.2,17.5,0.0,,134.9,4
TXN-CRT-001-004710,2026-07-29 11:47:01,2026-07-29,Wednesday,11,False,Traditional,5,CASH-118,Card (Local),3,1,True,18.53,2.6,18.1,34.0,25.9,28.5,0.0,,106.4,4
TXN-CRT-001-004711,2026-07-29 11:47:31,2026-07-29,Wednesday,11,False,Traditional,7,CASH-124,Cash,13,2,True,69.3,44.1,76.2,22.9,59.5,21.4,0.0,,180.1,4
TXN-CRT-001-004712,2026-07-29 11:57:24,2026-07-29,Wednesday,11,False,Traditional,1,CASH-132,Flous (Mobile),3,0,False,18.35,66.2,19.4,0.0,35.0,26.8,0.0,,81.3,4
TXN-CRT-001-004713,2026-07-29 12:00:33,2026-07-29,Wednesday,12,False,Traditional,3,CASH-105,Cash,17,4,True,134.12,34.8,109.9,39.1,48.6,38.3,94.5,Barcode not scanning,330.4,3
TXN-CRT-001-004714,2026-07-29 12:01:05,2026-07-29,Wednesday,12,False,Traditional,2,CASH-127,Cash,10,0,False,47.91,95.3,39.8,0.0,66.2,17.0,0.0,,122.9,4
TXN-CRT-001-004715,2026-07-29 12:05:11,2026-07-29,Wednesday,12,False,Traditional,8,CASH-108,Cash,17,4,True,68.12,29.5,110.4,37.4,61.1,28.4,0.0,,237.2,4
TXN-CRT-001-004716,2026-07-29 12:07:42,2026-07-29,Wednesday,12,False,Traditional,8,CASH-124,Cash,6,0,False,35.22,10.6,42.4,0.0,47.1,39.0,0.0,,128.6,4
TXN-CRT-001-004717,2026-07-29 12:20:04,2026-07-29,Wednesday,12,False,Traditional,5,CASH-128,Cash,43,5,True,269.9,34.7,293.2,18.0,69.4,17.8,0.0,,398.5,3
TXN-CRT-001-004718,2026-07-29 12:20:08,2026-07-29,Wednesday,12,False,Express (<10 items),12,CASH-139,Cash,38,12,True,230.0,62.2,159.5,42.6,66.9,17.0,0.0,,286.1,4
TXN-CRT-001-004719,2026-07-29 12:20:42,2026-07-29,Wednesday,12,False,Traditional,8,CASH-116,Cash,7,3,True,38.26,20.9,18.3,22.2,66.8,35.4,0.0,,142.7,4
TXN-CRT-001-004720,2026-07-29 12:23:48,2026-07-29,Wednesday,12,False,Self-Service,10,,Card (Local),11,2,True,70.25,57.8,114.1,81.2,27.3,42.9,164.6,Price check required,430.1,3
TXN-CRT-001-004721,2026-07-29 12:24:49,2026-07-29,Wednesday,12,False,Traditional,4,CASH-125,Card (International),19,5,True,141.26,43.9,75.3,20.3,36.9,25.9,0.0,,158.4,4
TXN-CRT-001-004722,2026-07-29 12:34:10,2026-07-29,Wednesday,12,False,Traditional,1,CASH-102,Cash,4,0,False,20.28,136.2,25.9,0.0,67.0,38.2,0.0,,131.1,3
TXN-CRT-001-004723,2026-07-29 12:44:51,2026-07-29,Wednesday,12,False,Traditional,5,CASH-127,Card (Local),11,3,True,46.86,87.7,50.1,19.9,33.6,20.8,0.0,,124.3,4
TXN-CRT-001-004724,2026-07-29 12:51:14,2026-07-29,Wednesday,12,False,Traditional,4,CASH-106,Card (Local),9,2,True,63.63,202.5,48.2,22.3,23.4,22.4,0.0,,116.3,3
TXN-CRT-001-004725,2026-07-29 12:52:51,2026-07-29,Wednesday,12,False,Traditional,6,CASH-102,Cash,41,8,True,203.1,17.1,205.0,39.1,37.4,34.0,0.0,,315.6,4
TXN-CRT-001-004726,2026-07-29 12:53:48,2026-07-29,Wednesday,12,False,Traditional,1,CASH-106,Check,33,9,True,323.27,108.5,243.6,43.2,42.1,37.9,0.0,,366.9,3
TXN-CRT-001-004727,2026-07-29 12:54:32,2026-07-29,Wednesday,12,False,Self-Service,9,,Flous (Mobile),18,2,True,106.74,7.1,214.2,45.2,36.0,40.0,165.4,Promo code issue,500.8,3
TXN-CRT-001-004728,2026-07-29 13:06:53,2026-07-29,Wednesday,13,False,Traditional,4,CASH-116,Cash,16,1,True,84.75,92.6,114.6,32.2,28.8,36.8,0.0,,212.3,4
TXN-CRT-001-004729,2026-07-29 13:10:10,2026-07-29,Wednesday,13,False,Traditional,6,CASH-111,Cash,42,13,True,338.63,10.0,239.6,44.1,57.6,36.1,0.0,,377.5,4
TXN-CRT-001-004730,2026-07-29 13:11:08,2026-07-29,Wednesday,13,False,Traditional,1,CASH-114,Cash,43,12,True,199.61,77.4,279.2,42.8,38.9,26.1,32.9,Promo code issue,420.0,2
TXN-CRT-001-004731,2026-07-29 13:11:47,2026-07-29,Wednesday,13,False,Traditional,3,CASH-105,Cash,47,12,True,340.73,58.4,205.0,17.8,27.0,32.9,0.0,,282.6,4
TXN-CRT-001-004732,2026-07-29 13:17:20,2026-07-29,Wednesday,13,False,Traditional,3,CASH-112,Card (International),5,1,True,17.99,63.0,30.7,19.9,37.1,24.9,176.9,Item return/exchange,289.5,2
TXN-CRT-001-004733,2026-07-29 13:17:36,2026-07-29,Wednesday,13,False,Traditional,5,CASH-113,Cash,6,1,True,27.65,6.0,33.8,16.0,51.3,23.7,0.0,,124.8,4
TXN-CRT-001-004734,2026-07-29 13:19:46,2026-07-29,Wednesday,13,False,Self-Service,10,,Card (International),22,5,True,160.47,73.7,297.0,33.3,45.1,43.0,0.0,,418.4,3
TXN-CRT-001-004735,2026-07-29 13:20:52,2026-07-29,Wednesday,13,False,Traditional,7,CASH-102,Card (International),17,4,True,96.53,10.5,48.8,27.8,46.1,34.2,0.0,,156.8,4
TXN-CRT-001-004736,2026-07-29 13:22:29,2026-07-29,Wednesday,13,False,Traditional,6,CASH-115,Card (Local),1,0,False,7.95,136.5,2.7,0.0,33.4,33.2,0.0,,69.3,3
TXN-CRT-001-004737,2026-07-29 13:24:41,2026-07-29,Wednesday,13,False,Traditional,3,CASH-126,Card (Local),3,1,True,8.08,28.1,15.0,28.0,31.6,37.6,0.0,,112.2,4
TXN-CRT-001-004738,2026-07-29 13:24:52,2026-07-29,Wednesday,13,False,Traditional,8,CASH-132,Cash,38,11,True,329.49,36.8,126.1,28.5,52.0,19.5,0.0,,226.2,4
TXN-CRT-001-004739,2026-07-29 13:31:01,2026-07-29,Wednesday,13,False,Traditional,6,CASH-111,Cash,35,10,True,203.98,107.4,124.6,36.0,41.0,26.5,0.0,,228.1,3
TXN-CRT-001-004740,2026-07-29 13:37:26,2026-07-29,Wednesday,13,False,Traditional,3,CASH-128,Card (Local),11,2,True,62.78,51.4,40.0,29.3,24.7,33.5,0.0,,127.5,4
TXN-CRT-001-004741,2026-07-29 13:38:39,2026-07-29,Wednesday,13,False,Traditional,4,CASH-133,Cash,38,9,True,336.14,52.0,221.4,20.5,58.6,20.4,0.0,,320.9,3
TXN-CRT-001-004742,2026-07-29 13:38:58,2026-07-29,Wednesday,13,False,Traditional,4,CASH-119,Cash,19,4,True,65.61,68.4,74.0,44.4,34.7,34.4,0.0,,187.5,4
TXN-CRT-001-004743,2026-07-29 13:39:31,2026-07-29,Wednesday,13,False,Traditional,3,CASH-129,Flous (Mobile),29,7,True,140.1,22.1,140.0,42.7,38.3,25.5,0.0,,246.5,4
TXN-CRT-001-004744,2026-07-29 13:40:45,2026-07-29,Wednesday,13,False,Express (<10 items),12,CASH-139,Card (Local),13,3,True,49.07,27.8,100.0,26.6,27.3,20.1,0.0,,174.0,4
TXN-CRT-001-004745,2026-07-29 13:43:15,2026-07-29,Wednesday,13,False,Traditional,4,CASH-103,Cash,5,2,True,23.05,53.2,15.4,37.9,50.3,18.9,0.0,,122.5,4
TXN-CRT-001-004746,2026-07-29 13:46:47,2026-07-29,Wednesday,13,False,Traditional,1,CASH-135,Card (Local),14,4,True,78.79,142.9,74.3,30.2,27.4,15.9,0.0,,147.8,3
TXN-CRT-001-004747,2026-07-29 13:47:05,2026-07-29,Wednesday,13,False,Traditional,3,CASH-106,Card (International),14,6,True,42.15,82.1,60.1,41.0,48.4,25.9,0.0,,175.5,4
TXN-CRT-001-004748,2026-07-29 13:49:07,2026-07-29,Wednesday,13,False,Traditional,1,CASH-127,Cash,17,5,True,48.62,85.8,71.3,37.5,52.5,24.9,0.0,,186.1,4
TXN-CRT-001-004749,2026-07-29 13:53:37,2026-07-29,Wednesday,13,False,Traditional,3,CASH-103,Cash,5,3,True,35.12,114.0,14.7,35.9,34.0,18.4,0.0,,103.0,3
TXN-CRT-001-004750,2026-07-29 13:53:58,2026-07-29,Wednesday,13,False,Traditional,6,CASH-113,Flous (Mobile),50,13,True,371.68,95.6,191.3,31.1,22.5,31.3,0.0,,276.3,4
TXN-CRT-001-004751,2026-07-29 14:03:01,2026-07-29,Wednesday,14,False,Traditional,7,CASH-122,Cash,8,4,True,49.78,79.5,58.1,17.7,42.3,19.6,0.0,,137.7,4
TXN-CRT-001-004752,2026-07-29 14:05:20,2026-07-29,Wednesday,14,False,Traditional,2,CASH-102,Cash,7,1,True,49.68,43.5,51.6,21.2,30.4,28.8,0.0,,132.0,4
TXN-CRT-001-004753,2026-07-29 14:10:40,2026-07-29,Wednesday,14,False,Traditional,4,CASH-114,Cash,16,1,True,109.79,20.6,71.5,22.8,56.4,21.8,0.0,,172.4,4
TXN-CRT-001-004754,2026-07-29 14:16:20,2026-07-29,Wednesday,14,False,Traditional,4,CASH-118,Card (International),17,5,True,115.75,23.2,83.2,29.6,32.5,38.5,0.0,,183.8,4
TXN-CRT-001-004755,2026-07-29 14:17:01,2026-07-29,Wednesday,14,False,Self-Service,9,,Cash,14,7,True,58.53,101.9,136.3,34.3,25.9,22.0,0.0,,218.5,3
TXN-CRT-001-004756,2026-07-29 14:17:41,2026-07-29,Wednesday,14,False,Self-Service,9,,Cash,27,6,True,167.0,72.4,365.0,62.2,49.3,37.1,0.0,,513.5,3
TXN-CRT-001-004757,2026-07-29 14:20:08,2026-07-29,Wednesday,14,False,Traditional,1,CASH-109,Cash,16,3,True,53.09,2.2,44.4,27.3,52.0,34.9,0.0,,158.5,4
TXN-CRT-001-004758,2026-07-29 14:48:29,2026-07-29,Wednesday,14,False,Traditional,4,CASH-103,Check,19,5,True,47.73,50.4,89.1,36.4,54.1,38.0,0.0,,217.7,4
TXN-CRT-001-004759,2026-07-29 14:54:10,2026-07-29,Wednesday,14,False,Traditional,4,CASH-126,Cash,24,7,True,146.71,4.9,99.7,36.1,58.2,36.0,0.0,,230.0,4
TXN-CRT-001-004760,2026-07-29 14:54:56,2026-07-29,Wednesday,14,False,Express (<10 items),13,CASH-138,Card (Local),1,0,False,6.6,26.0,6.8,0.0,20.5,16.7,0.0,,44.0,4
TXN-CRT-001-004761,2026-07-29 14:59:50,2026-07-29,Wednesday,14,False,Traditional,7,CASH-133,Flous (Mobile),18,5,True,71.75,97.3,114.4,24.9,30.6,25.1,0.0,,195.1,4
TXN-CRT-001-004762,2026-07-29 15:29:36,2026-07-29,Wednesday,15,False,Express (<10 items),13,CASH-145,Cash,37,15,True,199.79,72.3,98.7,19.0,39.7,16.8,0.0,,174.1,4
TXN-CRT-001-004763,2026-07-29 15:48:12,2026-07-29,Wednesday,15,False,Traditional,8,CASH-122,Check,1,1,True,6.21,37.3,6.1,18.8,70.8,31.0,0.0,,126.7,4
TXN-CRT-001-004764,2026-07-29 16:12:44,2026-07-29,Wednesday,16,False,Traditional,2,CASH-134,Check,13,2,True,71.02,56.1,35.5,37.5,76.6,31.5,0.0,,181.1,4
TXN-CRT-001-004765,2026-07-29 16:18:06,2026-07-29,Wednesday,16,False,Traditional,2,CASH-101,Flous (Mobile),42,9,True,192.43,28.2,270.4,42.6,25.1,36.0,0.0,,374.1,3
TXN-CRT-001-004766,2026-07-29 16:23:54,2026-07-29,Wednesday,16,False,Express (<10 items),13,CASH-140,Cash,11,2,True,40.13,15.7,58.6,15.4,63.3,23.7,0.0,,161.1,4
TXN-CRT-001-004767,2026-07-29 16:40:14,2026-07-29,Wednesday,16,False,Self-Service,10,,Card (Local),14,3,True,63.56,26.6,91.1,83.9,23.7,40.8,0.0,,239.4,4
TXN-CRT-001-004768,2026-07-29 16:40:39,2026-07-29,Wednesday,16,False,Traditional,6,CASH-109,Card (International),48,8,True,432.17,90.8,213.0,17.3,28.3,39.9,0.0,,298.6,4
TXN-CRT-001-004769,2026-07-29 16:41:03,2026-07-29,Wednesday,16,False,Traditional,1,CASH-119,Check,7,3,True,32.18,110.1,30.6,19.6,72.9,33.4,0.0,,156.5,4
TXN-CRT-001-004770,2026-07-29 16:42:21,2026-07-29,Wednesday,16,False,Traditional,8,CASH-122,Cash,3,0,False,22.39,94.1,14.8,0.0,47.6,34.8,0.0,,97.3,4
TXN-CRT-001-004771,2026-07-29 16:50:39,2026-07-29,Wednesday,16,False,Traditional,7,CASH-107,Card (International),34,11,True,154.81,86.9,241.3,18.4,38.6,18.5,0.0,,316.8,3
TXN-CRT-001-004772,2026-07-29 16:57:09,2026-07-29,Wednesday,16,False,Traditional,3,CASH-105,Cash,35,13,True,239.67,19.1,119.0,38.9,48.2,18.1,0.0,,224.2,4
TXN-CRT-001-004773,2026-07-29 16:58:09,2026-07-29,Wednesday,16,False,Traditional,8,CASH-128,Cash,15,1,True,104.48,40.1,43.6,16.5,32.2,33.7,0.0,,125.9,4
TXN-CRT-001-004774,2026-07-29 17:05:51,2026-07-29,Wednesday,17,False,Traditional,6,CASH-134,Cash,16,8,True,55.46,43.3,44.1,36.6,73.8,21.4,0.0,,175.8,4
TXN-CRT-001-004775,2026-07-29 17:11:47,2026-07-29,Wednesday,17,False,Traditional,6,CASH-115,Card (International),31,9,True,173.69,33.2,126.3,40.6,34.0,32.1,0.0,,233.1,4
TXN-CRT-001-004776,2026-07-29 17:12:45,2026-07-29,Wednesday,17,False,Traditional,4,CASH-111,Cash,25,6,True,172.47,20.8,148.3,21.5,53.0,20.7,0.0,,243.6,4
TXN-CRT-001-004777,2026-07-29 17:14:16,2026-07-29,Wednesday,17,False,Traditional,1,CASH-105,Card (Local),9,2,True,29.11,58.2,31.0,44.8,30.0,16.7,0.0,,122.5,4
TXN-CRT-001-004778,2026-07-29 17:17:31,2026-07-29,Wednesday,17,False,Traditional,3,CASH-105,Check,1,0,False,4.31,56.6,5.7,0.0,60.8,29.5,0.0,,96.0,4
TXN-CRT-001-004779,2026-07-29 17:35:03,2026-07-29,Wednesday,17,False,Traditional,5,CASH-120,Cash,15,3,True,39.22,39.1,57.2,30.5,42.9,27.8,70.7,Promo code issue,229.2,3
TXN-CRT-001-004780,2026-07-29 17:40:40,2026-07-29,Wednesday,17,False,Traditional,6,CASH-116,Card (Local),34,9,True,175.7,127.5,172.7,37.6,21.5,29.4,0.0,,261.3,3
TXN-CRT-001-004781,2026-07-29 17:47:12,2026-07-29,Wednesday,17,False,Traditional,4,CASH-125,Cash,38,6,True,323.73,34.6,264.6,30.3,62.8,25.7,0.0,,383.4,3
TXN-CRT-001-004782,2026-07-29 17:47:17,2026-07-29,Wednesday,17,False,Traditional,1,CASH-132,Cash,45,12,True,276.93,45.5,315.2,20.7,27.7,18.6,0.0,,382.1,3
TXN-CRT-001-004783,2026-07-29 17:51:08,2026-07-29,Wednesday,17,False,Traditional,2,CASH-123,Card (Local),37,8,True,324.01,13.4,165.1,33.3,22.7,29.1,0.0,,250.2,4
TXN-CRT-001-004784,2026-07-29 17:53:59,2026-07-29,Wednesday,17,False,Traditional,3,CASH-134,Flous (Mobile),18,1,True,137.66,80.2,110.4,33.1,27.6,38.2,74.5,Promo code issue,283.8,3
TXN-CRT-001-004785,2026-07-29 18:02:16,2026-07-29,Wednesday,18,False,Traditional,4,CASH-129,Card (Local),14,4,True,97.14,107.6,48.9,16.6,25.1,38.0,0.0,,128.7,4
TXN-CRT-001-004786,2026-07-29 18:04:34,2026-07-29,Wednesday,18,False,Traditional,5,CASH-115,Card (International),27,7,True,270.85,11.7,122.2,44.5,37.6,28.3,0.0,,232.6,4
TXN-CRT-001-004787,2026-07-29 18:06:24,2026-07-29,Wednesday,18,False,Self-Service,10,,Cash,25,6,True,258.65,68.6,198.4,42.2,44.4,48.8,0.0,,333.7,3
TXN-CRT-001-004788,2026-07-29 18:07:02,2026-07-29,Wednesday,18,False,Self-Service,9,,Cash,17,2,True,121.37,37.4,93.8,32.7,71.4,37.4,0.0,,235.3,4
TXN-CRT-001-004789,2026-07-29 18:07:09,2026-07-29,Wednesday,18,False,Traditional,4,CASH-113,Cash,4,2,True,29.04,83.4,16.1,22.4,53.4,16.1,0.0,,107.9,3
TXN-CRT-001-004790,2026-07-29 18:07:45,2026-07-29,Wednesday,18,False,Traditional,1,CASH-117,Cash,42,11,True,208.07,59.4,248.9,19.3,26.9,38.9,128.4,Supervisor approval needed,462.5,3
TXN-CRT-001-004791,2026-07-29 18:08:21,2026-07-29,Wednesday,18,False,Traditional,4,CASH-125,Cash,14,2,True,104.63,59.5,80.2,30.2,28.9,24.6,0.0,,163.9,4
TXN-CRT-001-004792,2026-07-29 18:13:28,2026-07-29,Wednesday,18,False,Express (<10 items),13,CASH-142,Cash,12,3,True,87.66,56.5,52.1,36.5,58.5,19.1,0.0,,166.1,4
TXN-CRT-001-004793,2026-07-29 18:13:41,2026-07-29,Wednesday,18,False,Traditional,3,CASH-131,Cash,20,5,True,96.41,149.0,50.8,38.0,68.0,26.3,0.0,,183.1,3
TXN-CRT-001-004794,2026-07-29 18:17:00,2026-07-29,Wednesday,18,False,Traditional,1,CASH-128,Cash,22,2,True,133.9,15.8,63.5,16.6,27.3,19.4,0.0,,126.8,4
TXN-CRT-001-004795,2026-07-29 18:20:49,2026-07-29,Wednesday,18,False,Traditional,3,CASH-126,Cash,8,2,True,24.23,5.0,37.2,29.3,39.3,36.8,0.0,,142.7,4
TXN-CRT-001-004796,2026-07-29 18:21:40,2026-07-29,Wednesday,18,False,Traditional,5,CASH-134,Card (Local),32,10,True,275.98,80.9,125.9,19.8,26.0,21.4,0.0,,193.1,3
TXN-CRT-001-004797,2026-07-29 18:25:06,2026-07-29,Wednesday,18,False,Traditional,8,CASH-109,Flous (Mobile),10,3,True,27.46,19.2,46.1,44.9,24.4,34.4,0.0,,149.8,4
TXN-CRT-001-004798,2026-07-29 18:36:09,2026-07-29,Wednesday,18,False,Traditional,2,CASH-114,Card (Local),7,1,True,35.13,84.8,52.1,19.2,34.7,28.6,0.0,,134.7,4
TXN-CRT-001-004799,2026-07-29 18:40:34,2026-07-29,Wednesday,18,False,Traditional,1,CASH-104,Cash,13,5,True,89.88,78.4,55.5,22.7,47.3,25.9,0.0,,151.4,3
TXN-CRT-001-004800,2026-07-29 18:40:48,2026-07-29,Wednesday,18,False,Traditional,2,CASH-102,Flous (Mobile),24,5,True,149.31,26.1,88.3,37.4,31.0,28.5,93.4,Item return/exchange,278.6,3
TXN-CRT-001-004801,2026-07-29 18:43:24,2026-07-29,Wednesday,18,False,Traditional,8,CASH-132,Card (International),46,16,True,375.68,232.0,178.9,25.2,49.0,25.5,0.0,,278.6,3
TXN-CRT-001-004802,2026-07-29 18:54:42,2026-07-29,Wednesday,18,False,Traditional,3,CASH-114,Cash,29,4,True,154.95,121.4,111.9,17.8,31.8,31.6,83.4,Barcode not scanning,276.5,2
TXN-CRT-001-004803,2026-07-29 18:57:37,2026-07-29,Wednesday,18,False,Self-Service,9,,Cash,44,11,True,280.42,46.7,539.7,55.5,33.4,26.2,0.0,,654.8,3
TXN-CRT-001-004804,2026-07-29 19:02:32,2026-07-29,Wednesday,19,False,Traditional,3,CASH-131,Card (Local),6,2,True,45.84,57.4,18.6,18.3,33.7,34.2,0.0,,104.8,4
TXN-CRT-001-004805,2026-07-29 19:07:03,2026-07-29,Wednesday,19,False,Traditional,5,CASH-101,Card (Local),3,0,False,23.77,103.7,17.4,0.0,25.7,16.5,0.0,,59.6,3
TXN-CRT-001-004806,2026-07-29 19:08:38,2026-07-29,Wednesday,19,False,Traditional,1,CASH-116,Card (International),17,6,True,111.65,17.0,95.2,35.2,49.3,31.3,0.0,,211.0,4
TXN-CRT-001-004807,2026-07-29 19:10:50,2026-07-29,Wednesday,19,False,Traditional,6,CASH-133,Card (Local),10,3,True,58.58,68.9,67.1,24.0,33.3,35.5,0.0,,159.8,4
TXN-CRT-001-004808,2026-07-29 19:18:26,2026-07-29,Wednesday,19,False,Express (<10 items),12,CASH-143,Card (Local),31,3,True,188.67,46.0,193.3,34.6,34.4,16.7,0.0,,279.0,4
TXN-CRT-001-004809,2026-07-29 19:26:44,2026-07-29,Wednesday,19,False,Traditional,8,CASH-132,Check,22,6,True,217.29,124.1,67.1,39.2,74.7,25.4,0.0,,206.4,3
TXN-CRT-001-004810,2026-07-29 19:32:51,2026-07-29,Wednesday,19,False,Self-Service,11,,Card (Local),47,12,True,326.45,8.8,340.8,24.5,24.6,28.9,0.0,,418.8,3
TXN-CRT-001-004811,2026-07-29 19:33:16,2026-07-29,Wednesday,19,False,Traditional,7,CASH-119,Cash,9,1,True,35.28,60.3,58.6,41.6,53.6,22.0,0.0,,175.8,3
TXN-CRT-001-004812,2026-07-29 19:38:40,2026-07-29,Wednesday,19,False,Self-Service,10,,Flous (Mobile),15,8,True,38.85,16.9,100.8,67.6,36.0,20.4,0.0,,224.9,4
TXN-CRT-001-004813,2026-07-29 19:45:00,2026-07-29,Wednesday,19,False,Traditional,8,CASH-128,Cash,15,6,True,95.32,69.6,79.1,25.3,60.6,18.4,0.0,,183.4,4
TXN-CRT-001-004814,2026-07-29 19:45:09,2026-07-29,Wednesday,19,False,Traditional,2,CASH-118,Card (International),8,1,True,40.13,51.6,27.5,39.1,33.7,36.0,0.0,,136.3,4
TXN-CRT-001-004815,2026-07-29 20:01:38,2026-07-29,Wednesday,20,False,Traditional,8,CASH-115,Check,19,5,True,136.68,55.9,54.2,19.6,55.3,17.8,65.3,Payment terminal error,212.2,3
TXN-CRT-001-004816,2026-07-29 20:02:00,2026-07-29,Wednesday,20,False,Express (<10 items),13,CASH-144,Card (Local),14,3,True,84.47,88.1,99.2,30.5,32.3,15.8,0.0,,177.8,4
TXN-CRT-001-004817,2026-07-29 20:06:26,2026-07-29,Wednesday,20,False,Self-Service,10,,Card (Local),14,5,True,102.16,74.5,202.5,75.1,23.2,48.9,127.3,Barcode not scanning,477.1,3
TXN-CRT-001-004818,2026-07-29 20:07:53,2026-07-29,Wednesday,20,False,Traditional,5,CASH-122,Cash,12,5,True,87.19,28.7,64.7,33.6,61.4,32.1,0.0,,191.8,4
TXN-CRT-001-004819,2026-07-29 20:09:58,2026-07-29,Wednesday,20,False,Self-Service,10,,Cash,1,0,False,4.88,6.2,11.9,0.0,65.9,26.6,0.0,,104.4,4
TXN-CRT-001-004820,2026-07-29 20:10:26,2026-07-29,Wednesday,20,False,Traditional,2,CASH-102,Cash,16,5,True,44.53,10.0,96.9,25.4,32.2,29.5,0.0,,184.0,4
TXN-CRT-001-004821,2026-07-29 20:16:13,2026-07-29,Wednesday,20,False,Traditional,3,CASH-134,Card (Local),11,3,True,78.7,29.7,37.0,41.7,32.7,37.1,0.0,,148.4,4
TXN-CRT-001-004822,2026-07-29 20:17:56,2026-07-29,Wednesday,20,False,Traditional,5,CASH-134,Card (International),1,0,False,5.92,56.7,4.9,0.0,42.2,39.0,160.8,Supervisor approval needed,246.8,4
TXN-CRT-001-004823,2026-07-29 20:18:39,2026-07-29,Wednesday,20,False,Traditional,1,CASH-111,Card (Local),10,5,True,74.95,48.0,31.4,16.7,22.0,33.7,118.0,Promo code issue,221.8,3
TXN-CRT-001-004824,2026-07-29 20:22:44,2026-07-29,Wednesday,20,False,Traditional,7,CASH-124,Cash,9,2,True,26.5,58.1,54.8,26.5,63.3,28.2,0.0,,172.9,4
TXN-CRT-001-004825,2026-07-29 20:24:28,2026-07-29,Wednesday,20,False,Traditional,6,CASH-129,Cash,12,3,True,93.58,106.2,47.5,26.5,67.5,17.9,0.0,,159.4,4
TXN-CRT-001-004826,2026-07-29 20:27:06,2026-07-29,Wednesday,20,False,Traditional,4,CASH-102,Card (International),6,2,True,22.09,31.1,40.9,23.6,46.6,19.5,0.0,,130.6,4
TXN-CRT-001-004827,2026-07-29 20:39:47,2026-07-29,Wednesday,20,False,Traditional,8,CASH-119,Cash,16,3,True,86.08,84.2,106.0,41.9,55.7,17.5,0.0,,221.0,4
TXN-CRT-001-004828,2026-07-29 20:50:12,2026-07-29,Wednesday,20,False,Traditional,3,CASH-118,Card (Local),23,5,True,235.27,55.2,113.5,32.0,31.4,25.5,90.4,Promo code issue,292.9,3
TXN-CRT-001-004829,2026-07-29 20:50:22,2026-07-29,Wednesday,20,False,Traditional,8,CASH-122,Card (International),20,8,True,152.56,113.3,113.0,30.1,36.6,25.7,99.7,Supervisor approval needed,305.1,2
TXN-CRT-001-004830,2026-07-29 20:50:55,2026-07-29,Wednesday,20,False,Traditional,3,CASH-123,Card (Local),29,8,True,184.16,59.7,90.1,15.6,32.1,23.7,0.0,,161.5,4
TXN-CRT-001-004831,2026-07-29 20:55:02,2026-07-29,Wednesday,20,False,Traditional,6,CASH-117,Cash,14,5,True,71.99,138.9,56.4,41.1,25.8,35.6,0.0,,158.8,3
TXN-CRT-001-004832,2026-07-29 21:11:37,2026-07-29,Wednesday,21,False,Traditional,2,CASH-111,Flous (Mobile),16,3,True,71.55,79.1,50.1,28.9,36.7,16.5,0.0,,132.2,4
TXN-CRT-001-004833,2026-07-29 21:13:27,2026-07-29,Wednesday,21,False,Traditional,3,CASH-116,Cash,29,7,True,180.97,98.2,170.0,19.6,70.4,37.9,0.0,,297.9,3
TXN-CRT-001-004834,2026-07-29 21:51:19,2026-07-29,Wednesday,21,False,Traditional,3,CASH-124,Check,13,6,True,79.16,30.0,93.8,33.3,52.9,34.2,0.0,,214.1,4
TXN-CRT-001-004835,2026-07-29 21:52:45,2026-07-29,Wednesday,21,False,Traditional,6,CASH-133,Cash,23,5,True,130.86,111.7,107.1,24.0,51.8,24.5,0.0,,207.4,3
TXN-CRT-001-004836,2026-07-29 21:58:13,2026-07-29,Wednesday,21,False,Traditional,1,CASH-135,Cash,14,2,True,67.52,140.4,79.5,34.8,60.6,25.3,0.0,,200.2,3
TXN-CRT-001-004837,2026-07-30 08:14:44,2026-07-30,Thursday,8,False,Traditional,6,CASH-131,Flous (Mobile),13,3,True,33.93,72.9,40.3,20.0,30.1,15.2,165.6,Price check required,271.2,2
TXN-CRT-001-004838,2026-07-30 08:28:24,2026-07-30,Thursday,8,False,Traditional,7,CASH-117,Cash,26,6,True,128.2,40.4,173.8,18.3,63.0,39.1,0.0,,294.2,4
TXN-CRT-001-004839,2026-07-30 08:30:00,2026-07-30,Thursday,8,False,Traditional,7,CASH-112,Card (Local),7,1,True,28.76,100.3,33.2,23.1,30.4,15.4,0.0,,102.2,4
TXN-CRT-001-004840,2026-07-30 09:13:57,2026-07-30,Thursday,9,False,Traditional,5,CASH-107,Card (International),11,5,True,61.56,83.6,55.4,20.3,49.0,18.7,0.0,,143.4,3
TXN-CRT-001-004841,2026-07-30 09:14:05,2026-07-30,Thursday,9,False,Express (<10 items),13,CASH-136,Flous (Mobile),8,5,True,51.82,167.8,58.0,35.7,24.5,25.7,0.0,,143.8,3
TXN-CRT-001-004842,2026-07-30 09:20:57,2026-07-30,Thursday,9,False,Express (<10 items),12,CASH-145,Check,11,3,True,38.43,71.2,37.2,41.1,50.5,20.9,0.0,,149.7,4
TXN-CRT-001-004843,2026-07-30 09:31:46,2026-07-30,Thursday,9,False,Traditional,4,CASH-118,Cash,8,3,True,32.5,46.3,24.6,23.3,48.5,25.1,0.0,,121.6,4
TXN-CRT-001-004844,2026-07-30 09:38:48,2026-07-30,Thursday,9,False,Traditional,8,CASH-115,Card (Local),18,6,True,65.54,54.6,134.9,45.0,25.4,16.1,0.0,,221.4,4
TXN-CRT-001-004845,2026-07-30 09:39:37,2026-07-30,Thursday,9,False,Traditional,4,CASH-135,Cash,28,8,True,275.34,25.3,75.0,41.6,54.9,36.3,0.0,,207.9,4
TXN-CRT-001-004846,2026-07-30 09:41:23,2026-07-30,Thursday,9,False,Traditional,4,CASH-103,Cash,28,3,True,214.6,39.5,195.6,19.9,61.6,27.5,0.0,,304.6,3
TXN-CRT-001-004847,2026-07-30 09:54:38,2026-07-30,Thursday,9,False,Express (<10 items),13,CASH-141,Flous (Mobile),12,1,True,64.13,8.1,66.6,21.2,26.0,31.6,0.0,,145.4,4
TXN-CRT-001-004848,2026-07-30 09:58:43,2026-07-30,Thursday,9,False,Traditional,2,CASH-119,Cash,49,8,True,206.11,44.9,136.2,26.8,54.4,31.9,0.0,,249.4,4
TXN-CRT-001-004849,2026-07-30 10:09:06,2026-07-30,Thursday,10,False,Traditional,3,CASH-130,Card (Local),19,1,True,144.3,101.8,132.6,17.6,23.4,32.5,0.0,,206.1,3
TXN-CRT-001-004850,2026-07-30 10:10:01,2026-07-30,Thursday,10,False,Traditional,2,CASH-117,Cash,13,2,True,55.68,179.1,76.4,16.4,25.9,27.0,0.0,,145.8,3
TXN-CRT-001-004851,2026-07-30 10:12:49,2026-07-30,Thursday,10,False,Express (<10 items),12,CASH-144,Card (Local),31,7,True,291.28,37.8,116.8,43.4,21.6,27.7,0.0,,209.5,4
TXN-CRT-001-004852,2026-07-30 10:20:36,2026-07-30,Thursday,10,False,Traditional,2,CASH-133,Check,24,4,True,207.67,76.8,148.2,31.5,86.9,27.3,0.0,,294.0,3
TXN-CRT-001-004853,2026-07-30 10:29:59,2026-07-30,Thursday,10,False,Traditional,2,CASH-115,Cash,25,3,True,227.23,46.3,129.7,23.2,44.4,38.3,0.0,,235.7,4
TXN-CRT-001-004854,2026-07-30 10:32:01,2026-07-30,Thursday,10,False,Traditional,1,CASH-101,Card (Local),7,2,True,26.33,37.2,21.2,20.9,27.2,21.1,0.0,,90.5,4
TXN-CRT-001-004855,2026-07-30 10:41:37,2026-07-30,Thursday,10,False,Traditional,2,CASH-108,Flous (Mobile),15,3,True,65.81,20.1,111.6,35.3,37.1,28.7,0.0,,212.7,4
TXN-CRT-001-004856,2026-07-30 10:44:04,2026-07-30,Thursday,10,False,Traditional,8,CASH-134,Cash,34,11,True,163.01,131.7,189.7,19.8,45.1,22.0,0.0,,276.7,3
TXN-CRT-001-004857,2026-07-30 10:49:15,2026-07-30,Thursday,10,False,Traditional,1,CASH-128,Cash,16,0,False,105.95,11.6,43.7,0.0,48.5,35.2,0.0,,127.4,4
TXN-CRT-001-004858,2026-07-30 10:49:31,2026-07-30,Thursday,10,False,Express (<10 items),12,CASH-136,Card (Local),22,8,True,117.66,67.8,90.6,41.1,29.2,16.7,0.0,,177.7,4
TXN-CRT-001-004859,2026-07-30 11:06:44,2026-07-30,Thursday,11,False,Self-Service,11,,Cash,18,8,True,100.54,14.6,88.9,43.1,53.2,22.5,0.0,,207.7,4
TXN-CRT-001-004860,2026-07-30 11:07:36,2026-07-30,Thursday,11,False,Self-Service,10,,Cash,32,9,True,162.58,31.9,208.3,59.4,33.3,39.4,0.0,,340.4,4
TXN-CRT-001-004861,2026-07-30 11:17:28,2026-07-30,Thursday,11,False,Traditional,7,CASH-135,Flous (Mobile),10,3,True,54.54,127.1,45.9,38.2,34.5,30.1,0.0,,148.8,3
TXN-CRT-001-004862,2026-07-30 11:22:26,2026-07-30,Thursday,11,False,Traditional,1,CASH-102,Card (Local),18,7,True,61.61,19.4,45.0,35.9,23.1,27.6,0.0,,131.6,4
TXN-CRT-001-004863,2026-07-30 11:27:23,2026-07-30,Thursday,11,False,Traditional,2,CASH-130,Flous (Mobile),5,0,False,21.61,63.3,22.2,0.0,32.2,24.0,0.0,,78.4,3
TXN-CRT-001-004864,2026-07-30 11:30:45,2026-07-30,Thursday,11,False,Traditional,8,CASH-124,Card (International),22,11,True,146.97,112.0,147.5,17.5,43.4,28.9,0.0,,237.4,3
TXN-CRT-001-004865,2026-07-30 11:33:46,2026-07-30,Thursday,11,False,Traditional,1,CASH-115,Card (Local),24,8,True,92.2,66.3,75.6,17.6,18.3,27.0,0.0,,138.5,3
TXN-CRT-001-004866,2026-07-30 11:34:18,2026-07-30,Thursday,11,False,Traditional,8,CASH-115,Cash,2,1,True,5.61,68.5,8.0,25.8,65.4,15.6,0.0,,114.9,4
TXN-CRT-001-004867,2026-07-30 11:37:01,2026-07-30,Thursday,11,False,Traditional,5,CASH-124,Cash,22,5,True,230.88,65.6,79.6,20.9,43.9,17.8,0.0,,162.2,3
TXN-CRT-001-004868,2026-07-30 11:38:01,2026-07-30,Thursday,11,False,Traditional,1,CASH-125,Cash,13,3,True,71.03,96.8,88.7,43.3,50.1,29.8,0.0,,211.9,4
TXN-CRT-001-004869,2026-07-30 11:39:34,2026-07-30,Thursday,11,False,Traditional,4,CASH-129,Flous (Mobile),5,2,True,36.46,109.8,14.9,35.6,22.4,26.9,0.0,,99.7,3
TXN-CRT-001-004870,2026-07-30 11:43:27,2026-07-30,Thursday,11,False,Traditional,3,CASH-128,Cash,13,4,True,103.93,60.4,68.0,21.5,70.1,31.5,0.0,,191.1,4
TXN-CRT-001-004871,2026-07-30 11:47:07,2026-07-30,Thursday,11,False,Traditional,6,CASH-101,Cash,7,2,True,33.97,53.4,51.1,43.1,58.4,19.2,151.4,Promo code issue,323.2,3
TXN-CRT-001-004872,2026-07-30 11:54:35,2026-07-30,Thursday,11,False,Traditional,2,CASH-102,Cash,13,1,True,44.83,13.8,90.4,32.2,32.7,34.3,0.0,,189.6,4
TXN-CRT-001-004873,2026-07-30 11:58:49,2026-07-30,Thursday,11,False,Traditional,5,CASH-117,Cash,12,2,True,54.84,25.9,44.4,15.3,65.0,23.7,135.4,Promo code issue,283.9,3
TXN-CRT-001-004874,2026-07-30 12:05:59,2026-07-30,Thursday,12,False,Traditional,6,CASH-112,Cash,25,6,True,227.6,64.6,159.6,26.0,56.3,38.8,0.0,,280.9,4
TXN-CRT-001-004875,2026-07-30 12:07:04,2026-07-30,Thursday,12,False,Traditional,3,CASH-131,Card (Local),27,5,True,242.5,8.8,106.6,17.9,32.6,16.0,0.0,,173.1,4
TXN-CRT-001-004876,2026-07-30 12:09:04,2026-07-30,Thursday,12,False,Traditional,6,CASH-103,Cash,19,3,True,126.98,23.7,127.6,23.7,52.9,28.7,0.0,,232.8,4
TXN-CRT-001-004877,2026-07-30 12:11:35,2026-07-30,Thursday,12,False,Traditional,2,CASH-133,Cash,1,0,False,3.87,38.3,7.0,0.0,66.7,37.6,0.0,,111.2,4
TXN-CRT-001-004878,2026-07-30 12:17:09,2026-07-30,Thursday,12,False,Traditional,8,CASH-116,Cash,43,10,True,314.85,17.4,320.0,43.1,67.3,35.3,0.0,,465.6,4
TXN-CRT-001-004879,2026-07-30 12:20:27,2026-07-30,Thursday,12,False,Traditional,2,CASH-127,Card (Local),22,5,True,191.24,24.3,141.2,23.7,26.4,35.9,0.0,,227.2,4
TXN-CRT-001-004880,2026-07-30 12:29:11,2026-07-30,Thursday,12,False,Traditional,3,CASH-122,Card (Local),2,0,False,11.15,68.4,6.9,0.0,34.0,27.5,0.0,,68.4,4
TXN-CRT-001-004881,2026-07-30 12:30:08,2026-07-30,Thursday,12,False,Traditional,3,CASH-119,Cash,30,11,True,126.66,45.7,88.3,34.9,29.3,39.4,0.0,,191.9,4
TXN-CRT-001-004882,2026-07-30 12:32:54,2026-07-30,Thursday,12,False,Traditional,3,CASH-134,Card (Local),7,3,True,29.94,81.6,20.8,15.2,22.8,19.4,0.0,,78.2,4
TXN-CRT-001-004883,2026-07-30 12:34:36,2026-07-30,Thursday,12,False,Traditional,8,CASH-120,Cash,18,6,True,79.73,36.8,89.2,21.6,28.3,22.8,0.0,,161.9,4
TXN-CRT-001-004884,2026-07-30 12:35:10,2026-07-30,Thursday,12,False,Traditional,7,CASH-113,Flous (Mobile),14,2,True,36.46,45.2,104.6,18.2,32.5,16.7,0.0,,172.0,4
TXN-CRT-001-004885,2026-07-30 12:35:12,2026-07-30,Thursday,12,False,Traditional,5,CASH-114,Cash,13,4,True,92.55,59.4,66.9,15.5,28.1,33.8,0.0,,144.3,4
TXN-CRT-001-004886,2026-07-30 12:37:39,2026-07-30,Thursday,12,False,Self-Service,9,,Card (Local),38,10,True,124.31,25.6,173.1,71.3,20.9,23.5,0.0,,288.7,4
TXN-CRT-001-004887,2026-07-30 12:38:44,2026-07-30,Thursday,12,False,Traditional,4,CASH-133,Flous (Mobile),14,7,True,93.84,71.3,76.2,22.7,20.2,17.3,0.0,,136.4,4
TXN-CRT-001-004888,2026-07-30 12:43:38,2026-07-30,Thursday,12,False,Traditional,8,CASH-101,Card (International),3,1,True,14.75,20.3,11.2,38.6,41.1,19.0,0.0,,109.9,4
TXN-CRT-001-004889,2026-07-30 12:49:19,2026-07-30,Thursday,12,False,Traditional,3,CASH-124,Cash,44,11,True,305.97,28.1,250.0,40.9,69.0,29.5,0.0,,389.4,4
TXN-CRT-001-004890,2026-07-30 12:57:15,2026-07-30,Thursday,12,False,Traditional,3,CASH-114,Cash,41,13,True,189.85,32.6,203.4,19.4,39.4,31.1,0.0,,293.3,4
TXN-CRT-001-004891,2026-07-30 12:58:22,2026-07-30,Thursday,12,False,Traditional,1,CASH-127,Card (Local),22,3,True,153.56,29.7,159.6,24.7,19.3,33.3,0.0,,236.8,4
TXN-CRT-001-004892,2026-07-30 13:00:11,2026-07-30,Thursday,13,False,Traditional,6,CASH-115,Cash,15,1,True,61.75,52.0,106.5,27.8,53.7,17.5,0.0,,205.4,4
TXN-CRT-001-004893,2026-07-30 13:00:47,2026-07-30,Thursday,13,False,Traditional,5,CASH-117,Card (International),4,1,True,30.25,29.8,22.7,37.3,29.9,37.8,0.0,,127.7,4
TXN-CRT-001-004894,2026-07-30 13:05:37,2026-07-30,Thursday,13,False,Traditional,3,CASH-129,Card (Local),28,4,True,231.23,42.6,156.9,28.3,26.3,16.1,0.0,,227.6,4
TXN-CRT-001-004895,2026-07-30 13:08:29,2026-07-30,Thursday,13,False,Traditional,3,CASH-106,Card (Local),3,0,False,21.83,105.2,21.9,0.0,19.8,27.9,0.0,,69.6,3
TXN-CRT-001-004896,2026-07-30 13:11:44,2026-07-30,Thursday,13,False,Traditional,2,CASH-125,Cash,3,1,True,19.18,111.4,17.8,33.1,59.9,30.2,106.6,Supervisor approval needed,247.6,2
TXN-CRT-001-004897,2026-07-30 13:15:00,2026-07-30,Thursday,13,False,Traditional,7,CASH-132,Card (Local),17,3,True,85.48,0.6,61.4,30.7,20.2,33.6,0.0,,146.0,4
TXN-CRT-001-004898,2026-07-30 13:29:28,2026-07-30,Thursday,13,False,Traditional,3,CASH-133,Card (Local),6,2,True,32.3,68.3,18.6,29.1,28.8,34.5,0.0,,111.0,4
TXN-CRT-001-004899,2026-07-30 13:32:57,2026-07-30,Thursday,13,False,Traditional,7,CASH-103,Flous (Mobile),1,1,True,6.67,6.6,6.9,19.1,28.1,32.1,0.0,,86.2,4
TXN-CRT-001-004900,2026-07-30 13:35:18,2026-07-30,Thursday,13,False,Self-Service,11,,Cash,13,2,True,35.99,71.7,109.7,77.0,61.4,49.3,0.0,,297.5,3
TXN-CRT-001-004901,2026-07-30 13:37:42,2026-07-30,Thursday,13,False,Traditional,6,CASH-117,Cash,6,1,True,22.14,93.9,35.2,35.3,50.1,30.9,0.0,,151.4,3
TXN-CRT-001-004902,2026-07-30 13:40:46,2026-07-30,Thursday,13,False,Traditional,5,CASH-129,Cash,6,0,False,25.81,33.9,26.3,0.0,47.8,37.6,0.0,,111.7,4
TXN-CRT-001-004903,2026-07-30 13:43:38,2026-07-30,Thursday,13,False,Traditional,7,CASH-104,Cash,4,0,False,13.23,113.4,20.8,0.0,46.2,36.0,0.0,,103.0,3
TXN-CRT-001-004904,2026-07-30 13:46:18,2026-07-30,Thursday,13,False,Traditional,4,CASH-123,Card (Local),8,0,False,61.6,26.3,46.5,0.0,23.4,37.7,0.0,,107.7,4
TXN-CRT-001-004905,2026-07-30 13:51:43,2026-07-30,Thursday,13,False,Self-Service,9,,Flous (Mobile),24,3,True,191.59,101.5,171.2,65.2,30.1,21.2,0.0,,287.7,4
TXN-CRT-001-004906,2026-07-30 13:52:17,2026-07-30,Thursday,13,False,Traditional,1,CASH-120,Cash,29,7,True,157.87,92.2,77.4,39.4,51.2,19.8,0.0,,187.9,3
TXN-CRT-001-004907,2026-07-30 13:59:26,2026-07-30,Thursday,13,False,Express (<10 items),12,CASH-140,Flous (Mobile),14,3,True,83.42,13.0,78.0,42.0,31.3,22.0,0.0,,173.3,4
TXN-CRT-001-004908,2026-07-30 14:07:58,2026-07-30,Thursday,14,False,Traditional,4,CASH-123,Cash,16,5,True,62.72,36.3,95.3,42.8,60.9,25.9,0.0,,224.9,4
TXN-CRT-001-004909,2026-07-30 14:11:29,2026-07-30,Thursday,14,False,Traditional,5,CASH-109,Cash,2,1,True,10.6,10.7,9.0,25.1,27.6,21.1,0.0,,82.9,4
TXN-CRT-001-004910,2026-07-30 14:23:49,2026-07-30,Thursday,14,False,Traditional,5,CASH-111,Cash,3,1,True,17.36,17.9,21.1,26.0,67.0,15.1,0.0,,129.2,4
TXN-CRT-001-004911,2026-07-30 14:36:11,2026-07-30,Thursday,14,False,Self-Service,10,,Cash,9,2,True,59.49,115.9,56.0,55.1,35.5,22.0,0.0,,168.7,3
TXN-CRT-001-004912,2026-07-30 14:37:04,2026-07-30,Thursday,14,False,Traditional,8,CASH-124,Flous (Mobile),17,2,True,109.7,71.4,96.7,30.4,28.8,29.0,0.0,,185.0,4
TXN-CRT-001-004913,2026-07-30 14:37:30,2026-07-30,Thursday,14,False,Traditional,1,CASH-133,Cash,25,7,True,146.72,29.5,141.1,30.8,25.8,19.1,0.0,,216.7,4
TXN-CRT-001-004914,2026-07-30 14:44:07,2026-07-30,Thursday,14,False,Traditional,5,CASH-112,Card (Local),19,4,True,117.96,7.1,111.7,19.7,29.2,23.7,0.0,,184.3,4
TXN-CRT-001-004915,2026-07-30 14:46:09,2026-07-30,Thursday,14,False,Traditional,8,CASH-117,Cash,12,1,True,39.94,10.1,82.2,30.0,55.9,20.4,0.0,,188.6,4
TXN-CRT-001-004916,2026-07-30 14:58:52,2026-07-30,Thursday,14,False,Self-Service,11,,Flous (Mobile),5,2,True,18.61,43.1,44.1,57.1,34.6,41.8,0.0,,177.5,4
TXN-CRT-001-004917,2026-07-30 15:09:29,2026-07-30,Thursday,15,False,Traditional,6,CASH-107,Cash,27,6,True,178.1,120.0,158.3,38.5,25.5,18.2,0.0,,240.5,4
TXN-CRT-001-004918,2026-07-30 15:09:49,2026-07-30,Thursday,15,False,Traditional,1,CASH-119,Cash,12,2,True,61.47,85.0,69.0,25.4,39.1,34.3,0.0,,167.8,3
TXN-CRT-001-004919,2026-07-30 15:15:00,2026-07-30,Thursday,15,False,Traditional,5,CASH-135,Cash,25,9,True,252.43,44.5,72.3,39.8,40.5,36.3,111.9,Barcode not scanning,300.8,3
TXN-CRT-001-004920,2026-07-30 15:18:50,2026-07-30,Thursday,15,False,Traditional,8,CASH-101,Cash,16,6,True,79.47,44.5,83.3,26.9,31.2,32.6,0.0,,174.0,4
TXN-CRT-001-004921,2026-07-30 15:28:22,2026-07-30,Thursday,15,False,Express (<10 items),12,CASH-144,Cash,25,5,True,120.17,60.0,80.9,33.9,66.4,24.4,0.0,,205.7,4
TXN-CRT-001-004922,2026-07-30 15:31:01,2026-07-30,Thursday,15,False,Traditional,3,CASH-129,Flous (Mobile),40,9,True,235.03,106.2,184.5,39.9,39.5,36.5,0.0,,300.3,3
TXN-CRT-001-004923,2026-07-30 15:39:59,2026-07-30,Thursday,15,False,Traditional,1,CASH-117,Card (Local),41,11,True,230.77,21.5,153.9,27.5,20.4,32.4,0.0,,234.2,4
TXN-CRT-001-004924,2026-07-30 15:48:21,2026-07-30,Thursday,15,False,Self-Service,10,,Card (Local),17,5,True,82.52,59.2,126.8,38.0,24.5,36.8,0.0,,226.1,4
TXN-CRT-001-004925,2026-07-30 15:49:23,2026-07-30,Thursday,15,False,Traditional,7,CASH-121,Card (Local),16,1,True,99.42,17.0,46.7,36.4,20.4,17.5,0.0,,121.0,4
TXN-CRT-001-004926,2026-07-30 15:53:58,2026-07-30,Thursday,15,False,Traditional,6,CASH-112,Cash,9,2,True,66.56,55.9,40.4,28.5,28.2,36.6,99.8,Payment terminal error,233.4,4
TXN-CRT-001-004927,2026-07-30 15:56:26,2026-07-30,Thursday,15,False,Traditional,2,CASH-107,Cash,43,16,True,275.88,44.0,131.4,23.0,41.7,30.3,0.0,,226.4,4
TXN-CRT-001-004928,2026-07-30 15:58:58,2026-07-30,Thursday,15,False,Traditional,6,CASH-133,Check,14,2,True,69.23,11.2,46.1,41.7,63.8,17.0,0.0,,168.6,4
TXN-CRT-001-004929,2026-07-30 16:03:53,2026-07-30,Thursday,16,False,Traditional,4,CASH-113,Flous (Mobile),6,3,True,25.33,60.1,33.2,43.0,39.5,18.7,45.7,Promo code issue,180.2,3
TXN-CRT-001-004930,2026-07-30 16:10:47,2026-07-30,Thursday,16,False,Self-Service,11,,Flous (Mobile),14,6,True,38.17,32.7,124.2,35.0,26.2,23.3,0.0,,208.7,4
TXN-CRT-001-004931,2026-07-30 16:16:49,2026-07-30,Thursday,16,False,Traditional,8,CASH-107,Flous (Mobile),6,1,True,35.27,36.2,17.7,22.1,21.8,39.4,0.0,,101.0,4
TXN-CRT-001-004932,2026-07-30 16:19:45,2026-07-30,Thursday,16,False,Traditional,8,CASH-103,Cash,15,5,True,112.53,23.6,56.8,17.6,45.4,38.6,0.0,,158.4,4
TXN-CRT-001-004933,2026-07-30 16:31:56,2026-07-30,Thursday,16,False,Express (<10 items),13,CASH-141,Cash,18,3,True,135.57,54.9,77.6,20.5,37.4,20.2,0.0,,155.6,4
TXN-CRT-001-004934,2026-07-30 16:40:03,2026-07-30,Thursday,16,False,Traditional,3,CASH-134,Cash,11,4,True,64.13,52.1,47.5,17.2,64.7,33.9,0.0,,163.3,4
TXN-CRT-001-004935,2026-07-30 16:50:07,2026-07-30,Thursday,16,False,Traditional,7,CASH-131,Cash,3,1,True,20.93,82.1,8.8,34.7,45.3,15.6,0.0,,104.4,3
TXN-CRT-001-004936,2026-07-30 17:05:04,2026-07-30,Thursday,17,False,Traditional,7,CASH-125,Cash,44,9,True,223.87,65.0,154.0,30.4,60.7,27.7,0.0,,272.8,3
TXN-CRT-001-004937,2026-07-30 17:10:25,2026-07-30,Thursday,17,False,Self-Service,11,,Cash,27,8,True,224.81,23.9,146.9,34.9,70.0,29.5,0.0,,281.3,4
TXN-CRT-001-004938,2026-07-30 17:11:24,2026-07-30,Thursday,17,False,Traditional,4,CASH-134,Card (Local),32,10,True,165.19,85.1,90.3,32.0,25.0,20.8,0.0,,168.1,4
TXN-CRT-001-004939,2026-07-30 17:11:35,2026-07-30,Thursday,17,False,Traditional,3,CASH-126,Flous (Mobile),12,2,True,45.8,99.8,31.2,26.8,28.7,25.7,0.0,,112.3,3
TXN-CRT-001-004940,2026-07-30 17:19:27,2026-07-30,Thursday,17,False,Traditional,6,CASH-117,Card (International),26,4,True,155.94,26.8,166.4,29.4,37.7,17.5,0.0,,250.9,4
TXN-CRT-001-004941,2026-07-30 17:19:46,2026-07-30,Thursday,17,False,Traditional,7,CASH-125,Flous (Mobile),15,2,True,65.08,38.3,57.4,24.3,26.8,21.9,0.0,,130.3,4
TXN-CRT-001-004942,2026-07-30 17:24:32,2026-07-30,Thursday,17,False,Traditional,4,CASH-105,Cash,7,2,True,40.12,32.0,36.7,28.0,63.5,16.6,0.0,,144.8,4
TXN-CRT-001-004943,2026-07-30 17:33:07,2026-07-30,Thursday,17,False,Traditional,5,CASH-118,Cash,5,3,True,35.83,50.5,17.9,42.5,53.5,31.7,0.0,,145.7,4
TXN-CRT-001-004944,2026-07-30 17:36:43,2026-07-30,Thursday,17,False,Traditional,3,CASH-106,Card (Local),11,4,True,54.49,24.9,46.8,37.7,32.2,21.9,0.0,,138.6,4
TXN-CRT-001-004945,2026-07-30 17:57:36,2026-07-30,Thursday,17,False,Traditional,8,CASH-125,Cash,6,1,True,30.17,81.0,26.4,21.3,32.7,32.8,0.0,,113.1,3
TXN-CRT-001-004946,2026-07-30 18:03:16,2026-07-30,Thursday,18,False,Express (<10 items),13,CASH-141,Cash,50,13,True,264.33,20.3,187.5,42.1,32.2,26.4,74.9,Item return/exchange,363.1,2
TXN-CRT-001-004947,2026-07-30 18:04:50,2026-07-30,Thursday,18,False,Traditional,8,CASH-132,Cash,2,0,False,5.3,35.7,10.8,0.0,68.3,25.7,0.0,,104.8,4
TXN-CRT-001-004948,2026-07-30 18:17:52,2026-07-30,Thursday,18,False,Traditional,6,CASH-105,Cash,14,2,True,93.0,63.3,98.3,23.4,62.6,39.1,0.0,,223.5,4
TXN-CRT-001-004949,2026-07-30 18:20:48,2026-07-30,Thursday,18,False,Traditional,3,CASH-117,Cash,14,3,True,53.48,50.5,68.0,15.8,55.5,17.5,0.0,,156.8,4
TXN-CRT-001-004950,2026-07-30 18:29:43,2026-07-30,Thursday,18,False,Traditional,3,CASH-107,Cash,10,2,True,46.41,52.4,57.4,25.9,71.5,17.4,0.0,,172.1,4
TXN-CRT-001-004951,2026-07-30 18:33:20,2026-07-30,Thursday,18,False,Traditional,6,CASH-132,Cash,18,5,True,86.57,18.3,64.0,32.0,61.7,18.8,0.0,,176.5,4
TXN-CRT-001-004952,2026-07-30 18:50:55,2026-07-30,Thursday,18,False,Traditional,3,CASH-129,Card (Local),6,3,True,30.69,44.3,43.5,26.7,23.4,39.9,0.0,,133.6,4
TXN-CRT-001-004953,2026-07-30 18:51:28,2026-07-30,Thursday,18,False,Traditional,1,CASH-120,Cash,27,7,True,143.54,96.8,142.1,25.8,62.3,18.0,0.0,,248.2,3
TXN-CRT-001-004954,2026-07-30 18:51:42,2026-07-30,Thursday,18,False,Traditional,7,CASH-108,Cash,11,3,True,28.86,78.1,75.0,33.2,60.4,39.5,0.0,,208.1,4
TXN-CRT-001-004955,2026-07-30 18:53:31,2026-07-30,Thursday,18,False,Traditional,2,CASH-102,Cash,19,3,True,138.06,38.9,60.8,38.1,70.5,20.3,0.0,,189.7,4
TXN-CRT-001-004956,2026-07-30 18:53:34,2026-07-30,Thursday,18,False,Traditional,7,CASH-121,Cash,24,12,True,156.89,49.8,111.3,41.1,62.9,17.8,0.0,,233.2,4
TXN-CRT-001-004957,2026-07-30 18:54:34,2026-07-30,Thursday,18,False,Traditional,6,CASH-126,Card (International),38,11,True,206.11,57.2,270.5,34.7,29.2,24.1,0.0,,358.5,3
TXN-CRT-001-004958,2026-07-30 18:58:30,2026-07-30,Thursday,18,False,Traditional,2,CASH-127,Card (International),31,11,True,136.85,114.4,165.9,29.8,35.0,32.0,0.0,,262.8,4
TXN-CRT-001-004959,2026-07-30 18:58:38,2026-07-30,Thursday,18,False,Traditional,3,CASH-113,Card (Local),19,4,True,80.64,34.0,48.2,33.6,19.5,26.8,0.0,,128.1,4
TXN-CRT-001-004960,2026-07-30 19:01:35,2026-07-30,Thursday,19,False,Traditional,3,CASH-109,Cash,12,3,True,61.1,77.2,84.9,19.5,36.4,39.6,0.0,,180.4,4
TXN-CRT-001-004961,2026-07-30 19:09:09,2026-07-30,Thursday,19,False,Traditional,1,CASH-127,Card (Local),15,4,True,54.64,50.4,46.7,36.9,24.1,17.1,0.0,,124.9,4
TXN-CRT-001-004962,2026-07-30 19:10:03,2026-07-30,Thursday,19,False,Traditional,6,CASH-112,Card (Local),26,5,True,199.67,96.6,110.8,20.0,30.8,36.5,0.0,,198.1,3
TXN-CRT-001-004963,2026-07-30 19:13:29,2026-07-30,Thursday,19,False,Traditional,3,CASH-118,Cash,36,10,True,273.82,103.4,219.3,44.4,59.9,30.8,0.0,,354.5,3
TXN-CRT-001-004964,2026-07-30 19:15:16,2026-07-30,Thursday,19,False,Traditional,3,CASH-128,Card (Local),5,3,True,30.19,52.9,30.5,44.9,29.8,29.4,0.0,,134.5,4
TXN-CRT-001-004965,2026-07-30 19:16:35,2026-07-30,Thursday,19,False,Traditional,5,CASH-114,Cash,12,2,True,33.07,29.7,77.6,35.0,29.5,35.8,0.0,,177.9,4
TXN-CRT-001-004966,2026-07-30 19:19:09,2026-07-30,Thursday,19,False,Traditional,2,CASH-103,Card (Local),27,4,True,258.2,94.7,139.3,33.3,20.9,28.4,0.0,,221.9,4
TXN-CRT-001-004967,2026-07-30 19:21:40,2026-07-30,Thursday,19,False,Express (<10 items),12,CASH-138,Card (Local),13,4,True,89.44,49.0,49.2,39.4,19.6,19.9,0.0,,128.1,4
TXN-CRT-001-004968,2026-07-30 19:22:32,2026-07-30,Thursday,19,False,Traditional,6,CASH-122,Cash,11,2,True,50.04,15.0,54.4,21.4,46.6,31.1,0.0,,153.3,4
TXN-CRT-001-004969,2026-07-30 19:22:56,2026-07-30,Thursday,19,False,Express (<10 items),13,CASH-143,Card (International),13,4,True,58.03,11.5,85.5,34.8,41.0,37.0,0.0,,198.3,4
TXN-CRT-001-004970,2026-07-30 19:28:29,2026-07-30,Thursday,19,False,Traditional,4,CASH-135,Cash,19,6,True,100.4,49.2,115.6,21.5,32.0,18.5,0.0,,187.5,4
TXN-CRT-001-004971,2026-07-30 19:28:56,2026-07-30,Thursday,19,False,Traditional,1,CASH-127,Cash,50,11,True,229.03,2.6,233.2,28.6,68.5,33.1,0.0,,363.5,3
TXN-CRT-001-004972,2026-07-30 19:29:32,2026-07-30,Thursday,19,False,Self-Service,9,,Check,15,5,True,59.23,32.5,139.7,33.9,90.0,48.0,0.0,,311.6,4
TXN-CRT-001-004973,2026-07-30 19:30:24,2026-07-30,Thursday,19,False,Traditional,6,CASH-122,Check,8,2,True,30.74,99.2,57.7,31.2,63.8,30.3,0.0,,183.0,4
TXN-CRT-001-004974,2026-07-30 19:33:42,2026-07-30,Thursday,19,False,Traditional,6,CASH-115,Cash,6,3,True,47.45,111.8,29.0,35.9,47.1,22.8,0.0,,134.8,4
TXN-CRT-001-004975,2026-07-30 19:41:02,2026-07-30,Thursday,19,False,Traditional,7,CASH-122,Cash,2,1,True,13.81,99.3,5.8,25.3,54.3,31.7,133.7,Supervisor approval needed,250.8,3
TXN-CRT-001-004976,2026-07-30 19:43:46,2026-07-30,Thursday,19,False,Traditional,4,CASH-131,Cash,17,6,True,103.71,49.9,106.7,21.5,54.0,30.8,0.0,,213.0,4
TXN-CRT-001-004977,2026-07-30 19:58:56,2026-07-30,Thursday,19,False,Traditional,7,CASH-125,Cash,17,1,True,82.02,23.7,113.5,34.9,62.7,21.9,0.0,,233.1,4
TXN-CRT-001-004978,2026-07-30 20:01:15,2026-07-30,Thursday,20,False,Traditional,4,CASH-127,Flous (Mobile),8,1,True,30.82,106.4,43.1,32.6,26.4,15.1,0.0,,117.2,3
TXN-CRT-001-004979,2026-07-30 20:02:15,2026-07-30,Thursday,20,False,Traditional,8,CASH-126,Check,23,3,True,252.99,55.7,137.7,28.5,55.9,35.2,0.0,,257.3,4
TXN-CRT-001-004980,2026-07-30 20:05:57,2026-07-30,Thursday,20,False,Traditional,3,CASH-130,Card (Local),25,6,True,209.23,14.5,152.1,38.5,30.6,31.7,94.2,Supervisor approval needed,347.2,3
TXN-CRT-001-004981,2026-07-30 20:14:15,2026-07-30,Thursday,20,False,Express (<10 items),13,CASH-139,Cash,9,4,True,42.88,52.1,38.6,18.1,46.4,19.3,59.3,Payment terminal error,181.8,3
TXN-CRT-001-004982,2026-07-30 20:17:33,2026-07-30,Thursday,20,False,Traditional,3,CASH-128,Card (Local),11,3,True,87.02,95.4,51.9,18.7,28.4,22.1,0.0,,121.2,4
TXN-CRT-001-004983,2026-07-30 20:22:04,2026-07-30,Thursday,20,False,Traditional,5,CASH-102,Cash,49,15,True,367.56,5.7,162.9,30.5,54.2,18.2,0.0,,265.9,4
TXN-CRT-001-004984,2026-07-30 20:22:32,2026-07-30,Thursday,20,False,Traditional,3,CASH-115,Flous (Mobile),12,2,True,74.29,43.1,40.3,30.6,35.1,39.5,0.0,,145.5,4
TXN-CRT-001-004985,2026-07-30 20:23:39,2026-07-30,Thursday,20,False,Traditional,1,CASH-110,Flous (Mobile),26,6,True,144.41,120.9,107.0,27.7,22.7,16.3,0.0,,173.7,3
TXN-CRT-001-004986,2026-07-30 20:25:54,2026-07-30,Thursday,20,False,Traditional,7,CASH-107,Card (Local),14,6,True,55.04,49.7,94.9,30.3,18.4,26.8,0.0,,170.3,4
TXN-CRT-001-004987,2026-07-30 20:27:45,2026-07-30,Thursday,20,False,Traditional,7,CASH-108,Cash,28,6,True,154.42,18.4,70.6,30.0,69.9,19.3,154.1,Barcode not scanning,343.9,2
TXN-CRT-001-004988,2026-07-30 20:29:31,2026-07-30,Thursday,20,False,Traditional,2,CASH-111,Cash,26,8,True,194.58,88.2,88.0,18.5,57.3,35.0,0.0,,198.8,3
TXN-CRT-001-004989,2026-07-30 20:38:54,2026-07-30,Thursday,20,False,Traditional,6,CASH-118,Cash,21,4,True,206.36,72.4,67.6,34.1,58.9,27.3,0.0,,187.9,4
TXN-CRT-001-004990,2026-07-30 20:44:26,2026-07-30,Thursday,20,False,Traditional,5,CASH-121,Card (International),34,13,True,259.59,55.7,93.4,19.7,46.6,29.5,0.0,,189.3,4
TXN-CRT-001-004991,2026-07-30 20:46:17,2026-07-30,Thursday,20,False,Express (<10 items),12,CASH-144,Cash,43,11,True,238.32,19.0,252.1,24.5,26.1,34.9,0.0,,337.5,4
TXN-CRT-001-004992,2026-07-30 20:48:59,2026-07-30,Thursday,20,False,Traditional,6,CASH-128,Cash,18,6,True,52.79,61.4,60.2,32.9,71.2,18.4,0.0,,182.8,4
TXN-CRT-001-004993,2026-07-30 20:53:25,2026-07-30,Thursday,20,False,Traditional,2,CASH-106,Cash,8,0,False,50.34,77.2,38.5,0.0,73.8,29.3,0.0,,141.6,4
TXN-CRT-001-004994,2026-07-30 20:56:18,2026-07-30,Thursday,20,False,Traditional,4,CASH-123,Card (International),13,3,True,75.25,14.4,66.7,25.0,40.3,35.2,0.0,,167.2,4
TXN-CRT-001-004995,2026-07-30 21:02:35,2026-07-30,Thursday,21,False,Traditional,4,CASH-118,Cash,26,9,True,210.32,59.6,185.7,20.1,64.5,20.8,0.0,,291.0,4
TXN-CRT-001-004996,2026-07-30 21:15:33,2026-07-30,Thursday,21,False,Self-Service,11,,Flous (Mobile),21,8,True,228.39,40.0,145.3,66.2,32.8,20.4,0.0,,264.7,4
TXN-CRT-001-004997,2026-07-30 21:18:13,2026-07-30,Thursday,21,False,Traditional,2,CASH-131,Flous (Mobile),7,0,False,20.84,9.4,36.2,0.0,29.8,34.7,87.0,Barcode not scanning,187.7,3
TXN-CRT-001-004998,2026-07-30 21:21:43,2026-07-30,Thursday,21,False,Traditional,4,CASH-133,Check,3,0,False,9.18,41.5,9.7,0.0,59.1,27.7,0.0,,96.4,4
TXN-CRT-001-004999,2026-07-30 21:25:49,2026-07-30,Thursday,21,False,Traditional,1,CASH-120,Cash,22,5,True,212.44,34.8,116.8,32.6,66.1,19.0,0.0,,234.5,4
TXN-CRT-001-005000,2026-07-30 21:41:01,2026-07-30,Thursday,21,False,Traditional,1,CASH-117,Cash,9,1,True,59.57,45.0,46.9,18.5,42.9,34.5,0.0,,142.8,4
